segment_id,timestamp,zone,congestion_index,seasonal_z,iso_score,iso_anomaly,z_anomaly,anomaly_agreement,incident_count
SEG001,2024-01-01 08:00:00,Central,1.0,2.371,-0.055,1,0,0,1
SEG001,2024-01-03 09:00:00,Central,1.0,3.285,-0.06,1,1,1,1
SEG001,2024-01-03 10:00:00,Central,1.0,3.687,-0.0002,1,1,1,0
SEG001,2024-01-04 18:00:00,Central,1.0,2.707,-0.0332,1,0,0,1
SEG001,2024-01-09 12:00:00,Central,1.0,4.271,-0.0448,1,1,1,1
SEG001,2024-01-09 22:00:00,Central,1.0,6.443,-0.022,1,1,1,1
SEG001,2024-01-11 18:00:00,Central,1.0,2.707,-0.0491,1,0,0,1
SEG001,2024-01-11 19:00:00,Central,1.0,4.012,-0.0201,1,1,1,0
SEG001,2024-01-14 20:00:00,Central,1.0,4.306,-0.021,1,1,1,1
SEG001,2024-01-15 09:00:00,Central,1.0,3.2,-0.0582,1,1,1,1
SEG001,2024-01-16 18:00:00,Central,1.0,3.014,-0.0551,1,1,1,1
SEG001,2024-01-16 19:00:00,Central,1.0,3.988,-0.0371,1,1,1,0
SEG001,2024-01-19 16:00:00,Central,1.0,2.454,-0.0504,1,0,0,1
SEG001,2024-01-25 07:00:00,Central,1.0,4.574,-0.0229,1,1,1,1
SEG001,2024-01-25 08:00:00,Central,1.0,2.365,-0.0016,1,0,0,0
SEG001,2024-01-25 15:00:00,Central,1.0,4.266,-0.0387,1,1,1,1
SEG001,2024-02-06 19:00:00,Central,1.0,3.988,-0.0746,1,1,1,1
SEG001,2024-02-07 19:00:00,Central,1.0,3.528,-0.0363,1,1,1,1
SEG001,2024-02-24 13:00:00,Central,1.0,4.848,-0.0515,1,1,1,1
SEG001,2024-02-24 17:00:00,Central,1.0,4.507,-0.0453,1,1,1,1
SEG001,2024-02-24 18:00:00,Central,1.0,4.664,-0.0021,1,1,1,0
SEG001,2024-02-26 08:00:00,Central,1.0,2.371,-0.0256,1,0,0,1
SEG001,2024-02-26 09:00:00,Central,1.0,3.2,-0.0177,1,1,1,0
SEG001,2024-02-27 16:00:00,Central,1.0,3.413,-0.0822,1,1,1,1
SEG001,2024-02-27 17:00:00,Central,1.0,2.833,-0.0414,1,0,0,0
SEG001,2024-03-01 08:00:00,Central,1.0,2.544,-0.0396,1,0,0,0
SEG001,2024-03-14 08:00:00,Central,1.0,2.365,-0.0319,1,0,0,1
SEG001,2024-03-14 16:00:00,Central,1.0,3.026,-0.0362,1,1,1,1
SEG001,2024-03-21 08:00:00,Central,1.0,2.365,-0.028,1,0,0,1
SEG001,2024-03-21 09:00:00,Central,1.0,3.244,-0.0365,1,1,1,0
SEG001,2024-03-21 14:00:00,Central,1.0,4.651,-0.0692,1,1,1,1
SEG001,2024-03-27 10:00:00,Central,1.0,3.687,-0.0267,1,1,1,1
SEG001,2024-03-27 11:00:00,Central,1.0,5.525,-0.0012,1,1,1,1
SEG001,2024-04-02 11:00:00,Central,1.0,5.548,-0.0385,1,1,1,1
SEG001,2024-04-02 12:00:00,Central,1.0,4.271,-0.027,1,1,1,0
SEG001,2024-04-05 06:00:00,Central,1.0,5.248,-0.0512,1,1,1,1
SEG001,2024-04-05 08:00:00,Central,1.0,2.544,-0.0172,1,0,0,0
SEG001,2024-04-17 09:00:00,Central,1.0,3.285,-0.0434,1,1,1,1
SEG001,2024-04-20 07:00:00,Central,1.0,5.254,-0.0507,1,1,1,1
SEG001,2024-04-20 08:00:00,Central,1.0,3.481,-0.021,1,1,1,0
SEG001,2024-04-24 19:00:00,Central,1.0,3.528,-0.0511,1,1,1,1
SEG001,2024-04-29 08:00:00,Central,1.0,2.371,-0.0344,1,0,0,1
SEG001,2024-05-05 10:00:00,Central,1.0,6.005,-0.0348,1,1,1,1
SEG001,2024-05-15 17:00:00,Central,1.0,2.633,-0.0105,1,0,0,1
SEG001,2024-05-21 20:00:00,Central,1.0,5.285,-0.0367,1,1,1,1
SEG001,2024-05-24 08:00:00,Central,1.0,2.544,-0.0245,1,0,0,1
SEG001,2024-05-24 09:00:00,Central,1.0,2.454,-0.0034,1,0,0,0
SEG001,2024-05-29 08:00:00,Central,0.9744,3.152,-0.0069,1,1,1,1
SEG001,2024-06-14 09:00:00,Central,0.9494,2.096,-0.033,1,0,0,1
SEG001,2024-06-15 20:00:00,Central,1.0,5.744,-0.0192,1,1,1,1
SEG001,2024-06-16 07:00:00,Central,1.0,5.259,-0.0665,1,1,1,1
SEG001,2024-06-19 17:00:00,Central,1.0,2.633,-0.0427,1,0,0,1
SEG001,2024-06-28 12:00:00,Central,1.0,3.215,-0.0497,1,1,1,1
SEG001,2024-06-28 16:00:00,Central,1.0,2.454,-0.0154,1,0,0,1
SEG001,2024-06-28 17:00:00,Central,1.0,2.279,-0.0782,1,0,0,0
SEG001,2024-06-28 18:00:00,Central,1.0,2.328,-0.0376,1,0,0,0
SEG001,2024-07-01 10:00:00,Central,1.0,4.426,-0.0445,1,1,1,1
SEG001,2024-07-02 18:00:00,Central,1.0,3.014,-0.033,1,1,1,1
SEG001,2024-07-06 08:00:00,Central,1.0,3.481,-0.0091,1,1,1,1
SEG001,2024-07-08 08:00:00,Central,1.0,2.371,-0.0179,1,0,0,1
SEG001,2024-07-09 05:00:00,Central,1.0,6.5,-0.0854,1,1,1,1
SEG001,2024-07-12 09:00:00,Central,0.9379,2.014,-0.0148,1,0,0,1
SEG001,2024-07-12 14:00:00,Central,1.0,5.295,-0.0334,1,1,1,1
SEG001,2024-07-12 15:00:00,Central,1.0,3.628,-0.0052,1,1,1,0
SEG001,2024-07-12 16:00:00,Central,1.0,2.454,-0.0134,1,0,0,0
SEG001,2024-07-17 17:00:00,Central,1.0,2.633,-0.0226,1,0,0,1
SEG001,2024-07-19 11:00:00,Central,1.0,3.604,-0.0427,1,1,1,1
SEG001,2024-07-19 12:00:00,Central,1.0,3.215,-0.0166,1,1,1,0
SEG001,2024-07-19 15:00:00,Central,1.0,3.628,-0.0675,1,1,1,1
SEG001,2024-08-02 17:00:00,Central,1.0,2.279,-0.0219,1,0,0,1
SEG001,2024-08-02 18:00:00,Central,1.0,2.328,-0.0548,1,0,0,1
SEG001,2024-08-02 19:00:00,Central,1.0,4.649,-0.0128,1,1,1,0
SEG001,2024-08-13 08:00:00,Central,1.0,3.057,-0.0118,1,1,1,1
SEG001,2024-08-29 16:00:00,Central,1.0,3.026,-0.0227,1,1,1,1
SEG001,2024-08-29 18:00:00,Central,1.0,2.707,-0.0503,1,0,0,0
SEG001,2024-08-30 09:00:00,Central,1.0,2.454,-0.0751,1,0,0,1
SEG001,2024-08-30 10:00:00,Central,1.0,4.072,-0.0409,1,1,1,0
SEG001,2024-08-31 12:00:00,Central,1.0,3.628,-0.0136,1,1,1,1
SEG001,2024-09-02 17:00:00,Central,1.0,3.057,-0.057,1,1,1,1
SEG001,2024-09-04 22:00:00,Central,1.0,6.193,-0.0167,1,1,1,1
SEG001,2024-09-11 07:00:00,Central,1.0,4.812,-0.0358,1,1,1,1
SEG001,2024-09-11 08:00:00,Central,1.0,3.437,-0.0208,1,1,1,0
SEG001,2024-09-11 09:00:00,Central,1.0,3.285,-0.011,1,1,1,1
SEG001,2024-09-14 19:00:00,Central,1.0,5.233,-0.0009,1,1,1,1
SEG001,2024-09-17 21:00:00,Central,1.0,6.356,-0.0545,1,1,1,1
SEG001,2024-09-18 13:00:00,Central,1.0,4.346,-0.0688,1,1,1,1
SEG001,2024-09-19 17:00:00,Central,0.9302,2.078,-0.0115,1,0,0,1
SEG001,2024-09-20 11:00:00,Central,1.0,3.604,-0.0273,1,1,1,1
SEG001,2024-09-20 12:00:00,Central,1.0,3.215,-0.0393,1,1,1,0
SEG001,2024-09-28 21:00:00,Central,1.0,5.906,-0.0364,1,1,1,1
SEG001,2024-10-04 18:00:00,Central,1.0,2.328,-0.0385,1,0,0,1
SEG001,2024-10-06 11:00:00,Central,1.0,5.729,-0.0113,1,1,1,1
SEG001,2024-10-13 09:00:00,Central,1.0,5.854,-0.0183,1,1,1,1
SEG001,2024-10-13 19:00:00,Central,1.0,4.6,-0.039,1,1,1,1
SEG001,2024-10-17 17:00:00,Central,1.0,2.815,-0.0105,1,0,0,1
SEG001,2024-10-19 15:00:00,Central,1.0,6.254,-0.0493,1,1,1,1
SEG001,2024-10-23 18:00:00,Central,1.0,3.288,-0.05,1,1,1,1
SEG001,2024-10-23 19:00:00,Central,1.0,3.528,-0.0073,1,1,1,0
SEG001,2024-10-24 09:00:00,Central,1.0,3.244,-0.0515,1,1,1,1
SEG001,2024-10-24 10:00:00,Central,1.0,4.807,-0.0572,1,1,1,0
SEG001,2024-10-25 16:00:00,Central,1.0,2.454,-0.0385,1,0,0,1
SEG001,2024-10-25 17:00:00,Central,1.0,2.279,-0.0215,1,0,0,0
SEG001,2024-11-03 20:00:00,Central,1.0,4.306,-0.0385,1,1,1,1
SEG001,2024-11-06 14:00:00,Central,1.0,4.785,-0.0562,1,1,1,1
SEG001,2024-11-06 15:00:00,Central,1.0,5.126,-0.0244,1,1,1,0
SEG001,2024-11-08 08:00:00,Central,0.9069,1.57,-0.0102,1,0,0,0
SEG001,2024-11-10 14:00:00,Central,1.0,6.235,-0.0498,1,1,1,1
SEG001,2024-11-16 12:00:00,Central,1.0,3.628,-0.0864,1,1,1,1
SEG001,2024-11-21 22:00:00,Central,1.0,6.189,-0.0277,1,1,1,1
SEG001,2024-11-25 08:00:00,Central,1.0,2.371,-0.0522,1,0,0,1
SEG001,2024-11-25 09:00:00,Central,1.0,3.2,-0.0393,1,1,1,0
SEG001,2024-11-26 16:00:00,Central,1.0,3.413,-0.0585,1,1,1,1
SEG001,2024-11-27 20:00:00,Central,1.0,5.242,-0.0354,1,1,1,1
SEG001,2024-11-29 09:00:00,Central,1.0,2.454,-0.0598,1,0,0,1
SEG001,2024-11-29 18:00:00,Central,1.0,2.328,-0.0494,1,0,0,1
SEG001,2024-12-09 11:00:00,Central,1.0,4.954,-0.0531,1,1,1,1
SEG001,2024-12-09 12:00:00,Central,1.0,5.398,-0.0186,1,1,1,0
SEG001,2024-12-11 12:00:00,Central,1.0,4.786,-0.0152,1,1,1,1
SEG001,2024-12-12 17:00:00,Central,1.0,2.815,-0.05,1,0,0,1
SEG001,2024-12-12 18:00:00,Central,1.0,2.707,-0.0058,1,0,0,1
SEG001,2024-12-17 08:00:00,Central,0.905,2.081,-0.0163,1,0,0,0
SEG001,2024-12-28 12:00:00,Central,1.0,3.628,-0.0059,1,1,1,1
SEG002,2024-01-01 17:00:00,Central,0.9662,0.939,-0.0038,1,0,0,0
SEG002,2024-01-03 10:00:00,Central,1.0,4.117,-0.0111,1,1,1,1
SEG002,2024-01-05 09:00:00,Central,1.0,1.834,-0.0143,1,0,0,0
SEG002,2024-01-07 15:00:00,Central,1.0,4.075,-0.0315,1,1,1,1
SEG002,2024-01-07 16:00:00,Central,1.0,4.292,-0.031,1,1,1,0
SEG002,2024-01-08 08:00:00,Central,0.96,1.3,-0.0172,1,0,0,0
SEG002,2024-01-08 10:00:00,Central,1.0,3.838,-0.0268,1,1,1,1
SEG002,2024-01-20 13:00:00,Central,1.0,3.804,-0.0222,1,1,1,1
SEG002,2024-01-22 17:00:00,Central,1.0,1.231,-0.0415,1,0,0,1
SEG002,2024-01-22 18:00:00,Central,1.0,1.611,-0.0122,1,0,0,0
SEG002,2024-01-25 08:00:00,Central,0.9437,0.779,-0.0087,1,0,0,0
SEG002,2024-01-25 10:00:00,Central,1.0,3.653,-0.0118,1,1,1,1
SEG002,2024-01-29 08:00:00,Central,0.9813,1.54,-0.0162,1,0,0,0
SEG002,2024-01-31 08:00:00,Central,0.9917,1.686,-0.0257,1,0,0,0
SEG002,2024-02-01 16:00:00,Central,1.0,1.559,-0.0015,1,0,0,1
SEG002,2024-02-02 09:00:00,Central,1.0,1.834,-0.0245,1,0,0,1
SEG002,2024-02-02 18:00:00,Central,1.0,1.505,-0.0058,1,0,0,1
SEG002,2024-02-03 12:00:00,Central,1.0,4.626,-0.0018,1,1,1,1
SEG002,2024-02-06 16:00:00,Central,0.9887,1.902,-0.0042,1,0,0,1
SEG002,2024-02-08 18:00:00,Central,1.0,1.713,-0.019,1,0,0,0
SEG002,2024-02-09 08:00:00,Central,1.0,1.245,-0.0201,1,0,0,0
SEG002,2024-02-12 18:00:00,Central,1.0,1.611,-0.0468,1,0,0,1
SEG002,2024-02-16 15:00:00,Central,1.0,2.965,-0.0281,1,0,0,1
SEG002,2024-02-16 16:00:00,Central,1.0,1.733,-0.0509,1,0,0,0
SEG002,2024-02-23 13:00:00,Central,1.0,2.573,-0.0028,1,0,0,0
SEG002,2024-02-23 17:00:00,Central,1.0,1.363,-0.0113,1,0,0,0
SEG002,2024-02-27 07:00:00,Central,1.0,2.266,-0.0095,1,0,0,0
SEG002,2024-02-28 17:00:00,Central,0.977,1.249,-0.0174,1,0,0,0
SEG002,2024-02-29 08:00:00,Central,1.0,1.56,-0.0431,1,0,0,0
SEG002,2024-03-05 18:00:00,Central,0.9407,1.224,-0.0032,1,0,0,0
SEG002,2024-03-07 12:00:00,Central,1.0,3.724,-0.0257,1,1,1,1
SEG002,2024-03-08 07:00:00,Central,1.0,1.658,-0.0198,1,0,0,1
SEG002,2024-03-08 08:00:00,Central,1.0,1.245,-0.023,1,0,0,0
SEG002,2024-03-11 08:00:00,Central,0.9349,1.018,-0.0083,1,0,0,0
SEG002,2024-03-13 08:00:00,Central,1.0,1.784,-0.0331,1,0,0,0
SEG002,2024-03-13 17:00:00,Central,0.9759,1.238,-0.0076,1,0,0,0
SEG002,2024-03-14 08:00:00,Central,1.0,1.56,-0.0051,1,0,0,0
SEG002,2024-03-23 11:00:00,Central,1.0,4.311,-0.0101,1,1,1,0
SEG002,2024-03-23 17:00:00,Central,1.0,2.703,-0.0279,1,0,0,1
SEG002,2024-03-26 06:00:00,Central,1.0,3.935,-0.0073,1,1,1,1
SEG002,2024-03-26 07:00:00,Central,1.0,2.266,-0.0013,1,0,0,1
SEG002,2024-03-26 16:00:00,Central,0.941,1.433,-0.0017,1,0,0,0
SEG002,2024-04-01 17:00:00,Central,1.0,1.231,-0.0299,1,0,0,1
SEG002,2024-04-02 17:00:00,Central,1.0,1.49,-0.0169,1,0,0,0
SEG002,2024-04-02 22:00:00,Central,1.0,5.394,-0.0026,1,1,1,1
SEG002,2024-04-03 08:00:00,Central,0.9362,1.03,-0.0039,1,0,0,0
SEG002,2024-04-04 16:00:00,Central,0.9641,1.222,-0.0007,1,0,0,0
SEG002,2024-04-05 16:00:00,Central,0.9454,1.213,-0.0001,1,0,0,0
SEG002,2024-04-08 16:00:00,Central,0.9388,2.356,-0.0149,1,0,0,0
SEG002,2024-04-14 18:00:00,Central,1.0,2.7,-0.0074,1,0,0,1
SEG002,2024-04-18 17:00:00,Central,0.9299,0.582,-0.0015,1,0,0,0
SEG002,2024-04-19 08:00:00,Central,1.0,1.245,-0.0084,1,0,0,0
SEG002,2024-04-19 09:00:00,Central,0.9766,1.625,-0.017,1,0,0,0
SEG002,2024-04-23 17:00:00,Central,0.9297,0.738,-0.0098,1,0,0,0
SEG002,2024-04-24 18:00:00,Central,1.0,1.687,-0.0207,1,0,0,0
SEG002,2024-04-25 16:00:00,Central,1.0,1.559,-0.0472,1,0,0,1
SEG002,2024-04-25 17:00:00,Central,1.0,1.328,-0.0336,1,0,0,0
SEG002,2024-04-26 08:00:00,Central,0.9571,0.731,-0.0049,1,0,0,0
SEG002,2024-04-26 16:00:00,Central,1.0,1.733,-0.0462,1,0,0,0
SEG002,2024-04-26 17:00:00,Central,0.9562,0.701,-0.0085,1,0,0,0
SEG002,2024-04-26 18:00:00,Central,1.0,1.505,-0.0365,1,0,0,1
SEG002,2024-04-26 19:00:00,Central,1.0,2.562,-0.0068,1,0,0,0
SEG002,2024-04-29 08:00:00,Central,0.951,1.199,-0.0032,1,0,0,0
SEG002,2024-04-29 17:00:00,Central,0.9665,0.942,-0.0429,1,0,0,0
SEG002,2024-05-02 19:00:00,Central,1.0,3.501,-0.0257,1,1,1,1
SEG002,2024-05-03 18:00:00,Central,0.9795,1.243,-0.0314,1,0,0,0
SEG002,2024-05-07 17:00:00,Central,1.0,1.49,-0.0119,1,0,0,0
SEG002,2024-05-09 17:00:00,Central,0.9905,1.227,-0.0301,1,0,0,0
SEG002,2024-05-10 08:00:00,Central,0.9499,0.644,-0.0034,1,0,0,0
SEG002,2024-05-10 16:00:00,Central,0.9679,1.428,-0.0008,1,0,0,0
SEG002,2024-05-10 18:00:00,Central,0.9756,1.194,-0.0025,1,0,0,0
SEG002,2024-05-20 13:00:00,Central,1.0,4.246,-0.0011,1,1,1,0
SEG002,2024-05-20 17:00:00,Central,1.0,1.231,-0.0419,1,0,0,1
SEG002,2024-05-24 18:00:00,Central,0.987,1.339,-0.0408,1,0,0,0
SEG002,2024-05-28 13:00:00,Central,1.0,3.535,-0.0123,1,1,1,0
SEG002,2024-05-28 15:00:00,Central,0.9722,3.245,-0.0089,1,1,1,0
SEG002,2024-05-28 16:00:00,Central,1.0,2.013,-0.0479,1,0,0,0
SEG002,2024-05-30 18:00:00,Central,0.9877,1.581,-0.0108,1,0,0,0
SEG002,2024-05-31 18:00:00,Central,1.0,1.505,-0.0316,1,0,0,1
SEG002,2024-05-31 19:00:00,Central,1.0,2.562,-0.034,1,0,0,0
SEG002,2024-06-10 17:00:00,Central,1.0,1.231,-0.0204,1,0,0,0
SEG002,2024-06-10 18:00:00,Central,0.9714,1.345,-0.0208,1,0,0,0
SEG002,2024-06-14 13:00:00,Central,1.0,2.573,-0.0386,1,0,0,1
SEG002,2024-06-15 20:00:00,Central,1.0,4.349,-0.0089,1,1,1,1
SEG002,2024-06-17 17:00:00,Central,1.0,1.231,-0.0206,1,0,0,0
SEG002,2024-06-17 18:00:00,Central,1.0,1.611,-0.0061,1,0,0,0
SEG002,2024-06-18 16:00:00,Central,1.0,2.013,-0.0032,1,0,0,1
SEG002,2024-06-18 17:00:00,Central,1.0,1.49,-0.011,1,0,0,0
SEG002,2024-06-19 08:00:00,Central,0.9106,0.727,-0.0015,1,0,0,0
SEG002,2024-06-20 17:00:00,Central,0.9538,0.836,-0.0237,1,0,0,0
SEG002,2024-06-21 17:00:00,Central,0.9846,1.13,-0.0153,1,0,0,0
SEG002,2024-06-24 06:00:00,Central,1.0,4.994,-0.0171,1,1,1,1
SEG002,2024-06-24 17:00:00,Central,1.0,1.231,-0.0162,1,0,0,0
SEG002,2024-06-24 18:00:00,Central,0.9979,1.591,-0.0483,1,0,0,0
SEG002,2024-06-27 16:00:00,Central,0.9671,1.25,-0.0181,1,0,0,0
SEG002,2024-06-28 08:00:00,Central,0.9614,0.782,-0.0004,1,0,0,0
SEG002,2024-07-01 17:00:00,Central,1.0,1.231,-0.0218,1,0,0,0
SEG002,2024-07-02 21:00:00,Central,1.0,6.175,-0.0211,1,1,1,1
SEG002,2024-07-03 17:00:00,Central,1.0,1.482,-0.0312,1,0,0,0
SEG002,2024-07-04 16:00:00,Central,1.0,1.559,-0.0202,1,0,0,0
SEG002,2024-07-05 17:00:00,Central,0.9975,1.325,-0.0227,1,0,0,0
SEG002,2024-07-12 06:00:00,Central,1.0,2.907,-0.0161,1,0,0,1
SEG002,2024-07-15 08:00:00,Central,1.0,1.75,-0.0234,1,0,0,0
SEG002,2024-07-16 08:00:00,Central,0.986,1.846,-0.0078,1,0,0,0
SEG002,2024-07-16 17:00:00,Central,0.9272,0.711,-0.0012,1,0,0,0
SEG002,2024-07-17 06:00:00,Central,1.0,4.344,-0.0118,1,1,1,1
SEG002,2024-07-17 08:00:00,Central,1.0,1.784,-0.0157,1,0,0,0
SEG002,2024-07-19 06:00:00,Central,1.0,2.907,-0.0041,1,0,0,1
SEG002,2024-07-19 09:00:00,Central,0.9785,1.642,-0.0005,1,0,0,0
SEG002,2024-07-19 18:00:00,Central,0.9753,1.19,-0.0195,1,0,0,0
SEG002,2024-07-23 08:00:00,Central,1.0,2.008,-0.0306,1,0,0,0
SEG002,2024-07-23 17:00:00,Central,0.983,1.308,-0.0396,1,0,0,0
SEG002,2024-07-23 18:00:00,Central,1.0,1.868,-0.0173,1,0,0,1
SEG002,2024-07-25 19:00:00,Central,1.0,3.501,-0.0032,1,1,1,1
SEG002,2024-07-26 07:00:00,Central,1.0,1.658,-0.0347,1,0,0,0
SEG002,2024-07-26 08:00:00,Central,1.0,1.245,-0.0202,1,0,0,0
SEG002,2024-08-02 17:00:00,Central,1.0,1.363,-0.0291,1,0,0,0
SEG002,2024-08-02 18:00:00,Central,1.0,1.505,-0.0234,1,0,0,0
SEG002,2024-08-05 17:00:00,Central,0.9753,1.018,-0.0174,1,0,0,0
SEG002,2024-08-06 19:00:00,Central,1.0,2.699,-0.0407,1,0,0,1
SEG002,2024-08-07 20:00:00,Central,1.0,5.314,-0.0124,1,1,1,1
SEG002,2024-08-08 18:00:00,Central,1.0,1.713,-0.0296,1,0,0,0
SEG002,2024-08-09 17:00:00,Central,1.0,1.363,-0.0152,1,0,0,1
SEG002,2024-08-09 18:00:00,Central,1.0,1.505,-0.0264,1,0,0,0
SEG002,2024-08-12 08:00:00,Central,0.9674,1.383,-0.0308,1,0,0,0
SEG002,2024-08-12 17:00:00,Central,1.0,1.231,-0.003,1,0,0,1
SEG002,2024-08-12 18:00:00,Central,1.0,1.611,-0.0248,1,0,0,0
SEG002,2024-08-14 17:00:00,Central,1.0,1.482,-0.0204,1,0,0,0
SEG002,2024-08-14 18:00:00,Central,1.0,1.687,-0.0205,1,0,0,1
SEG002,2024-08-15 15:00:00,Central,1.0,2.572,-0.0184,1,0,0,1
SEG002,2024-08-15 18:00:00,Central,1.0,1.713,-0.0209,1,0,0,0
SEG002,2024-08-16 07:00:00,Central,1.0,1.658,-0.0364,1,0,0,1
SEG002,2024-08-19 17:00:00,Central,0.9844,1.096,-0.035,1,0,0,0
SEG002,2024-08-20 17:00:00,Central,1.0,1.49,-0.0507,1,0,0,0
SEG002,2024-08-21 17:00:00,Central,0.9691,1.17,-0.0214,1,0,0,0
SEG002,2024-08-22 09:00:00,Central,0.9648,1.807,-0.0123,1,0,0,0
SEG002,2024-08-22 17:00:00,Central,0.9681,0.988,-0.0032,1,0,0,0
SEG002,2024-08-23 16:00:00,Central,1.0,1.733,-0.0074,1,0,0,1
SEG002,2024-08-23 17:00:00,Central,1.0,1.363,-0.0627,1,0,0,0
SEG002,2024-08-27 17:00:00,Central,0.9822,1.299,-0.0523,1,0,0,0
SEG002,2024-08-28 18:00:00,Central,1.0,1.687,-0.0141,1,0,0,1
SEG002,2024-08-29 16:00:00,Central,1.0,1.559,-0.0012,1,0,0,0
SEG002,2024-08-30 08:00:00,Central,0.9692,0.876,-0.0115,1,0,0,0
SEG002,2024-08-31 07:00:00,Central,1.0,2.854,-0.0309,1,0,0,1
SEG002,2024-09-03 08:00:00,Central,0.9345,1.248,-0.0143,1,0,0,0
SEG002,2024-09-05 16:00:00,Central,1.0,1.559,-0.0517,1,0,0,0
SEG002,2024-09-05 17:00:00,Central,1.0,1.328,-0.0168,1,0,0,0
SEG002,2024-09-05 18:00:00,Central,1.0,1.713,-0.0273,1,0,0,0
SEG002,2024-09-06 08:00:00,Central,0.9601,0.767,-0.0117,1,0,0,0
SEG002,2024-09-06 17:00:00,Central,0.9746,0.979,-0.0036,1,0,0,0
SEG002,2024-09-06 18:00:00,Central,0.9285,0.592,-0.0074,1,0,0,0
SEG002,2024-09-11 14:00:00,Central,1.0,3.513,-0.0333,1,1,1,0
SEG002,2024-09-13 07:00:00,Central,1.0,1.658,-0.028,1,0,0,1
SEG002,2024-09-15 18:00:00,Central,1.0,2.7,-0.0258,1,0,0,0
SEG002,2024-09-18 17:00:00,Central,1.0,1.482,-0.0457,1,0,0,0
SEG002,2024-09-19 08:00:00,Central,0.9522,0.897,-0.0116,1,0,0,0
SEG002,2024-09-25 17:00:00,Central,1.0,1.482,-0.0026,1,0,0,1
SEG002,2024-09-27 18:00:00,Central,1.0,1.505,-0.0062,1,0,0,0
SEG002,2024-09-30 19:00:00,Central,1.0,3.822,-0.0046,1,1,1,1
SEG002,2024-10-01 08:00:00,Central,0.9374,1.282,-0.0131,1,0,0,0
SEG002,2024-10-03 08:00:00,Central,1.0,1.56,-0.0371,1,0,0,0
SEG002,2024-10-03 17:00:00,Central,0.9251,0.531,-0.0013,1,0,0,0
SEG002,2024-10-04 09:00:00,Central,1.0,1.834,-0.0134,1,0,0,0
SEG002,2024-10-07 08:00:00,Central,1.0,1.75,-0.0312,1,0,0,1
SEG002,2024-10-07 09:00:00,Central,0.9767,2.183,-0.0189,1,0,0,0
SEG002,2024-10-08 09:00:00,Central,1.0,2.529,-0.0112,1,0,0,1
SEG002,2024-10-09 17:00:00,Central,0.9868,1.348,-0.0121,1,0,0,0
SEG002,2024-10-11 07:00:00,Central,1.0,1.658,-0.0517,1,0,0,0
SEG002,2024-10-11 10:00:00,Central,1.0,3.248,-0.0046,1,1,1,1
SEG002,2024-10-11 11:00:00,Central,1.0,2.817,-0.006,1,0,0,0
SEG002,2024-10-16 17:00:00,Central,0.8916,0.387,-0.0014,1,0,0,0
SEG002,2024-10-17 08:00:00,Central,0.9967,1.514,-0.015,1,0,0,0
SEG002,2024-10-21 17:00:00,Central,0.9454,0.759,-0.0078,1,0,0,0
SEG002,2024-10-24 16:00:00,Central,1.0,1.559,-0.015,1,0,0,1
SEG002,2024-10-30 17:00:00,Central,1.0,1.482,-0.0199,1,0,0,1
SEG002,2024-10-31 08:00:00,Central,1.0,1.56,-0.0225,1,0,0,0
SEG002,2024-11-01 17:00:00,Central,0.9971,1.319,-0.0305,1,0,0,0
SEG002,2024-11-04 08:00:00,Central,0.9779,1.501,-0.0253,1,0,0,0
SEG002,2024-11-06 08:00:00,Central,0.8902,0.486,-0.0,1,0,0,0
SEG002,2024-11-06 18:00:00,Central,1.0,1.687,-0.0208,1,0,0,0
SEG002,2024-11-08 13:00:00,Central,1.0,2.573,-0.0168,1,0,0,1
SEG002,2024-11-08 16:00:00,Central,1.0,1.733,-0.0239,1,0,0,0
SEG002,2024-11-08 19:00:00,Central,1.0,2.562,-0.0199,1,0,0,0
SEG002,2024-11-11 18:00:00,Central,1.0,1.611,-0.0048,1,0,0,1
SEG002,2024-11-12 10:00:00,Central,1.0,3.5,-0.0103,1,1,1,0
SEG002,2024-11-13 18:00:00,Central,1.0,1.687,-0.0121,1,0,0,0
SEG002,2024-11-14 06:00:00,Central,1.0,4.92,-0.0156,1,1,1,1
SEG002,2024-11-15 08:00:00,Central,1.0,1.245,-0.0578,1,0,0,0
SEG002,2024-11-17 17:00:00,Central,1.0,3.961,-0.0521,1,1,1,1
SEG002,2024-11-17 18:00:00,Central,1.0,2.7,-0.023,1,0,0,0
SEG002,2024-11-19 17:00:00,Central,0.9805,1.281,-0.02,1,0,0,0
SEG002,2024-11-21 17:00:00,Central,1.0,1.328,-0.0119,1,0,0,0
SEG002,2024-11-21 18:00:00,Central,1.0,1.713,-0.031,1,0,0,0
SEG002,2024-11-22 08:00:00,Central,1.0,1.245,-0.019,1,0,0,0
SEG002,2024-11-22 16:00:00,Central,0.9969,1.704,-0.0307,1,0,0,0
SEG002,2024-11-23 15:00:00,Central,1.0,3.857,-0.0065,1,1,1,1
SEG002,2024-11-25 17:00:00,Central,1.0,1.231,-0.0207,1,0,0,1
SEG002,2024-11-25 18:00:00,Central,1.0,1.611,-0.005,1,0,0,0
SEG002,2024-11-26 17:00:00,Central,1.0,1.49,-0.0202,1,0,0,0
SEG002,2024-11-26 18:00:00,Central,1.0,1.868,-0.0239,1,0,0,0
SEG002,2024-11-29 08:00:00,Central,1.0,1.245,-0.0348,1,0,0,0
SEG002,2024-11-29 17:00:00,Central,1.0,1.363,-0.045,1,0,0,0
SEG002,2024-11-29 18:00:00,Central,1.0,1.505,-0.0234,1,0,0,0
SEG002,2024-12-03 17:00:00,Central,1.0,1.49,-0.0198,1,0,0,1
SEG002,2024-12-03 18:00:00,Central,1.0,1.868,-0.0106,1,0,0,0
SEG002,2024-12-04 14:00:00,Central,1.0,3.513,-0.0679,1,1,1,1
SEG002,2024-12-04 15:00:00,Central,1.0,3.52,-0.0125,1,1,1,0
SEG002,2024-12-05 17:00:00,Central,1.0,1.328,-0.0119,1,0,0,0
SEG002,2024-12-06 17:00:00,Central,1.0,1.363,-0.0162,1,0,0,0
SEG002,2024-12-09 17:00:00,Central,0.9596,0.882,-0.015,1,0,0,0
SEG002,2024-12-11 18:00:00,Central,0.9747,1.436,-0.0005,1,0,0,0
SEG002,2024-12-12 08:00:00,Central,0.9848,1.349,-0.0188,1,0,0,0
SEG002,2024-12-12 17:00:00,Central,0.978,1.094,-0.0403,1,0,0,0
SEG002,2024-12-13 17:00:00,Central,0.9429,0.501,-0.0074,1,0,0,0
SEG002,2024-12-17 08:00:00,Central,1.0,2.008,-0.0067,1,0,0,1
SEG002,2024-12-17 17:00:00,Central,1.0,1.49,-0.018,1,0,0,0
SEG002,2024-12-18 07:00:00,Central,1.0,2.35,-0.0214,1,0,0,1
SEG002,2024-12-18 08:00:00,Central,1.0,1.784,-0.0166,1,0,0,0
SEG002,2024-12-18 17:00:00,Central,0.9553,1.03,-0.0103,1,0,0,0
SEG002,2024-12-18 18:00:00,Central,0.917,0.864,-0.0042,1,0,0,0
SEG002,2024-12-21 13:00:00,Central,1.0,3.804,-0.0133,1,1,1,1
SEG002,2024-12-21 14:00:00,Central,1.0,4.507,-0.0119,1,1,1,0
SEG002,2024-12-25 08:00:00,Central,0.962,1.335,-0.0147,1,0,0,0
SEG002,2024-12-26 07:00:00,Central,0.9866,2.375,-0.0105,1,0,0,1
SEG002,2024-12-30 17:00:00,Central,0.9498,0.797,-0.0063,1,0,0,0
SEG003,2024-01-24 09:00:00,South,1.0,5.632,-0.0525,1,1,1,1
SEG003,2024-01-25 12:00:00,South,1.0,4.423,-0.0156,1,1,1,1
SEG003,2024-02-09 13:00:00,South,1.0,5.491,-0.0434,1,1,1,1
SEG003,2024-02-13 20:00:00,South,1.0,3.695,-0.0214,1,1,1,1
SEG003,2024-02-25 11:00:00,South,1.0,6.354,-0.0525,1,1,1,1
SEG003,2024-02-26 15:00:00,South,1.0,5.617,-0.0098,1,1,1,1
SEG003,2024-02-26 16:00:00,South,0.8898,4.238,-0.0096,1,1,1,0
SEG003,2024-03-02 10:00:00,South,1.0,5.457,-0.0186,1,1,1,1
SEG003,2024-03-20 22:00:00,South,0.9529,6.337,-0.0041,1,1,1,1
SEG003,2024-05-07 22:00:00,South,1.0,6.345,-0.0527,1,1,1,1
SEG003,2024-05-26 10:00:00,South,0.9597,4.515,-0.0067,1,1,1,1
SEG003,2024-05-30 20:00:00,South,1.0,5.776,-0.0054,1,1,1,1
SEG003,2024-06-11 14:00:00,South,1.0,5.714,-0.0193,1,1,1,1
SEG003,2024-06-20 08:00:00,South,1.0,4.381,-0.0525,1,1,1,1
SEG003,2024-06-26 07:00:00,South,1.0,5.226,-0.0047,1,1,1,1
SEG003,2024-06-26 08:00:00,South,1.0,4.511,-0.0219,1,1,1,0
SEG003,2024-07-12 18:00:00,South,1.0,3.459,-0.0488,1,1,1,1
SEG003,2024-07-12 19:00:00,South,0.9766,3.538,-0.0342,1,1,1,0
SEG003,2024-07-14 16:00:00,South,1.0,5.731,-0.01,1,1,1,1
SEG003,2024-07-22 18:00:00,South,1.0,3.022,-0.0119,1,1,1,1
SEG003,2024-08-05 17:00:00,South,1.0,3.869,-0.0525,1,1,1,1
SEG003,2024-08-05 18:00:00,South,1.0,3.022,-0.0431,1,1,1,0
SEG003,2024-08-18 20:00:00,South,1.0,6.332,-0.0402,1,1,1,1
SEG003,2024-08-28 17:00:00,South,1.0,4.056,-0.0525,1,1,1,1
SEG003,2024-09-28 06:00:00,South,1.0,6.179,-0.0216,1,1,1,1
SEG003,2024-10-05 17:00:00,South,1.0,5.097,-0.0381,1,1,1,1
SEG003,2024-10-18 14:00:00,South,1.0,5.472,-0.0006,1,1,1,1
SEG003,2024-10-30 19:00:00,South,1.0,4.34,-0.0339,1,1,1,1
SEG003,2024-12-02 17:00:00,South,1.0,3.869,-0.0047,1,1,1,1
SEG003,2024-12-02 18:00:00,South,1.0,3.022,-0.0415,1,1,1,0
SEG003,2024-12-18 19:00:00,South,1.0,4.34,-0.0193,1,1,1,1
SEG003,2024-12-19 17:00:00,South,1.0,4.385,-0.037,1,1,1,1
SEG004,2024-01-08 17:00:00,Central,1.0,3.718,-0.0589,1,1,1,1
SEG004,2024-01-11 16:00:00,Central,1.0,3.388,-0.0514,1,1,1,1
SEG004,2024-01-11 17:00:00,Central,1.0,3.372,-0.0294,1,1,1,1
SEG004,2024-01-11 18:00:00,Central,1.0,3.301,-0.0202,1,1,1,0
SEG004,2024-01-20 11:00:00,Central,1.0,5.706,-0.0729,1,1,1,1
SEG004,2024-01-21 07:00:00,Central,1.0,5.221,-0.0441,1,1,1,1
SEG004,2024-01-23 17:00:00,Central,1.0,3.282,-0.0218,1,1,1,1
SEG004,2024-01-24 15:00:00,Central,1.0,3.733,-0.0566,1,1,1,1
SEG004,2024-01-24 16:00:00,Central,0.9344,2.428,-0.0143,1,0,0,0
SEG004,2024-02-10 20:00:00,Central,1.0,5.795,-0.0708,1,1,1,1
SEG004,2024-02-13 09:00:00,Central,1.0,5.282,-0.0478,1,1,1,1
SEG004,2024-02-16 07:00:00,Central,1.0,4.217,-0.0027,1,1,1,1
SEG004,2024-02-19 09:00:00,Central,1.0,5.254,-0.0108,1,1,1,1
SEG004,2024-03-20 10:00:00,Central,1.0,5.35,-0.0565,1,1,1,1
SEG004,2024-04-03 07:00:00,Central,1.0,5.209,-0.0345,1,1,1,1
SEG004,2024-04-03 08:00:00,Central,1.0,3.883,-0.0169,1,1,1,0
SEG004,2024-04-04 08:00:00,Central,1.0,3.713,-0.0528,1,1,1,1
SEG004,2024-04-10 16:00:00,Central,1.0,2.896,-0.0707,1,0,0,1
SEG004,2024-04-10 17:00:00,Central,1.0,3.017,-0.0295,1,1,1,0
SEG004,2024-04-16 15:00:00,Central,1.0,3.888,-0.0565,1,1,1,1
SEG004,2024-04-16 16:00:00,Central,1.0,3.36,-0.0472,1,1,1,0
SEG004,2024-04-24 09:00:00,Central,1.0,5.128,-0.0438,1,1,1,1
SEG004,2024-04-25 17:00:00,Central,1.0,3.372,-0.0425,1,1,1,1
SEG004,2024-04-25 18:00:00,Central,1.0,3.301,-0.0523,1,1,1,0
SEG004,2024-05-04 17:00:00,Central,1.0,5.18,-0.0117,1,1,1,1
SEG004,2024-05-07 17:00:00,Central,0.9688,3.006,-0.0159,1,1,1,1
SEG004,2024-05-11 19:00:00,Central,1.0,5.532,-0.0559,1,1,1,1
SEG004,2024-05-29 17:00:00,Central,1.0,3.017,-0.0135,1,1,1,1
SEG004,2024-06-04 20:00:00,Central,1.0,5.623,-0.0665,1,1,1,1
SEG004,2024-06-07 21:00:00,Central,1.0,5.927,-0.0013,1,1,1,1
SEG004,2024-06-11 17:00:00,Central,1.0,3.282,-0.0187,1,1,1,1
SEG004,2024-06-11 18:00:00,Central,1.0,4.054,-0.0371,1,1,1,0
SEG004,2024-07-02 07:00:00,Central,1.0,3.88,-0.0632,1,1,1,1
SEG004,2024-07-04 19:00:00,Central,1.0,5.039,-0.0507,1,1,1,1
SEG004,2024-07-10 14:00:00,Central,1.0,5.586,-0.0221,1,1,1,1
SEG004,2024-07-10 15:00:00,Central,0.981,3.598,-0.01,1,1,1,0
SEG004,2024-07-24 16:00:00,Central,1.0,2.896,-0.0094,1,0,0,1
SEG004,2024-07-24 17:00:00,Central,1.0,3.017,-0.0537,1,1,1,0
SEG004,2024-07-24 18:00:00,Central,0.9515,2.806,-0.0067,1,0,0,0
SEG004,2024-07-29 08:00:00,Central,1.0,4.0,-0.0228,1,1,1,1
SEG004,2024-08-02 18:00:00,Central,1.0,4.011,-0.0203,1,1,1,1
SEG004,2024-08-08 18:00:00,Central,1.0,3.301,-0.049,1,1,1,1
SEG004,2024-08-28 15:00:00,Central,1.0,3.733,-0.0632,1,1,1,1
SEG004,2024-08-28 16:00:00,Central,1.0,2.896,-0.0191,1,0,0,0
SEG004,2024-09-13 16:00:00,Central,1.0,3.871,-0.0203,1,1,1,1
SEG004,2024-09-26 07:00:00,Central,1.0,4.618,-0.0227,1,1,1,1
SEG004,2024-09-26 13:00:00,Central,1.0,5.178,-0.0367,1,1,1,1
SEG004,2024-09-26 14:00:00,Central,1.0,5.535,-0.0328,1,1,1,0
SEG004,2024-10-01 21:00:00,Central,1.0,6.215,-0.0379,1,1,1,1
SEG004,2024-10-09 19:00:00,Central,1.0,4.769,-0.0548,1,1,1,1
SEG004,2024-10-23 18:00:00,Central,1.0,3.198,-0.0377,1,1,1,1
SEG004,2024-10-26 21:00:00,Central,1.0,4.383,-0.0284,1,1,1,1
SEG004,2024-10-27 12:00:00,Central,1.0,6.33,-0.002,1,1,1,1
SEG004,2024-10-29 07:00:00,Central,1.0,3.88,-0.0303,1,1,1,1
SEG004,2024-11-03 06:00:00,Central,1.0,6.407,-0.0567,1,1,1,1
SEG004,2024-11-05 16:00:00,Central,1.0,3.36,-0.0636,1,1,1,1
SEG004,2024-11-08 16:00:00,Central,1.0,3.871,-0.0226,1,1,1,1
SEG004,2024-11-10 16:00:00,Central,1.0,5.942,-0.0641,1,1,1,1
SEG004,2024-11-12 15:00:00,Central,1.0,3.888,-0.0438,1,1,1,1
SEG004,2024-11-14 16:00:00,Central,1.0,3.388,-0.0144,1,1,1,1
SEG004,2024-11-30 21:00:00,Central,1.0,4.383,-0.0379,1,1,1,1
SEG004,2024-12-04 08:00:00,Central,1.0,3.883,-0.0706,1,1,1,1
SEG004,2024-12-11 12:00:00,Central,0.9841,5.223,-0.04,1,1,1,1
SEG004,2024-12-23 19:00:00,Central,1.0,5.367,-0.0374,1,1,1,1
SEG006,2024-01-12 15:00:00,East,1.0,5.759,-0.0741,1,1,1,1
SEG006,2024-02-19 08:00:00,East,1.0,5.412,-0.077,1,1,1,1
SEG006,2024-02-27 20:00:00,East,1.0,5.892,-0.0941,1,1,1,1
SEG006,2024-03-04 06:00:00,East,1.0,6.155,-0.0861,1,1,1,1
SEG006,2024-04-13 07:00:00,East,1.0,4.308,-0.0909,1,1,1,1
SEG006,2024-04-20 07:00:00,East,1.0,4.308,-0.0898,1,1,1,1
SEG006,2024-04-23 18:00:00,East,1.0,4.13,-0.077,1,1,1,1
SEG006,2024-04-23 19:00:00,East,0.8621,4.695,-0.0021,1,1,1,0
SEG006,2024-04-28 11:00:00,East,0.9035,6.15,-0.0387,1,1,1,1
SEG006,2024-05-03 21:00:00,East,1.0,6.289,-0.0787,1,1,1,1
SEG006,2024-05-25 19:00:00,East,1.0,5.382,-0.0562,1,1,1,1
SEG006,2024-05-31 07:00:00,East,1.0,5.188,-0.0576,1,1,1,1
SEG006,2024-05-31 08:00:00,East,1.0,4.964,-0.0813,1,1,1,0
SEG006,2024-06-16 19:00:00,East,1.0,6.015,-0.0782,1,1,1,1
SEG006,2024-07-01 10:00:00,East,1.0,4.544,-0.0859,1,1,1,1
SEG006,2024-07-12 12:00:00,East,1.0,6.07,-0.0937,1,1,1,1
SEG006,2024-07-16 17:00:00,East,1.0,5.195,-0.0941,1,1,1,1
SEG006,2024-07-16 18:00:00,East,1.0,4.13,-0.0816,1,1,1,0
SEG006,2024-07-26 13:00:00,East,1.0,5.223,-0.0673,1,1,1,1
SEG006,2024-07-31 09:00:00,East,1.0,5.84,-0.0514,1,1,1,1
SEG006,2024-08-01 08:00:00,East,1.0,4.84,-0.0829,1,1,1,1
SEG006,2024-08-02 17:00:00,East,0.9316,4.199,-0.0606,1,1,1,1
SEG006,2024-08-26 10:00:00,East,1.0,4.544,-0.0709,1,1,1,1
SEG006,2024-08-27 07:00:00,East,1.0,4.595,-0.066,1,1,1,1
SEG006,2024-08-27 08:00:00,East,1.0,4.977,-0.0516,1,1,1,0
SEG006,2024-09-22 20:00:00,East,0.8915,6.203,-0.0241,1,1,1,1
SEG006,2024-09-28 18:00:00,East,1.0,5.798,-0.0923,1,1,1,1
SEG006,2024-10-03 22:00:00,East,1.0,6.526,-0.0782,1,1,1,1
SEG006,2024-10-16 13:00:00,East,1.0,6.217,-0.0903,1,1,1,1
SEG006,2024-10-22 10:00:00,East,1.0,6.186,-0.0633,1,1,1,1
SEG006,2024-11-07 06:00:00,East,1.0,5.72,-0.0438,1,1,1,1
SEG006,2024-11-07 07:00:00,East,0.9985,5.669,-0.0826,1,1,1,0
SEG006,2024-11-15 22:00:00,East,0.9204,6.27,-0.0592,1,1,1,1
SEG006,2024-11-19 06:00:00,East,1.0,6.004,-0.0941,1,1,1,1
SEG006,2024-11-19 07:00:00,East,0.8522,3.323,-0.0083,1,1,1,0
SEG006,2024-11-23 08:00:00,East,1.0,4.28,-0.0554,1,1,1,1
SEG006,2024-11-27 11:00:00,East,1.0,6.284,-0.0632,1,1,1,1
SEG006,2024-11-27 15:00:00,East,1.0,6.28,-0.0621,1,1,1,1
SEG006,2024-11-30 12:00:00,East,1.0,6.011,-0.0898,1,1,1,1
SEG006,2024-12-27 11:00:00,East,1.0,5.921,-0.0883,1,1,1,1
SEG007,2024-01-15 17:00:00,East,1.0,2.153,-0.0064,1,0,0,1
SEG007,2024-03-22 07:00:00,East,1.0,2.731,-0.0025,1,0,0,1
SEG007,2024-04-10 18:00:00,East,1.0,2.424,-0.0137,1,0,0,1
SEG008,2024-09-14 09:00:00,South,1.0,5.756,-0.0008,1,1,1,1
SEG009,2024-02-14 16:00:00,North,1.0,5.49,-0.0165,1,1,1,1
SEG009,2024-02-22 08:00:00,North,1.0,3.942,-0.0047,1,1,1,1
SEG009,2024-04-16 17:00:00,North,1.0,2.35,-0.0054,1,0,0,1
SEG009,2024-04-17 12:00:00,North,1.0,5.617,-0.0138,1,1,1,1
SEG009,2024-05-10 13:00:00,North,1.0,3.626,-0.0031,1,1,1,1
SEG009,2024-06-06 09:00:00,North,1.0,4.758,-0.0195,1,1,1,1
SEG009,2024-07-15 17:00:00,North,1.0,3.957,-0.0083,1,1,1,1
SEG009,2024-07-19 18:00:00,North,1.0,4.395,-0.0027,1,1,1,1
SEG009,2024-08-29 17:00:00,North,1.0,4.321,-0.0041,1,1,1,1
SEG009,2024-08-30 07:00:00,North,1.0,2.723,-0.0018,1,0,0,1
SEG009,2024-09-18 07:00:00,North,1.0,3.531,-0.0084,1,1,1,0
SEG009,2024-11-25 22:00:00,North,0.9847,6.532,-0.0266,1,1,1,1
SEG009,2024-11-29 17:00:00,North,1.0,3.504,-0.0041,1,1,1,1
SEG009,2024-12-02 07:00:00,North,0.9987,3.251,-0.0072,1,1,1,0
SEG009,2024-12-13 08:00:00,North,1.0,3.145,-0.0159,1,1,1,0
SEG010,2024-01-03 08:00:00,West,1.0,3.59,-0.0011,1,1,1,1
SEG010,2024-01-30 12:00:00,West,1.0,4.63,-0.0001,1,1,1,1
SEG010,2024-05-10 16:00:00,West,1.0,4.231,-0.0017,1,1,1,1
SEG010,2024-06-21 18:00:00,West,1.0,4.954,-0.0033,1,1,1,1
SEG010,2024-11-14 17:00:00,West,1.0,5.233,-0.0033,1,1,1,0
SEG011,2024-01-11 08:00:00,South,1.0,1.919,-0.005,1,0,0,1
SEG011,2024-02-23 17:00:00,South,1.0,1.582,-0.0229,1,0,0,0
SEG011,2024-02-28 08:00:00,South,1.0,2.102,-0.025,1,0,0,0
SEG011,2024-04-22 13:00:00,South,1.0,3.573,-0.0041,1,1,1,1
SEG011,2024-05-27 14:00:00,South,1.0,3.273,-0.0004,1,1,1,1
SEG011,2024-06-26 18:00:00,South,1.0,2.121,-0.0024,1,0,0,1
SEG011,2024-07-19 18:00:00,South,1.0,2.12,-0.0166,1,0,0,1
SEG011,2024-07-28 15:00:00,South,1.0,5.484,-0.0242,1,1,1,1
SEG011,2024-08-19 16:00:00,South,1.0,2.38,-0.0146,1,0,0,0
SEG011,2024-09-25 17:00:00,South,0.9705,1.713,-0.0023,1,0,0,0
SEG011,2024-11-06 17:00:00,South,1.0,2.046,-0.0106,1,0,0,1
SEG011,2024-11-18 17:00:00,South,1.0,2.005,-0.005,1,0,0,0
SEG011,2024-12-25 19:00:00,South,1.0,3.337,-0.0067,1,1,1,1
SEG012,2024-01-03 07:00:00,West,1.0,4.47,-0.0772,1,1,1,1
SEG012,2024-01-03 08:00:00,West,0.9687,3.515,-0.0018,1,1,1,0
SEG012,2024-01-24 21:00:00,West,1.0,6.186,-0.0585,1,1,1,1
SEG012,2024-02-03 08:00:00,West,1.0,5.644,-0.0471,1,1,1,1
SEG012,2024-02-22 18:00:00,West,1.0,3.962,-0.0771,1,1,1,1
SEG012,2024-02-28 18:00:00,West,1.0,5.593,-0.0305,1,1,1,1
SEG012,2024-03-09 20:00:00,West,0.972,6.23,-0.0272,1,1,1,1
SEG012,2024-04-14 18:00:00,West,1.0,6.091,-0.0889,1,1,1,1
SEG012,2024-04-18 08:00:00,West,1.0,3.562,-0.0903,1,1,1,1
SEG012,2024-04-30 19:00:00,West,1.0,5.906,-0.0391,1,1,1,1
SEG012,2024-05-09 10:00:00,West,1.0,5.98,-0.0672,1,1,1,1
SEG012,2024-05-09 17:00:00,West,1.0,4.404,-0.0471,1,1,1,1
SEG012,2024-05-16 21:00:00,West,1.0,6.263,-0.0756,1,1,1,1
SEG012,2024-05-31 16:00:00,West,1.0,5.567,-0.0566,1,1,1,1
SEG012,2024-05-31 17:00:00,West,1.0,4.197,-0.015,1,1,1,0
SEG012,2024-05-31 19:00:00,West,1.0,5.907,-0.0107,1,1,1,1
SEG012,2024-06-03 08:00:00,West,1.0,5.463,-0.0455,1,1,1,1
SEG012,2024-06-03 18:00:00,West,1.0,4.676,-0.0588,1,1,1,1
SEG012,2024-06-08 12:00:00,West,1.0,6.023,-0.0616,1,1,1,1
SEG012,2024-07-06 15:00:00,West,1.0,6.301,-0.0588,1,1,1,1
SEG012,2024-07-21 15:00:00,West,1.0,6.621,-0.0618,1,1,1,1
SEG012,2024-07-25 09:00:00,West,1.0,4.333,-0.0631,1,1,1,1
SEG012,2024-07-26 07:00:00,West,1.0,5.302,-0.03,1,1,1,1
SEG012,2024-07-26 08:00:00,West,1.0,4.275,-0.0525,1,1,1,0
SEG012,2024-07-30 16:00:00,West,1.0,5.192,-0.0467,1,1,1,1
SEG012,2024-07-31 07:00:00,West,1.0,4.47,-0.0908,1,1,1,1
SEG012,2024-07-31 08:00:00,West,1.0,3.743,-0.0481,1,1,1,0
SEG012,2024-08-02 08:00:00,West,1.0,4.275,-0.0604,1,1,1,1
SEG012,2024-08-05 09:00:00,West,1.0,5.101,-0.0723,1,1,1,1
SEG012,2024-08-14 08:00:00,West,1.0,3.743,-0.0689,1,1,1,1
SEG012,2024-08-15 18:00:00,West,1.0,3.962,-0.0629,1,1,1,1
SEG012,2024-08-18 13:00:00,West,1.0,6.465,-0.0427,1,1,1,1
SEG012,2024-08-20 17:00:00,West,1.0,5.718,-0.0844,1,1,1,1
SEG012,2024-09-02 12:00:00,West,1.0,6.155,-0.0251,1,1,1,1
SEG012,2024-09-05 08:00:00,West,1.0,3.562,-0.0305,1,1,1,1
SEG012,2024-09-06 13:00:00,West,1.0,6.072,-0.0474,1,1,1,1
SEG012,2024-09-11 14:00:00,West,1.0,6.18,-0.0383,1,1,1,1
SEG012,2024-09-12 20:00:00,West,1.0,6.041,-0.0305,1,1,1,1
SEG012,2024-10-31 16:00:00,West,1.0,5.518,-0.0643,1,1,1,1
SEG012,2024-10-31 17:00:00,West,1.0,4.404,-0.0371,1,1,1,0
SEG012,2024-11-04 06:00:00,West,1.0,6.353,-0.0432,1,1,1,1
SEG012,2024-11-28 07:00:00,West,1.0,5.629,-0.0352,1,1,1,1
SEG012,2024-11-28 08:00:00,West,0.9982,3.549,-0.0592,1,1,1,0
SEG012,2024-12-04 13:00:00,West,1.0,6.296,-0.0404,1,1,1,1
SEG012,2024-12-13 17:00:00,West,1.0,4.197,-0.0868,1,1,1,1
SEG012,2024-12-13 18:00:00,West,0.9579,4.321,-0.0106,1,1,1,0
SEG013,2024-01-04 13:00:00,East,1.0,5.286,-0.0529,1,1,1,1
SEG013,2024-01-11 08:00:00,East,1.0,2.789,-0.0443,1,0,0,1
SEG013,2024-01-15 15:00:00,East,1.0,4.108,-0.0536,1,1,1,1
SEG013,2024-01-24 21:00:00,East,1.0,6.093,-0.0849,1,1,1,1
SEG013,2024-01-27 09:00:00,East,1.0,5.214,-0.0128,1,1,1,1
SEG013,2024-01-28 08:00:00,East,1.0,4.221,-0.0388,1,1,1,1
SEG013,2024-02-01 17:00:00,East,1.0,2.59,-0.0283,1,0,0,1
SEG013,2024-02-01 18:00:00,East,1.0,2.623,-0.0325,1,0,0,0
SEG013,2024-02-04 13:00:00,East,1.0,6.046,-0.0055,1,1,1,1
SEG013,2024-02-07 08:00:00,East,0.9885,4.211,-0.0152,1,1,1,1
SEG013,2024-02-21 13:00:00,East,1.0,4.388,-0.0539,1,1,1,1
SEG013,2024-03-03 11:00:00,East,1.0,6.164,-0.0496,1,1,1,1
SEG013,2024-03-07 08:00:00,East,1.0,2.789,-0.0397,1,0,0,1
SEG013,2024-03-07 09:00:00,East,1.0,3.244,-0.0125,1,1,1,0
SEG013,2024-03-09 20:00:00,East,1.0,5.904,-0.0385,1,1,1,1
SEG013,2024-03-13 18:00:00,East,1.0,2.807,-0.0006,1,0,0,1
SEG013,2024-03-13 19:00:00,East,1.0,3.396,-0.0125,1,1,1,0
SEG013,2024-03-14 10:00:00,East,1.0,5.386,-0.0719,1,1,1,1
SEG013,2024-03-21 20:00:00,East,1.0,5.433,-0.03,1,1,1,1
SEG013,2024-03-25 20:00:00,East,1.0,3.781,-0.047,1,1,1,1
SEG013,2024-03-28 07:00:00,East,1.0,4.47,-0.0373,1,1,1,1
SEG013,2024-03-28 08:00:00,East,1.0,2.789,-0.022,1,0,0,0
SEG013,2024-03-28 16:00:00,East,1.0,4.038,-0.0699,1,1,1,1
SEG013,2024-03-28 17:00:00,East,1.0,2.59,-0.0716,1,0,0,0
SEG013,2024-04-07 19:00:00,East,1.0,5.621,-0.0121,1,1,1,1
SEG013,2024-04-08 13:00:00,East,1.0,5.716,-0.0164,1,1,1,1
SEG013,2024-04-28 18:00:00,East,1.0,5.311,-0.0186,1,1,1,1
SEG013,2024-05-02 18:00:00,East,1.0,2.623,-0.0553,1,0,0,1
SEG013,2024-05-02 19:00:00,East,1.0,4.014,-0.0403,1,1,1,0
SEG013,2024-05-05 20:00:00,East,1.0,6.13,-0.0164,1,1,1,1
SEG013,2024-05-07 12:00:00,East,1.0,5.365,-0.0686,1,1,1,1
SEG013,2024-05-07 13:00:00,East,1.0,4.291,-0.022,1,1,1,0
SEG013,2024-05-07 17:00:00,East,1.0,2.28,-0.014,1,0,0,0
SEG013,2024-05-08 13:00:00,East,1.0,4.388,-0.0258,1,1,1,1
SEG013,2024-05-12 17:00:00,East,1.0,5.05,-0.0639,1,1,1,1
SEG013,2024-05-17 12:00:00,East,1.0,3.632,-0.0347,1,1,1,1
SEG013,2024-05-17 13:00:00,East,0.9817,3.949,-0.0284,1,1,1,0
SEG013,2024-05-18 19:00:00,East,1.0,5.455,-0.0377,1,1,1,1
SEG013,2024-05-28 09:00:00,East,1.0,2.945,-0.0413,1,0,0,1
SEG013,2024-05-28 10:00:00,East,1.0,5.619,-0.0318,1,1,1,0
SEG013,2024-05-28 17:00:00,East,1.0,2.28,-0.0406,1,0,0,1
SEG013,2024-05-28 18:00:00,East,1.0,2.997,-0.0466,1,0,0,0
SEG013,2024-06-04 14:00:00,East,1.0,5.154,-0.0582,1,1,1,1
SEG013,2024-06-08 22:00:00,East,1.0,6.157,-0.0015,1,1,1,1
SEG013,2024-06-10 20:00:00,East,1.0,3.781,-0.0609,1,1,1,1
SEG013,2024-06-15 16:00:00,East,1.0,5.576,-0.027,1,1,1,1
SEG013,2024-06-16 06:00:00,East,1.0,4.673,-0.0288,1,1,1,1
SEG013,2024-06-16 10:00:00,East,1.0,6.249,-0.0381,1,1,1,1
SEG013,2024-06-18 08:00:00,East,1.0,2.847,-0.0746,1,0,0,1
SEG013,2024-06-18 09:00:00,East,1.0,2.945,-0.0011,1,0,0,0
SEG013,2024-06-19 19:00:00,East,1.0,3.396,-0.0515,1,1,1,1
SEG013,2024-06-20 21:00:00,East,1.0,5.799,-0.0209,1,1,1,1
SEG013,2024-06-20 22:00:00,East,0.952,6.211,-0.0242,1,1,1,1
SEG013,2024-06-22 12:00:00,East,1.0,3.536,-0.0458,1,1,1,1
SEG013,2024-06-24 17:00:00,East,1.0,3.131,-0.0517,1,1,1,1
SEG013,2024-06-24 18:00:00,East,1.0,3.495,-0.0172,1,1,1,0
SEG013,2024-06-26 06:00:00,East,1.0,5.352,-0.0229,1,1,1,1
SEG013,2024-07-08 20:00:00,East,1.0,3.781,-0.0577,1,1,1,1
SEG013,2024-07-14 16:00:00,East,1.0,4.369,-0.0394,1,1,1,1
SEG013,2024-07-19 07:00:00,East,1.0,3.523,-0.0369,1,1,1,1
SEG013,2024-07-19 08:00:00,East,1.0,2.83,-0.0145,1,0,0,0
SEG013,2024-07-21 06:00:00,East,1.0,4.673,-0.0326,1,1,1,1
SEG013,2024-07-23 17:00:00,East,1.0,2.28,-0.0373,1,0,0,1
SEG013,2024-08-02 10:00:00,East,1.0,4.121,-0.0026,1,1,1,1
SEG013,2024-08-02 11:00:00,East,0.9626,3.092,-0.0098,1,1,1,0
SEG013,2024-08-02 17:00:00,East,1.0,2.62,-0.0655,1,0,0,1
SEG013,2024-08-09 17:00:00,East,1.0,2.62,-0.011,1,0,0,1
SEG013,2024-08-09 18:00:00,East,1.0,3.015,-0.0099,1,1,1,0
SEG013,2024-08-12 09:00:00,East,1.0,4.073,-0.0491,1,1,1,1
SEG013,2024-08-12 10:00:00,East,0.9669,3.557,-0.0003,1,1,1,0
SEG013,2024-08-13 09:00:00,East,1.0,2.945,-0.0261,1,0,0,1
SEG013,2024-08-22 11:00:00,East,1.0,5.233,-0.0325,1,1,1,1
SEG013,2024-08-30 11:00:00,East,1.0,3.362,-0.0065,1,1,1,1
SEG013,2024-08-30 12:00:00,East,1.0,3.632,-0.0473,1,1,1,0
SEG013,2024-08-31 11:00:00,East,1.0,5.668,-0.0002,1,1,1,1
SEG013,2024-09-02 15:00:00,East,1.0,4.108,-0.008,1,1,1,1
SEG013,2024-09-03 16:00:00,East,1.0,3.914,-0.0861,1,1,1,1
SEG013,2024-09-03 17:00:00,East,1.0,2.28,-0.0465,1,0,0,0
SEG013,2024-09-16 11:00:00,East,1.0,5.165,-0.0625,1,1,1,1
SEG013,2024-09-16 19:00:00,East,1.0,4.289,-0.079,1,1,1,1
SEG013,2024-09-30 17:00:00,East,1.0,3.131,-0.0406,1,1,1,1
SEG013,2024-10-07 09:00:00,East,1.0,4.073,-0.0383,1,1,1,1
SEG013,2024-10-07 10:00:00,East,1.0,3.799,-0.0253,1,1,1,0
SEG013,2024-10-18 10:00:00,East,1.0,4.121,-0.0277,1,1,1,1
SEG013,2024-10-18 11:00:00,East,1.0,3.362,-0.0174,1,1,1,0
SEG013,2024-10-22 07:00:00,East,1.0,4.261,-0.0604,1,1,1,1
SEG013,2024-10-22 08:00:00,East,1.0,2.847,-0.0648,1,0,0,0
SEG013,2024-10-22 09:00:00,East,1.0,2.945,-0.0365,1,0,0,0
SEG013,2024-10-23 16:00:00,East,1.0,4.435,-0.0167,1,1,1,1
SEG013,2024-10-23 17:00:00,East,1.0,3.062,-0.0279,1,1,1,0
SEG013,2024-10-23 18:00:00,East,0.9955,2.77,-0.0242,1,0,0,0
SEG013,2024-11-03 08:00:00,East,1.0,4.221,-0.0525,1,1,1,1
SEG013,2024-11-09 07:00:00,East,1.0,4.899,-0.0904,1,1,1,1
SEG013,2024-11-09 08:00:00,East,1.0,4.536,-0.054,1,1,1,0
SEG013,2024-11-12 13:00:00,East,1.0,4.291,-0.0605,1,1,1,1
SEG013,2024-11-14 17:00:00,East,1.0,2.59,-0.0582,1,0,0,1
SEG013,2024-11-14 18:00:00,East,1.0,2.623,-0.0008,1,0,0,0
SEG013,2024-11-21 17:00:00,East,1.0,2.59,-0.035,1,0,0,1
SEG013,2024-11-21 18:00:00,East,1.0,2.623,-0.0476,1,0,0,0
SEG013,2024-11-22 17:00:00,East,0.9635,2.228,-0.0179,1,0,0,0
SEG013,2024-11-24 16:00:00,East,1.0,4.369,-0.0445,1,1,1,1
SEG013,2024-12-03 17:00:00,East,1.0,2.28,-0.0289,1,0,0,1
SEG013,2024-12-03 18:00:00,East,1.0,2.997,-0.0457,1,0,0,0
SEG013,2024-12-11 17:00:00,East,1.0,3.062,-0.024,1,1,1,1
SEG013,2024-12-11 18:00:00,East,1.0,2.807,-0.0157,1,0,0,0
SEG013,2024-12-14 12:00:00,East,1.0,3.536,-0.0319,1,1,1,1
SEG013,2024-12-16 10:00:00,East,1.0,3.799,-0.0091,1,1,1,1
SEG013,2024-12-24 08:00:00,East,1.0,2.847,-0.0383,1,0,0,1
SEG013,2024-12-27 18:00:00,East,1.0,3.015,-0.0172,1,1,1,1
SEG013,2024-12-27 22:00:00,East,1.0,6.351,-0.0478,1,1,1,1
SEG013,2024-12-28 12:00:00,East,1.0,3.536,-0.0384,1,1,1,1
SEG014,2024-01-01 17:00:00,South,0.9714,1.423,-0.0817,1,0,0,0
SEG014,2024-01-02 18:00:00,South,0.8068,0.017,-0.0111,1,0,0,0
SEG014,2024-01-03 08:00:00,South,0.8192,-0.268,-0.0241,1,0,0,0
SEG014,2024-01-03 22:00:00,South,1.0,4.521,-0.0758,1,1,1,1
SEG014,2024-01-04 07:00:00,South,0.8503,1.001,-0.0548,1,0,0,0
SEG014,2024-01-04 08:00:00,South,0.8618,0.251,-0.0144,1,0,0,0
SEG014,2024-01-04 18:00:00,South,0.985,1.452,-0.0471,1,0,0,0
SEG014,2024-01-05 08:00:00,South,0.9707,1.007,-0.074,1,0,0,0
SEG014,2024-01-08 12:00:00,South,0.7191,1.595,-0.012,1,0,0,0
SEG014,2024-01-08 17:00:00,South,0.8912,0.602,-0.0067,1,0,0,0
SEG014,2024-01-08 18:00:00,South,0.8484,0.586,-0.027,1,0,0,0
SEG014,2024-01-09 08:00:00,South,0.8507,0.501,-0.0345,1,0,0,0
SEG014,2024-01-09 18:00:00,South,0.859,0.675,-0.0158,1,0,0,0
SEG014,2024-01-11 17:00:00,South,0.9551,1.194,-0.005,1,0,0,0
SEG014,2024-01-12 07:00:00,South,0.9051,1.317,-0.0627,1,0,0,0
SEG014,2024-01-12 08:00:00,South,0.8045,-0.76,-0.0045,1,0,0,0
SEG014,2024-01-12 16:00:00,South,0.7704,-0.19,-0.0005,1,0,0,0
SEG014,2024-01-12 17:00:00,South,0.8002,-1.165,-0.0176,1,0,0,0
SEG014,2024-01-12 18:00:00,South,1.0,2.374,-0.073,1,0,0,1
SEG014,2024-01-15 15:00:00,South,0.6712,0.915,-0.0001,1,0,0,0
SEG014,2024-01-15 16:00:00,South,0.7601,0.174,-0.0294,1,0,0,0
SEG014,2024-01-15 17:00:00,South,0.8474,0.154,-0.0148,1,0,0,0
SEG014,2024-01-16 13:00:00,South,0.7693,2.479,-0.0095,1,0,0,1
SEG014,2024-01-16 18:00:00,South,0.7787,-0.337,-0.0016,1,0,0,0
SEG014,2024-01-16 19:00:00,South,0.7359,0.965,-0.0008,1,0,0,0
SEG014,2024-01-17 08:00:00,South,0.7759,-0.76,-0.0207,1,0,0,0
SEG014,2024-01-18 07:00:00,South,0.9614,2.098,-0.0406,1,0,0,0
SEG014,2024-01-18 08:00:00,South,1.0,1.775,-0.0373,1,0,0,0
SEG014,2024-01-18 09:00:00,South,0.7948,0.743,-0.0049,1,0,0,0
SEG014,2024-01-18 18:00:00,South,1.0,1.601,-0.0626,1,0,0,0
SEG014,2024-01-19 07:00:00,South,0.8688,0.903,-0.0333,1,0,0,0
SEG014,2024-01-19 08:00:00,South,0.9024,0.281,-0.0529,1,0,0,0
SEG014,2024-01-20 08:00:00,South,0.7672,0.994,-0.0226,1,0,0,0
SEG014,2024-01-22 07:00:00,South,0.7828,0.706,-0.0173,1,0,0,0
SEG014,2024-01-22 18:00:00,South,0.8474,0.573,-0.0001,1,0,0,0
SEG014,2024-01-23 07:00:00,South,0.8808,1.968,-0.0246,1,0,0,0
SEG014,2024-01-23 16:00:00,South,0.8858,1.704,-0.0108,1,0,0,0
SEG014,2024-01-23 17:00:00,South,1.0,1.604,-0.0435,1,0,0,0
SEG014,2024-01-24 08:00:00,South,0.8752,0.368,-0.0168,1,0,0,0
SEG014,2024-01-24 18:00:00,South,0.8864,0.705,-0.066,1,0,0,0
SEG014,2024-01-25 08:00:00,South,0.7891,-0.55,-0.0108,1,0,0,0
SEG014,2024-01-25 17:00:00,South,0.9939,1.642,-0.0776,1,0,0,0
SEG014,2024-01-26 08:00:00,South,0.8979,0.233,-0.0349,1,0,0,0
SEG014,2024-01-26 10:00:00,South,0.7385,1.356,-0.0025,1,0,0,0
SEG014,2024-01-26 18:00:00,South,0.8518,0.407,-0.0299,1,0,0,0
SEG014,2024-01-28 14:00:00,South,1.0,6.002,-0.0899,1,1,1,1
SEG014,2024-01-29 07:00:00,South,0.8352,1.308,-0.0292,1,0,0,0
SEG014,2024-01-29 08:00:00,South,0.891,0.995,-0.021,1,0,0,0
SEG014,2024-01-30 17:00:00,South,0.9302,0.901,-0.0443,1,0,0,0
SEG014,2024-01-30 18:00:00,South,0.7807,-0.312,-0.0018,1,0,0,0
SEG014,2024-01-31 07:00:00,South,0.742,0.173,-0.005,1,0,0,0
SEG014,2024-01-31 17:00:00,South,0.8092,-0.446,-0.0256,1,0,0,0
SEG014,2024-02-01 18:00:00,South,0.9226,0.833,-0.063,1,0,0,0
SEG014,2024-02-02 16:00:00,South,0.8472,0.762,-0.0159,1,0,0,0
SEG014,2024-02-02 17:00:00,South,0.8506,-0.536,-0.0159,1,0,0,0
SEG014,2024-02-05 16:00:00,South,0.8691,1.327,-0.0397,1,0,0,0
SEG014,2024-02-06 08:00:00,South,0.9274,1.327,-0.0336,1,0,0,0
SEG014,2024-02-06 17:00:00,South,0.9669,1.271,-0.0697,1,0,0,0
SEG014,2024-02-07 07:00:00,South,0.844,1.185,-0.0218,1,0,0,0
SEG014,2024-02-07 08:00:00,South,0.9863,1.629,-0.0574,1,0,0,0
SEG014,2024-02-07 16:00:00,South,0.7501,-0.097,-0.0081,1,0,0,0
SEG014,2024-02-08 08:00:00,South,0.6887,-1.657,-0.0027,1,0,0,0
SEG014,2024-02-08 17:00:00,South,0.891,0.452,-0.0107,1,0,0,0
SEG014,2024-02-09 07:00:00,South,0.8987,1.244,-0.0324,1,0,0,0
SEG014,2024-02-09 17:00:00,South,0.8587,-0.435,-0.0249,1,0,0,0
SEG014,2024-02-09 18:00:00,South,0.9172,1.275,-0.0545,1,0,0,0
SEG014,2024-02-12 08:00:00,South,0.8635,0.7,-0.0176,1,0,0,0
SEG014,2024-02-12 11:00:00,South,0.8362,4.077,-0.0208,1,1,1,1
SEG014,2024-02-12 18:00:00,South,0.7719,-0.401,-0.0006,1,0,0,0
SEG014,2024-02-13 05:00:00,South,1.0,4.539,-0.0901,1,1,1,1
SEG014,2024-02-13 06:00:00,South,1.0,5.01,-0.0657,1,1,1,0
SEG014,2024-02-13 07:00:00,South,0.8388,1.417,-0.0412,1,0,0,0
SEG014,2024-02-13 17:00:00,South,0.8393,-0.014,-0.0181,1,0,0,0
SEG014,2024-02-14 08:00:00,South,0.9225,0.904,-0.0493,1,0,0,0
SEG014,2024-02-14 09:00:00,South,0.9991,2.964,-0.0791,1,0,0,1
SEG014,2024-02-14 17:00:00,South,0.9566,1.24,-0.0402,1,0,0,0
SEG014,2024-02-14 18:00:00,South,0.8125,-0.036,-0.0232,1,0,0,0
SEG014,2024-02-15 08:00:00,South,0.8048,-0.377,-0.0367,1,0,0,0
SEG014,2024-02-15 18:00:00,South,0.8476,0.09,-0.0151,1,0,0,0
SEG014,2024-02-16 08:00:00,South,0.9448,0.732,-0.0543,1,0,0,0
SEG014,2024-02-16 17:00:00,South,0.8621,-0.393,-0.0505,1,0,0,0
SEG014,2024-02-16 18:00:00,South,0.8001,-0.279,-0.0056,1,0,0,0
SEG014,2024-02-19 08:00:00,South,0.9637,1.777,-0.0738,1,0,0,0
SEG014,2024-02-20 08:00:00,South,0.8006,-0.039,-0.0238,1,0,0,0
SEG014,2024-02-20 16:00:00,South,0.7741,0.216,-0.002,1,0,0,0
SEG014,2024-02-20 17:00:00,South,0.9286,0.885,-0.0522,1,0,0,0
SEG014,2024-02-20 18:00:00,South,0.9243,1.498,-0.0528,1,0,0,0
SEG014,2024-02-21 08:00:00,South,0.86,0.195,-0.0613,1,0,0,0
SEG014,2024-02-21 17:00:00,South,0.8387,-0.108,-0.0387,1,0,0,0
SEG014,2024-02-22 07:00:00,South,0.802,0.524,-0.0275,1,0,0,0
SEG014,2024-02-22 08:00:00,South,0.9488,1.21,-0.0724,1,0,0,0
SEG014,2024-02-22 17:00:00,South,0.8757,0.275,-0.0282,1,0,0,0
SEG014,2024-02-22 18:00:00,South,0.8133,-0.25,-0.0053,1,0,0,0
SEG014,2024-02-23 08:00:00,South,0.8626,-0.142,-0.0205,1,0,0,0
SEG014,2024-02-23 17:00:00,South,0.9629,0.864,-0.0489,1,0,0,0
SEG014,2024-02-23 21:00:00,South,1.0,4.298,-0.0937,1,1,1,1
SEG014,2024-02-26 16:00:00,South,0.7808,0.393,-0.0036,1,0,0,0
SEG014,2024-02-28 07:00:00,South,0.8442,1.187,-0.0209,1,0,0,0
SEG014,2024-02-28 08:00:00,South,0.7934,-0.561,-0.0221,1,0,0,0
SEG014,2024-02-28 16:00:00,South,0.8662,1.159,-0.0525,1,0,0,0
SEG014,2024-02-28 18:00:00,South,0.7683,-0.479,-0.0049,1,0,0,0
SEG014,2024-02-29 07:00:00,South,0.8727,1.222,-0.0184,1,0,0,0
SEG014,2024-02-29 08:00:00,South,1.0,1.775,-0.077,1,0,0,0
SEG014,2024-02-29 17:00:00,South,0.9408,1.028,-0.064,1,0,0,0
SEG014,2024-03-01 08:00:00,South,0.8308,-0.48,-0.0526,1,0,0,0
SEG014,2024-03-01 16:00:00,South,0.8245,0.481,-0.0226,1,0,0,0
SEG014,2024-03-01 17:00:00,South,1.0,1.327,-0.075,1,0,0,0
SEG014,2024-03-01 18:00:00,South,0.7933,-0.369,-0.0071,1,0,0,0
SEG014,2024-03-04 07:00:00,South,1.0,3.199,-0.0513,1,1,1,1
SEG014,2024-03-04 18:00:00,South,0.7763,-0.345,-0.02,1,0,0,0
SEG014,2024-03-05 08:00:00,South,0.8535,0.531,-0.0567,1,0,0,0
SEG014,2024-03-05 17:00:00,South,0.8512,0.106,-0.0231,1,0,0,0
SEG014,2024-03-06 08:00:00,South,0.8414,-0.016,-0.0137,1,0,0,0
SEG014,2024-03-06 17:00:00,South,0.8713,0.264,-0.0492,1,0,0,0
SEG014,2024-03-07 08:00:00,South,0.8684,0.324,-0.0299,1,0,0,0
SEG014,2024-03-08 07:00:00,South,0.8625,0.832,-0.0077,1,0,0,0
SEG014,2024-03-08 16:00:00,South,1.0,2.657,-0.0762,1,0,0,1
SEG014,2024-03-08 17:00:00,South,0.9881,1.179,-0.045,1,0,0,0
SEG014,2024-03-08 18:00:00,South,0.9417,1.601,-0.0595,1,0,0,0
SEG014,2024-03-09 22:00:00,South,1.0,4.606,-0.0816,1,1,1,1
SEG014,2024-03-11 08:00:00,South,0.8043,0.064,-0.0255,1,0,0,0
SEG014,2024-03-11 17:00:00,South,0.8631,0.314,-0.015,1,0,0,0
SEG014,2024-03-11 18:00:00,South,0.8975,1.22,-0.0407,1,0,0,0
SEG014,2024-03-12 08:00:00,South,0.9159,1.203,-0.0322,1,0,0,0
SEG014,2024-03-12 17:00:00,South,0.9165,0.763,-0.0696,1,0,0,0
SEG014,2024-03-12 18:00:00,South,0.8456,0.506,-0.0152,1,0,0,0
SEG014,2024-03-13 08:00:00,South,1.0,1.784,-0.0694,1,0,0,1
SEG014,2024-03-13 09:00:00,South,1.0,2.973,-0.0576,1,0,0,0
SEG014,2024-03-13 17:00:00,South,0.9197,0.818,-0.0495,1,0,0,0
SEG014,2024-03-14 08:00:00,South,0.9439,1.156,-0.0649,1,0,0,0
SEG014,2024-03-14 13:00:00,South,1.0,3.803,-0.0936,1,1,1,1
SEG014,2024-03-14 14:00:00,South,1.0,3.15,-0.0821,1,1,1,0
SEG014,2024-03-14 15:00:00,South,1.0,3.2,-0.076,1,1,1,0
SEG014,2024-03-14 16:00:00,South,0.8451,0.957,-0.0263,1,0,0,0
SEG014,2024-03-14 17:00:00,South,0.8838,0.369,-0.0466,1,0,0,0
SEG014,2024-03-14 18:00:00,South,0.8031,-0.352,-0.028,1,0,0,0
SEG014,2024-03-15 09:00:00,South,0.8458,1.223,-0.0147,1,0,0,0
SEG014,2024-03-15 17:00:00,South,0.8723,-0.266,-0.0318,1,0,0,0
SEG014,2024-03-18 07:00:00,South,0.847,1.443,-0.0199,1,0,0,0
SEG014,2024-03-18 10:00:00,South,1.0,4.555,-0.0789,1,1,1,1
SEG014,2024-03-18 17:00:00,South,0.8475,0.155,-0.0121,1,0,0,0
SEG014,2024-03-19 18:00:00,South,0.9024,1.222,-0.0571,1,0,0,0
SEG014,2024-03-19 23:00:00,South,0.9619,6.517,-0.0729,1,1,1,1
SEG014,2024-03-20 06:00:00,South,1.0,4.874,-0.0736,1,1,1,1
SEG014,2024-03-20 07:00:00,South,1.0,2.734,-0.0851,1,0,0,0
SEG014,2024-03-20 08:00:00,South,1.0,1.784,-0.0738,1,0,0,0
SEG014,2024-03-20 17:00:00,South,0.8508,0.03,-0.0208,1,0,0,0
SEG014,2024-03-21 08:00:00,South,0.7626,-0.843,-0.0008,1,0,0,0
SEG014,2024-03-21 14:00:00,South,1.0,3.15,-0.0782,1,1,1,1
SEG014,2024-03-21 18:00:00,South,0.8075,-0.308,-0.0484,1,0,0,0
SEG014,2024-03-22 07:00:00,South,0.773,-0.188,-0.0038,1,0,0,0
SEG014,2024-03-22 16:00:00,South,0.8618,0.943,-0.0425,1,0,0,0
SEG014,2024-03-22 17:00:00,South,0.8436,-0.624,-0.0324,1,0,0,0
SEG014,2024-03-25 17:00:00,South,0.8478,0.158,-0.0057,1,0,0,0
SEG014,2024-03-25 18:00:00,South,0.838,0.452,-0.0334,1,0,0,0
SEG014,2024-03-26 16:00:00,South,0.9043,1.95,-0.0466,1,0,0,0
SEG014,2024-03-26 17:00:00,South,0.861,0.205,-0.0139,1,0,0,0
SEG014,2024-03-26 18:00:00,South,0.8645,0.744,-0.0567,1,0,0,0
SEG014,2024-03-26 20:00:00,South,1.0,4.275,-0.0938,1,1,1,1
SEG014,2024-03-26 21:00:00,South,0.8887,5.146,-0.0294,1,1,1,0
SEG014,2024-03-27 14:00:00,South,1.0,5.378,-0.0768,1,1,1,1
SEG014,2024-03-27 16:00:00,South,0.7917,0.353,-0.0049,1,0,0,0
SEG014,2024-03-27 17:00:00,South,0.9172,0.789,-0.0295,1,0,0,0
SEG014,2024-03-28 17:00:00,South,0.8656,0.159,-0.0029,1,0,0,0
SEG014,2024-03-29 07:00:00,South,0.9915,2.302,-0.0785,1,0,0,0
SEG014,2024-03-29 16:00:00,South,0.8057,0.247,-0.0082,1,0,0,0
SEG014,2024-03-29 17:00:00,South,0.8913,-0.029,-0.0348,1,0,0,0
SEG014,2024-03-29 18:00:00,South,0.8478,0.354,-0.0173,1,0,0,0
SEG014,2024-04-01 08:00:00,South,0.7456,-0.567,-0.0028,1,0,0,0
SEG014,2024-04-01 16:00:00,South,0.8676,1.311,-0.0145,1,0,0,0
SEG014,2024-04-01 17:00:00,South,0.8702,0.387,-0.0446,1,0,0,0
SEG014,2024-04-01 18:00:00,South,0.9221,1.538,-0.061,1,0,0,0
SEG014,2024-04-02 08:00:00,South,0.8868,0.89,-0.0301,1,0,0,0
SEG014,2024-04-02 16:00:00,South,0.7941,0.482,-0.0391,1,0,0,0
SEG014,2024-04-03 08:00:00,South,1.0,1.784,-0.0819,1,0,0,0
SEG014,2024-04-03 17:00:00,South,0.8278,-0.233,-0.0057,1,0,0,0
SEG014,2024-04-03 18:00:00,South,0.8893,0.734,-0.0247,1,0,0,0
SEG014,2024-04-05 08:00:00,South,0.8873,0.12,-0.0351,1,0,0,0
SEG014,2024-04-08 16:00:00,South,1.0,2.712,-0.0944,1,0,0,1
SEG014,2024-04-08 17:00:00,South,1.0,1.716,-0.0807,1,0,0,0
SEG014,2024-04-08 18:00:00,South,0.844,0.529,-0.0179,1,0,0,0
SEG014,2024-04-09 08:00:00,South,0.8013,-0.031,-0.0158,1,0,0,0
SEG014,2024-04-09 18:00:00,South,0.8098,0.055,-0.0204,1,0,0,0
SEG014,2024-04-10 08:00:00,South,0.8818,0.442,-0.0547,1,0,0,0
SEG014,2024-04-10 16:00:00,South,0.8265,0.73,-0.0331,1,0,0,0
SEG014,2024-04-10 17:00:00,South,0.9031,0.628,-0.0608,1,0,0,0
SEG014,2024-04-10 18:00:00,South,0.8535,0.375,-0.0152,1,0,0,0
SEG014,2024-04-11 08:00:00,South,0.9028,0.703,-0.0066,1,0,0,0
SEG014,2024-04-11 17:00:00,South,0.7779,-0.855,-0.0237,1,0,0,0
SEG014,2024-04-12 08:00:00,South,1.0,1.318,-0.077,1,0,0,0
SEG014,2024-04-12 12:00:00,South,1.0,4.022,-0.0916,1,1,1,1
SEG014,2024-04-12 13:00:00,South,1.0,3.982,-0.083,1,1,1,0
SEG014,2024-04-12 17:00:00,South,0.7505,-1.785,-0.0085,1,0,0,0
SEG014,2024-04-12 18:00:00,South,0.8358,0.195,-0.0396,1,0,0,0
SEG014,2024-04-15 17:00:00,South,0.7471,-0.874,-0.0013,1,0,0,0
SEG014,2024-04-16 08:00:00,South,0.9487,1.556,-0.0725,1,0,0,0
SEG014,2024-04-16 18:00:00,South,0.8036,-0.023,-0.0016,1,0,0,0
SEG014,2024-04-17 16:00:00,South,0.9065,1.595,-0.0545,1,0,0,0
SEG014,2024-04-18 08:00:00,South,0.9701,1.445,-0.0703,1,0,0,0
SEG014,2024-04-18 17:00:00,South,0.8251,-0.31,-0.0278,1,0,0,0
SEG014,2024-04-19 07:00:00,South,0.8267,0.424,-0.0179,1,0,0,0
SEG014,2024-04-19 08:00:00,South,1.0,1.318,-0.0941,1,0,0,1
SEG014,2024-04-19 09:00:00,South,1.0,2.938,-0.0863,1,0,0,0
SEG014,2024-04-19 10:00:00,South,1.0,4.28,-0.0738,1,1,1,0
SEG014,2024-04-19 17:00:00,South,0.9404,0.584,-0.0411,1,0,0,0
SEG014,2024-04-22 18:00:00,South,0.8321,0.376,-0.0398,1,0,0,0
SEG014,2024-04-23 08:00:00,South,0.8089,0.05,-0.0313,1,0,0,0
SEG014,2024-04-23 17:00:00,South,0.7665,-0.746,-0.0011,1,0,0,0
SEG014,2024-04-24 08:00:00,South,0.8249,-0.203,-0.0344,1,0,0,0
SEG014,2024-04-24 16:00:00,South,0.9453,2.015,-0.0676,1,0,0,0
SEG014,2024-04-24 17:00:00,South,0.9687,1.378,-0.061,1,0,0,0
SEG014,2024-04-24 18:00:00,South,1.0,1.845,-0.0752,1,0,0,0
SEG014,2024-04-25 08:00:00,South,0.7959,-0.475,-0.0099,1,0,0,0
SEG014,2024-04-25 18:00:00,South,0.9987,1.588,-0.0743,1,0,0,0
SEG014,2024-04-26 17:00:00,South,0.9605,0.834,-0.079,1,0,0,0
SEG014,2024-04-26 18:00:00,South,0.8591,0.504,-0.0174,1,0,0,0
SEG014,2024-04-29 12:00:00,South,0.8452,3.144,-0.0478,1,1,1,1
SEG014,2024-04-29 17:00:00,South,0.9977,1.693,-0.078,1,0,0,0
SEG014,2024-04-30 17:00:00,South,1.0,1.604,-0.0775,1,0,0,0
SEG014,2024-05-01 09:00:00,South,0.772,0.715,-0.0388,1,0,0,0
SEG014,2024-05-01 17:00:00,South,0.8595,0.13,-0.0178,1,0,0,0
SEG014,2024-05-02 07:00:00,South,0.882,1.314,-0.0558,1,0,0,0
SEG014,2024-05-02 08:00:00,South,0.8586,0.216,-0.0047,1,0,0,0
SEG014,2024-05-02 09:00:00,South,0.942,2.351,-0.0197,1,0,0,0
SEG014,2024-05-02 16:00:00,South,0.8081,0.496,-0.0295,1,0,0,0
SEG014,2024-05-02 18:00:00,South,0.8314,-0.071,-0.0015,1,0,0,0
SEG014,2024-05-03 07:00:00,South,0.8426,0.605,-0.0099,1,0,0,0
SEG014,2024-05-03 08:00:00,South,0.8467,-0.311,-0.0294,1,0,0,0
SEG014,2024-05-03 17:00:00,South,0.9525,0.735,-0.0696,1,0,0,0
SEG014,2024-05-03 18:00:00,South,0.8806,0.789,-0.0501,1,0,0,0
SEG014,2024-05-05 22:00:00,South,0.9947,5.067,-0.0824,1,1,1,1
SEG014,2024-05-06 08:00:00,South,0.8782,0.858,-0.0586,1,0,0,0
SEG014,2024-05-06 17:00:00,South,0.8728,0.414,-0.0349,1,0,0,0
SEG014,2024-05-06 18:00:00,South,0.8683,0.843,-0.0314,1,0,0,0
SEG014,2024-05-07 16:00:00,South,0.9497,2.555,-0.0775,1,0,0,0
SEG014,2024-05-07 17:00:00,South,1.0,1.604,-0.0716,1,0,0,0
SEG014,2024-05-08 07:00:00,South,0.7995,0.744,-0.0319,1,0,0,0
SEG014,2024-05-09 08:00:00,South,0.817,-0.243,-0.0554,1,0,0,0
SEG014,2024-05-09 09:00:00,South,1.0,2.984,-0.0948,1,0,0,1
SEG014,2024-05-09 10:00:00,South,1.0,4.219,-0.0851,1,1,1,0
SEG014,2024-05-09 16:00:00,South,0.8096,0.515,-0.0076,1,0,0,0
SEG014,2024-05-09 18:00:00,South,0.9001,0.61,-0.0442,1,0,0,0
SEG014,2024-05-10 16:00:00,South,0.7981,0.153,-0.0365,1,0,0,0
SEG014,2024-05-10 17:00:00,South,1.0,1.327,-0.0819,1,0,0,0
SEG014,2024-05-13 18:00:00,South,0.8488,0.591,-0.0103,1,0,0,0
SEG014,2024-05-14 17:00:00,South,1.0,1.604,-0.0767,1,0,0,0
SEG014,2024-05-14 18:00:00,South,0.7362,-0.873,-0.016,1,0,0,0
SEG014,2024-05-15 17:00:00,South,0.9422,1.075,-0.077,1,0,0,0
SEG014,2024-05-16 17:00:00,South,0.8922,0.466,-0.0248,1,0,0,0
SEG014,2024-05-16 18:00:00,South,0.9145,0.753,-0.0558,1,0,0,0
SEG014,2024-05-17 07:00:00,South,0.7328,-0.646,-0.0103,1,0,0,0
SEG014,2024-05-17 08:00:00,South,0.8731,-0.03,-0.0144,1,0,0,0
SEG014,2024-05-17 17:00:00,South,0.8589,-0.433,-0.0303,1,0,0,0
SEG014,2024-05-18 17:00:00,South,0.786,1.154,-0.0155,1,0,0,0
SEG014,2024-05-19 20:00:00,South,1.0,5.824,-0.0948,1,1,1,1
SEG014,2024-05-20 18:00:00,South,0.806,0.039,-0.0038,1,0,0,0
SEG014,2024-05-21 09:00:00,South,0.8234,1.731,-0.0187,1,0,0,0
SEG014,2024-05-21 18:00:00,South,0.83,0.309,-0.0238,1,0,0,0
SEG014,2024-05-22 08:00:00,South,0.9051,0.707,-0.0699,1,0,0,0
SEG014,2024-05-22 17:00:00,South,0.8803,0.367,-0.0386,1,0,0,0
SEG014,2024-05-22 18:00:00,South,0.7822,-0.34,-0.0036,1,0,0,0
SEG014,2024-05-23 08:00:00,South,0.8295,-0.105,-0.0148,1,0,0,0
SEG014,2024-05-23 18:00:00,South,0.8162,-0.222,-0.0403,1,0,0,0
SEG014,2024-05-24 08:00:00,South,1.0,1.318,-0.0819,1,0,0,0
SEG014,2024-05-24 16:00:00,South,0.7556,-0.374,-0.0014,1,0,0,0
SEG014,2024-05-24 18:00:00,South,0.8977,1.016,-0.0569,1,0,0,0
SEG014,2024-05-27 17:00:00,South,0.7945,-0.388,-0.0013,1,0,0,0
SEG014,2024-05-28 08:00:00,South,0.7629,-0.445,-0.0047,1,0,0,0
SEG014,2024-05-28 17:00:00,South,0.8623,0.218,-0.0294,1,0,0,0
SEG014,2024-05-29 08:00:00,South,0.8313,-0.131,-0.0333,1,0,0,0
SEG014,2024-05-29 18:00:00,South,0.8699,0.54,-0.0139,1,0,0,0
SEG014,2024-05-29 23:00:00,South,0.9708,6.028,-0.0887,1,1,1,1
SEG014,2024-05-30 07:00:00,South,0.7796,0.303,-0.0106,1,0,0,0
SEG014,2024-05-30 08:00:00,South,0.8586,0.216,-0.0348,1,0,0,0
SEG014,2024-05-30 09:00:00,South,0.8099,0.908,-0.0324,1,0,0,0
SEG014,2024-05-30 16:00:00,South,0.819,0.632,-0.0328,1,0,0,0
SEG014,2024-05-30 17:00:00,South,0.8227,-0.337,-0.0401,1,0,0,0
SEG014,2024-05-30 18:00:00,South,1.0,1.601,-0.0819,1,0,0,0
SEG014,2024-05-30 19:00:00,South,0.7883,2.43,-0.0405,1,0,0,0
SEG014,2024-05-31 07:00:00,South,0.883,1.065,-0.035,1,0,0,0
SEG014,2024-05-31 08:00:00,South,0.9475,0.76,-0.049,1,0,0,0
SEG014,2024-05-31 17:00:00,South,0.9337,0.5,-0.0665,1,0,0,0
SEG014,2024-05-31 18:00:00,South,0.8485,0.363,-0.0028,1,0,0,0
SEG014,2024-06-03 08:00:00,South,0.8482,0.536,-0.0244,1,0,0,0
SEG014,2024-06-03 17:00:00,South,0.8928,0.618,-0.0505,1,0,0,0
SEG014,2024-06-03 20:00:00,South,1.0,5.366,-0.0943,1,1,1,1
SEG014,2024-06-04 17:00:00,South,1.0,1.604,-0.0703,1,0,0,1
SEG014,2024-06-04 18:00:00,South,0.909,1.305,-0.0616,1,0,0,0
SEG014,2024-06-05 12:00:00,South,1.0,3.767,-0.0948,1,1,1,1
SEG014,2024-06-05 17:00:00,South,0.857,0.101,-0.0039,1,0,0,0
SEG014,2024-06-06 07:00:00,South,0.7827,0.333,-0.0294,1,0,0,0
SEG014,2024-06-06 08:00:00,South,0.9175,0.865,-0.0307,1,0,0,0
SEG014,2024-06-06 16:00:00,South,0.9315,2.032,-0.0466,1,0,0,1
SEG014,2024-06-07 08:00:00,South,0.9132,0.396,-0.0583,1,0,0,0
SEG014,2024-06-07 09:00:00,South,0.8988,1.812,-0.0444,1,0,0,0
SEG014,2024-06-07 16:00:00,South,0.8383,0.652,-0.0276,1,0,0,0
SEG014,2024-06-07 17:00:00,South,1.0,1.327,-0.0589,1,0,0,0
SEG014,2024-06-10 15:00:00,South,0.824,2.8,-0.0093,1,0,0,0
SEG014,2024-06-10 16:00:00,South,0.8745,1.384,-0.0225,1,0,0,0
SEG014,2024-06-10 17:00:00,South,0.9418,1.12,-0.0639,1,0,0,0
SEG014,2024-06-10 18:00:00,South,0.8835,1.039,-0.0461,1,0,0,0
SEG014,2024-06-11 07:00:00,South,0.8455,1.505,-0.033,1,0,0,0
SEG014,2024-06-11 08:00:00,South,0.9039,1.074,-0.0271,1,0,0,0
SEG014,2024-06-11 17:00:00,South,0.8319,-0.088,-0.0133,1,0,0,0
SEG014,2024-06-12 07:00:00,South,0.7969,0.718,-0.014,1,0,0,0
SEG014,2024-06-12 15:00:00,South,1.0,4.241,-0.0898,1,1,1,1
SEG014,2024-06-12 16:00:00,South,1.0,2.607,-0.08,1,0,0,0
SEG014,2024-06-12 17:00:00,South,0.7752,-0.834,-0.0133,1,0,0,0
SEG014,2024-06-12 18:00:00,South,0.8421,0.261,-0.0108,1,0,0,0
SEG014,2024-06-13 07:00:00,South,0.7809,0.316,-0.0049,1,0,0,0
SEG014,2024-06-13 18:00:00,South,0.8732,0.344,-0.0175,1,0,0,0
SEG014,2024-06-14 17:00:00,South,0.8534,-0.501,-0.0061,1,0,0,0
SEG014,2024-06-17 08:00:00,South,0.864,0.705,-0.0266,1,0,0,0
SEG014,2024-06-17 17:00:00,South,0.8317,-0.007,-0.0111,1,0,0,0
SEG014,2024-06-18 07:00:00,South,0.8363,1.385,-0.0129,1,0,0,0
SEG014,2024-06-18 17:00:00,South,0.8985,0.582,-0.0534,1,0,0,0
SEG014,2024-06-19 18:00:00,South,1.0,1.845,-0.0948,1,0,0,1
SEG014,2024-06-20 07:00:00,South,0.9781,2.262,-0.0689,1,0,0,1
SEG014,2024-06-20 08:00:00,South,0.8309,-0.09,-0.0256,1,0,0,0
SEG014,2024-06-20 15:00:00,South,0.8457,1.809,-0.0112,1,0,0,1
SEG014,2024-06-20 18:00:00,South,0.8091,-0.292,-0.01,1,0,0,0
SEG014,2024-06-21 17:00:00,South,1.0,1.327,-0.077,1,0,0,0
SEG014,2024-06-24 17:00:00,South,0.9709,1.418,-0.075,1,0,0,0
SEG014,2024-06-25 05:00:00,South,1.0,4.539,-0.0941,1,1,1,1
SEG014,2024-06-25 08:00:00,South,0.9629,1.709,-0.0765,1,0,0,0
SEG014,2024-06-25 16:00:00,South,0.8414,1.112,-0.0276,1,0,0,0
SEG014,2024-06-25 17:00:00,South,0.8036,-0.373,-0.0146,1,0,0,0
SEG014,2024-06-25 18:00:00,South,1.0,2.453,-0.0937,1,0,0,1
SEG014,2024-06-25 19:00:00,South,1.0,3.545,-0.0842,1,1,1,0
SEG014,2024-06-26 08:00:00,South,0.8816,0.44,-0.0487,1,0,0,0
SEG014,2024-06-26 17:00:00,South,1.0,1.736,-0.0751,1,0,0,1
SEG014,2024-06-26 18:00:00,South,0.9292,1.135,-0.0472,1,0,0,0
SEG014,2024-06-27 08:00:00,South,1.0,1.775,-0.0716,1,0,0,0
SEG014,2024-06-27 13:00:00,South,0.7335,1.199,-0.0122,1,0,0,0
SEG014,2024-06-27 14:00:00,South,0.912,2.464,-0.0594,1,0,0,1
SEG014,2024-06-27 15:00:00,South,0.7802,1.219,-0.0038,1,0,0,0
SEG014,2024-06-27 16:00:00,South,0.8054,0.463,-0.0185,1,0,0,0
SEG014,2024-06-27 17:00:00,South,0.9307,0.911,-0.0699,1,0,0,0
SEG014,2024-06-28 07:00:00,South,0.8746,0.969,-0.0076,1,0,0,0
SEG014,2024-06-28 08:00:00,South,0.9028,0.285,-0.0442,1,0,0,0
SEG014,2024-06-28 16:00:00,South,0.8606,0.928,-0.0388,1,0,0,0
SEG014,2024-06-28 17:00:00,South,0.9101,0.206,-0.0567,1,0,0,0
SEG014,2024-06-30 16:00:00,South,1.0,5.189,-0.0887,1,1,1,1
SEG014,2024-07-01 16:00:00,South,0.8362,0.979,-0.0154,1,0,0,0
SEG014,2024-07-02 17:00:00,South,0.9167,0.765,-0.0401,1,0,0,0
SEG014,2024-07-03 08:00:00,South,0.8512,0.095,-0.0131,1,0,0,0
SEG014,2024-07-03 17:00:00,South,0.8844,0.414,-0.0107,1,0,0,0
SEG014,2024-07-03 18:00:00,South,0.893,0.772,-0.0315,1,0,0,0
SEG014,2024-07-04 08:00:00,South,0.9251,0.949,-0.0212,1,0,0,0
SEG014,2024-07-04 09:00:00,South,0.7784,0.564,-0.0148,1,0,0,0
SEG014,2024-07-04 17:00:00,South,0.8436,-0.096,-0.0569,1,0,0,0
SEG014,2024-07-04 18:00:00,South,0.8732,0.344,-0.0551,1,0,0,0
SEG014,2024-07-05 07:00:00,South,0.8455,0.638,-0.0492,1,0,0,0
SEG014,2024-07-05 08:00:00,South,0.9004,0.26,-0.0617,1,0,0,0
SEG014,2024-07-05 09:00:00,South,0.8397,1.155,-0.0425,1,0,0,0
SEG014,2024-07-05 12:00:00,South,0.8875,2.734,-0.0407,1,0,0,1
SEG014,2024-07-05 18:00:00,South,0.7752,-0.61,-0.0251,1,0,0,0
SEG014,2024-07-06 09:00:00,South,1.0,4.485,-0.0741,1,1,1,1
SEG014,2024-07-06 10:00:00,South,0.962,4.078,-0.0816,1,1,1,0
SEG014,2024-07-08 17:00:00,South,0.8013,-0.319,-0.0298,1,0,0,0
SEG014,2024-07-08 18:00:00,South,0.8036,0.008,-0.0064,1,0,0,0
SEG014,2024-07-09 09:00:00,South,0.7089,0.27,-0.0024,1,0,0,0
SEG014,2024-07-09 12:00:00,South,0.7874,2.31,-0.0047,1,0,0,0
SEG014,2024-07-09 17:00:00,South,0.8718,0.313,-0.0333,1,0,0,0
SEG014,2024-07-09 18:00:00,South,0.7435,-0.781,-0.0119,1,0,0,0
SEG014,2024-07-10 08:00:00,South,0.844,0.013,-0.0308,1,0,0,0
SEG014,2024-07-10 16:00:00,South,0.8279,0.745,-0.0211,1,0,0,0
SEG014,2024-07-11 08:00:00,South,0.9022,0.697,-0.0199,1,0,0,0
SEG014,2024-07-11 16:00:00,South,0.8184,0.624,-0.0379,1,0,0,0
SEG014,2024-07-11 17:00:00,South,0.8856,0.39,-0.0239,1,0,0,0
SEG014,2024-07-12 07:00:00,South,0.9431,1.75,-0.0801,1,0,0,0
SEG014,2024-07-12 08:00:00,South,1.0,1.318,-0.0529,1,0,0,0
SEG014,2024-07-12 09:00:00,South,0.8419,1.18,-0.0251,1,0,0,0
SEG014,2024-07-12 17:00:00,South,0.8576,-0.449,-0.0475,1,0,0,0
SEG014,2024-07-12 18:00:00,South,0.848,0.357,-0.0206,1,0,0,0
SEG014,2024-07-13 08:00:00,South,0.7914,1.253,-0.0011,1,0,0,0
SEG014,2024-07-15 08:00:00,South,0.894,1.028,-0.0555,1,0,0,0
SEG014,2024-07-15 16:00:00,South,0.7896,0.486,-0.016,1,0,0,0
SEG014,2024-07-16 17:00:00,South,0.8936,0.533,-0.0594,1,0,0,0
SEG014,2024-07-16 18:00:00,South,0.8062,0.009,-0.0134,1,0,0,0
SEG014,2024-07-17 16:00:00,South,0.8865,1.379,-0.051,1,0,0,0
SEG014,2024-07-17 17:00:00,South,0.8858,0.43,-0.0296,1,0,0,0
SEG014,2024-07-17 18:00:00,South,0.9243,1.086,-0.061,1,0,0,0
SEG014,2024-07-18 08:00:00,South,0.8475,0.093,-0.0493,1,0,0,0
SEG014,2024-07-18 17:00:00,South,0.7998,-0.602,-0.0133,1,0,0,0
SEG014,2024-07-19 07:00:00,South,0.786,-0.04,-0.0071,1,0,0,0
SEG014,2024-07-19 08:00:00,South,0.9448,0.732,-0.0709,1,0,0,0
SEG014,2024-07-19 17:00:00,South,0.8895,-0.051,-0.0374,1,0,0,0
SEG014,2024-07-19 18:00:00,South,0.8593,0.507,-0.0295,1,0,0,0
SEG014,2024-07-20 08:00:00,South,0.8065,1.415,-0.0022,1,0,0,0
SEG014,2024-07-22 17:00:00,South,0.9383,1.084,-0.0688,1,0,0,0
SEG014,2024-07-22 18:00:00,South,0.8749,0.928,-0.0323,1,0,0,0
SEG014,2024-07-23 07:00:00,South,0.8971,2.182,-0.0515,1,0,0,0
SEG014,2024-07-23 08:00:00,South,0.9884,1.984,-0.0816,1,0,0,0
SEG014,2024-07-23 17:00:00,South,1.0,1.604,-0.0723,1,0,0,0
SEG014,2024-07-23 18:00:00,South,0.9316,1.59,-0.0691,1,0,0,0
SEG014,2024-07-24 16:00:00,South,0.8411,0.887,-0.023,1,0,0,0
SEG014,2024-07-24 17:00:00,South,0.8183,-0.342,-0.008,1,0,0,0
SEG014,2024-07-25 08:00:00,South,1.0,1.775,-0.0548,1,0,0,0
SEG014,2024-07-25 17:00:00,South,0.9089,0.659,-0.0659,1,0,0,0
SEG014,2024-07-25 18:00:00,South,0.787,-0.511,-0.0173,1,0,0,0
SEG014,2024-07-26 07:00:00,South,0.823,0.381,-0.0105,1,0,0,0
SEG014,2024-07-26 08:00:00,South,1.0,1.318,-0.0716,1,0,0,0
SEG014,2024-07-26 09:00:00,South,0.8218,0.956,-0.0108,1,0,0,0
SEG014,2024-07-26 15:00:00,South,1.0,4.007,-0.0948,1,1,1,1
SEG014,2024-07-26 17:00:00,South,0.906,0.155,-0.0562,1,0,0,0
SEG014,2024-07-26 18:00:00,South,0.7372,-1.114,-0.0219,1,0,0,0
SEG014,2024-07-29 18:00:00,South,0.8374,0.444,-0.0285,1,0,0,0
SEG014,2024-07-30 17:00:00,South,0.8529,0.123,-0.0179,1,0,0,0
SEG014,2024-07-31 10:00:00,South,1.0,4.08,-0.0862,1,1,1,1
SEG014,2024-07-31 17:00:00,South,0.9683,1.374,-0.0765,1,0,0,0
SEG014,2024-08-01 07:00:00,South,0.8962,1.454,-0.0068,1,0,0,0
SEG014,2024-08-01 16:00:00,South,0.8049,0.456,-0.0087,1,0,0,0
SEG014,2024-08-01 17:00:00,South,0.8928,0.473,-0.039,1,0,0,0
SEG014,2024-08-02 09:00:00,South,0.8219,0.957,-0.0533,1,0,0,0
SEG014,2024-08-02 12:00:00,South,0.7559,1.228,-0.007,1,0,0,0
SEG014,2024-08-02 17:00:00,South,1.0,1.327,-0.0773,1,0,0,1
SEG014,2024-08-02 18:00:00,South,0.905,1.113,-0.0613,1,0,0,0
SEG014,2024-08-03 07:00:00,South,0.7188,1.17,-0.0167,1,0,0,0
SEG014,2024-08-05 08:00:00,South,0.9169,1.274,-0.0278,1,0,0,0
SEG014,2024-08-05 16:00:00,South,0.7648,0.223,-0.0098,1,0,0,0
SEG014,2024-08-05 17:00:00,South,1.0,1.716,-0.0647,1,0,0,0
SEG014,2024-08-05 18:00:00,South,0.8478,0.578,-0.0312,1,0,0,0
SEG014,2024-08-06 08:00:00,South,0.831,0.289,-0.015,1,0,0,0
SEG014,2024-08-06 16:00:00,South,0.7593,0.019,-0.0164,1,0,0,0
SEG014,2024-08-06 17:00:00,South,0.8392,-0.015,-0.0191,1,0,0,0
SEG014,2024-08-06 18:00:00,South,0.8554,0.63,-0.0206,1,0,0,0
SEG014,2024-08-07 17:00:00,South,0.9432,1.087,-0.0564,1,0,0,0
SEG014,2024-08-07 18:00:00,South,0.7958,-0.203,-0.0235,1,0,0,0
SEG014,2024-08-08 09:00:00,South,0.8022,0.824,-0.0045,1,0,0,0
SEG014,2024-08-08 17:00:00,South,0.8169,-0.404,-0.0241,1,0,0,0
SEG014,2024-08-09 09:00:00,South,0.8244,0.985,-0.0251,1,0,0,0
SEG014,2024-08-09 18:00:00,South,0.842,0.277,-0.0244,1,0,0,0
SEG014,2024-08-12 08:00:00,South,0.8176,0.207,-0.0251,1,0,0,0
SEG014,2024-08-12 13:00:00,South,0.7949,2.873,-0.0176,1,0,0,1
SEG014,2024-08-12 17:00:00,South,0.7683,-0.656,-0.0076,1,0,0,0
SEG014,2024-08-13 08:00:00,South,0.9329,1.386,-0.0753,1,0,0,0
SEG014,2024-08-14 08:00:00,South,0.7713,-0.812,-0.0303,1,0,0,0
SEG014,2024-08-14 16:00:00,South,0.9021,1.548,-0.038,1,0,0,0
SEG014,2024-08-14 17:00:00,South,0.8249,-0.266,-0.0326,1,0,0,0
SEG014,2024-08-14 18:00:00,South,1.0,1.845,-0.0695,1,0,0,1
SEG014,2024-08-14 19:00:00,South,1.0,4.192,-0.0842,1,1,1,1
SEG014,2024-08-14 20:00:00,South,0.9938,5.364,-0.063,1,1,1,0
SEG014,2024-08-15 08:00:00,South,0.9296,0.999,-0.0233,1,0,0,0
SEG014,2024-08-15 17:00:00,South,0.8218,-0.348,-0.0116,1,0,0,0
SEG014,2024-08-15 18:00:00,South,1.0,1.601,-0.0567,1,0,0,0
SEG014,2024-08-16 08:00:00,South,0.9575,0.867,-0.0703,1,0,0,0
SEG014,2024-08-16 09:00:00,South,0.8655,1.442,-0.0338,1,0,0,0
SEG014,2024-08-16 18:00:00,South,0.8829,0.82,-0.0016,1,0,0,0
SEG014,2024-08-17 06:00:00,South,1.0,5.618,-0.0901,1,1,1,1
SEG014,2024-08-17 07:00:00,South,1.0,3.911,-0.0842,1,1,1,0
SEG014,2024-08-19 07:00:00,South,0.8476,1.45,-0.0149,1,0,0,0
SEG014,2024-08-19 17:00:00,South,0.9181,0.877,-0.0619,1,0,0,0
SEG014,2024-08-20 08:00:00,South,0.8395,0.38,-0.0109,1,0,0,0
SEG014,2024-08-20 17:00:00,South,0.9006,0.603,-0.0281,1,0,0,0
SEG014,2024-08-20 18:00:00,South,0.8241,0.235,-0.0166,1,0,0,0
SEG014,2024-08-21 10:00:00,South,0.7793,1.772,-0.0086,1,0,0,0
SEG014,2024-08-21 18:00:00,South,0.7934,-0.227,-0.0001,1,0,0,0
SEG014,2024-08-22 08:00:00,South,0.8538,0.163,-0.0283,1,0,0,0
SEG014,2024-08-22 17:00:00,South,0.8987,0.541,-0.0252,1,0,0,0
SEG014,2024-08-23 08:00:00,South,0.8321,-0.466,-0.005,1,0,0,0
SEG014,2024-08-23 17:00:00,South,0.8917,-0.024,-0.0573,1,0,0,0
SEG014,2024-08-23 18:00:00,South,0.8319,0.143,-0.0114,1,0,0,0
SEG014,2024-08-26 07:00:00,South,0.7789,0.661,-0.002,1,0,0,0
SEG014,2024-08-26 08:00:00,South,0.8213,0.246,-0.0185,1,0,0,0
SEG014,2024-08-26 16:00:00,South,0.8117,0.72,-0.0237,1,0,0,0
SEG014,2024-08-26 17:00:00,South,0.9089,0.783,-0.0711,1,0,0,0
SEG014,2024-08-26 18:00:00,South,0.8846,1.054,-0.0311,1,0,0,0
SEG014,2024-08-27 08:00:00,South,0.7289,-0.811,-0.0196,1,0,0,0
SEG014,2024-08-27 09:00:00,South,0.7687,1.033,-0.0299,1,0,0,0
SEG014,2024-08-27 12:00:00,South,0.8193,2.681,-0.0196,1,0,0,1
SEG014,2024-08-27 16:00:00,South,0.8875,1.727,-0.027,1,0,0,0
SEG014,2024-08-27 17:00:00,South,0.8055,-0.354,-0.0219,1,0,0,0
SEG014,2024-08-28 08:00:00,South,0.8818,0.442,-0.0217,1,0,0,0
SEG014,2024-08-28 16:00:00,South,0.8174,0.631,-0.0109,1,0,0,0
SEG014,2024-08-28 18:00:00,South,0.9498,1.341,-0.0494,1,0,0,0
SEG014,2024-08-29 15:00:00,South,0.8084,1.473,-0.0035,1,0,0,0
SEG014,2024-08-29 16:00:00,South,0.7731,0.061,-0.0102,1,0,0,0
SEG014,2024-08-29 17:00:00,South,0.9096,0.667,-0.0615,1,0,0,0
SEG014,2024-08-30 08:00:00,South,0.8234,-0.559,-0.0047,1,0,0,0
SEG014,2024-08-30 16:00:00,South,0.8205,0.431,-0.0137,1,0,0,0
SEG014,2024-08-30 17:00:00,South,0.8129,-1.007,-0.0244,1,0,0,0
SEG014,2024-08-30 18:00:00,South,0.8922,0.943,-0.0105,1,0,0,0
SEG014,2024-09-02 16:00:00,South,0.8233,0.842,-0.0086,1,0,0,0
SEG014,2024-09-02 18:00:00,South,0.8284,0.328,-0.0027,1,0,0,0
SEG014,2024-09-03 08:00:00,South,0.8141,0.106,-0.0078,1,0,0,0
SEG014,2024-09-03 16:00:00,South,0.7711,0.176,-0.0096,1,0,0,0
SEG014,2024-09-03 17:00:00,South,0.9986,1.59,-0.0829,1,0,0,0
SEG014,2024-09-04 07:00:00,South,0.7913,0.662,-0.0107,1,0,0,0
SEG014,2024-09-04 08:00:00,South,0.8521,0.105,-0.026,1,0,0,0
SEG014,2024-09-04 15:00:00,South,0.8183,2.212,-0.0054,1,0,0,0
SEG014,2024-09-05 16:00:00,South,0.7735,0.066,-0.025,1,0,0,0
SEG014,2024-09-05 17:00:00,South,0.9314,0.92,-0.0616,1,0,0,0
SEG014,2024-09-05 18:00:00,South,0.952,1.125,-0.0703,1,0,0,0
SEG014,2024-09-06 09:00:00,South,0.7769,0.457,-0.0384,1,0,0,0
SEG014,2024-09-06 16:00:00,South,1.0,2.657,-0.0914,1,0,0,1
SEG014,2024-09-06 17:00:00,South,1.0,1.327,-0.0675,1,0,0,0
SEG014,2024-09-06 18:00:00,South,0.8191,-0.027,-0.0073,1,0,0,0
SEG014,2024-09-09 17:00:00,South,0.8967,0.658,-0.0483,1,0,0,0
SEG014,2024-09-10 19:00:00,South,0.7813,1.408,-0.0161,1,0,0,0
SEG014,2024-09-11 07:00:00,South,0.8566,1.31,-0.0023,1,0,0,0
SEG014,2024-09-11 08:00:00,South,0.8941,0.582,-0.0334,1,0,0,0
SEG014,2024-09-11 11:00:00,South,0.8927,4.377,-0.026,1,1,1,1
SEG014,2024-09-11 12:00:00,South,0.8844,2.637,-0.0223,1,0,0,0
SEG014,2024-09-11 18:00:00,South,0.9026,0.868,-0.0112,1,0,0,0
SEG014,2024-09-12 08:00:00,South,1.0,1.775,-0.0822,1,0,0,0
SEG014,2024-09-12 18:00:00,South,0.8376,-0.009,-0.0324,1,0,0,0
SEG014,2024-09-13 07:00:00,South,0.8375,0.547,-0.0395,1,0,0,0
SEG014,2024-09-13 08:00:00,South,0.9591,0.884,-0.0718,1,0,0,0
SEG014,2024-09-13 19:00:00,South,0.8761,2.495,-0.0331,1,0,0,1
SEG014,2024-09-13 20:00:00,South,0.8025,3.73,-0.0117,1,1,1,0
SEG014,2024-09-14 07:00:00,South,0.7985,1.947,-0.0052,1,0,0,0
SEG014,2024-09-14 08:00:00,South,0.8603,1.99,-0.016,1,0,0,0
SEG014,2024-09-16 08:00:00,South,0.9301,1.416,-0.0742,1,0,0,0
SEG014,2024-09-16 17:00:00,South,0.7513,-0.831,-0.0278,1,0,0,0
SEG014,2024-09-17 07:00:00,South,0.8051,0.975,-0.0182,1,0,0,0
SEG014,2024-09-17 18:00:00,South,0.7643,-0.519,-0.0006,1,0,0,0
SEG014,2024-09-18 08:00:00,South,0.8494,0.075,-0.0318,1,0,0,0
SEG014,2024-09-18 16:00:00,South,0.8403,0.879,-0.045,1,0,0,0
SEG014,2024-09-18 17:00:00,South,0.9106,0.714,-0.0369,1,0,0,0
SEG014,2024-09-18 18:00:00,South,0.9177,1.019,-0.018,1,0,0,0
SEG014,2024-09-19 08:00:00,South,0.835,-0.044,-0.0218,1,0,0,0
SEG014,2024-09-19 16:00:00,South,0.9054,1.707,-0.0359,1,0,0,0
SEG014,2024-09-19 17:00:00,South,0.9342,0.952,-0.051,1,0,0,0
SEG014,2024-09-19 18:00:00,South,0.8691,0.303,-0.0402,1,0,0,0
SEG014,2024-09-20 08:00:00,South,0.9128,0.392,-0.0542,1,0,0,0
SEG014,2024-09-20 17:00:00,South,0.8854,-0.102,-0.0183,1,0,0,0
SEG014,2024-09-20 18:00:00,South,0.8725,0.682,-0.052,1,0,0,0
SEG014,2024-09-23 07:00:00,South,0.8111,1.031,-0.0121,1,0,0,0
SEG014,2024-09-23 08:00:00,South,0.9639,1.779,-0.0651,1,0,0,0
SEG014,2024-09-23 16:00:00,South,0.9322,1.995,-0.0579,1,0,0,0
SEG014,2024-09-23 17:00:00,South,0.9198,0.895,-0.0349,1,0,0,0
SEG014,2024-09-23 18:00:00,South,0.8877,1.094,-0.0675,1,0,0,0
SEG014,2024-09-23 19:00:00,South,0.7613,1.354,-0.0064,1,0,0,0
SEG014,2024-09-24 16:00:00,South,0.8247,0.89,-0.0154,1,0,0,0
SEG014,2024-09-25 08:00:00,South,1.0,1.784,-0.0804,1,0,0,1
SEG014,2024-09-25 09:00:00,South,0.6504,-0.489,-0.0049,1,0,0,0
SEG014,2024-09-25 17:00:00,South,0.9017,0.612,-0.0545,1,0,0,0
SEG014,2024-09-25 18:00:00,South,0.7788,-0.374,-0.0216,1,0,0,0
SEG014,2024-09-26 08:00:00,South,0.8325,-0.072,-0.0136,1,0,0,0
SEG014,2024-09-26 18:00:00,South,0.8836,0.447,-0.0277,1,0,0,0
SEG014,2024-09-27 07:00:00,South,0.9325,1.629,-0.0214,1,0,0,0
SEG014,2024-09-27 08:00:00,South,0.8453,-0.326,-0.0605,1,0,0,0
SEG014,2024-09-27 15:00:00,South,0.789,1.555,-0.0062,1,0,0,0
SEG014,2024-09-27 16:00:00,South,0.9203,1.669,-0.0331,1,0,0,0
SEG014,2024-09-27 17:00:00,South,0.8485,-0.563,-0.0158,1,0,0,0
SEG014,2024-09-27 19:00:00,South,1.0,3.959,-0.0829,1,1,1,1
SEG014,2024-09-29 06:00:00,South,1.0,6.016,-0.0853,1,1,1,1
SEG014,2024-09-29 07:00:00,South,0.9524,5.313,-0.0659,1,1,1,0
SEG014,2024-09-29 08:00:00,South,0.815,3.88,-0.0375,1,1,1,0
SEG014,2024-09-30 08:00:00,South,0.8865,0.947,-0.0334,1,0,0,0
SEG014,2024-09-30 17:00:00,South,0.7393,-0.953,-0.0265,1,0,0,0
SEG014,2024-09-30 19:00:00,South,0.8472,2.203,-0.0132,1,0,0,0
SEG014,2024-10-01 08:00:00,South,0.8511,0.505,-0.0035,1,0,0,0
SEG014,2024-10-02 17:00:00,South,1.0,1.736,-0.0709,1,0,0,0
SEG014,2024-10-02 18:00:00,South,0.8607,0.448,-0.029,1,0,0,0
SEG014,2024-10-03 05:00:00,South,1.0,5.687,-0.0854,1,1,1,1
SEG014,2024-10-03 08:00:00,South,0.9065,0.744,-0.0305,1,0,0,0
SEG014,2024-10-03 09:00:00,South,0.8527,1.375,-0.0177,1,0,0,0
SEG014,2024-10-03 13:00:00,South,1.0,3.803,-0.0859,1,1,1,1
SEG014,2024-10-03 14:00:00,South,1.0,3.15,-0.0863,1,1,1,0
SEG014,2024-10-03 15:00:00,South,1.0,3.2,-0.0802,1,1,1,0
SEG014,2024-10-03 16:00:00,South,0.925,1.951,-0.0344,1,0,0,0
SEG014,2024-10-03 17:00:00,South,0.8918,0.462,-0.033,1,0,0,0
SEG014,2024-10-03 18:00:00,South,0.8337,-0.048,-0.0096,1,0,0,0
SEG014,2024-10-04 07:00:00,South,0.8162,0.304,-0.0115,1,0,0,0
SEG014,2024-10-04 16:00:00,South,0.8216,0.445,-0.0211,1,0,0,0
SEG014,2024-10-04 17:00:00,South,1.0,1.327,-0.0701,1,0,0,0
SEG014,2024-10-04 18:00:00,South,0.9404,1.583,-0.0329,1,0,0,0
SEG014,2024-10-07 08:00:00,South,1.0,2.167,-0.0654,1,0,0,0
SEG014,2024-10-07 17:00:00,South,0.9917,1.631,-0.0801,1,0,0,0
SEG014,2024-10-07 18:00:00,South,0.89,1.123,-0.0235,1,0,0,0
SEG014,2024-10-08 09:00:00,South,0.8384,1.922,-0.022,1,0,0,0
SEG014,2024-10-08 17:00:00,South,0.8192,-0.216,-0.0013,1,0,0,0
SEG014,2024-10-08 18:00:00,South,0.9204,1.449,-0.057,1,0,0,0
SEG014,2024-10-09 08:00:00,South,1.0,1.784,-0.0937,1,0,0,1
SEG014,2024-10-09 09:00:00,South,1.0,2.973,-0.0758,1,0,0,0
SEG014,2024-10-09 16:00:00,South,0.8365,0.838,-0.0276,1,0,0,0
SEG014,2024-10-09 17:00:00,South,0.8828,0.396,-0.0396,1,0,0,0
SEG014,2024-10-09 18:00:00,South,0.8313,0.153,-0.0249,1,0,0,0
SEG014,2024-10-10 08:00:00,South,0.8449,0.065,-0.0327,1,0,0,0
SEG014,2024-10-10 17:00:00,South,0.9904,1.602,-0.0832,1,0,0,0
SEG014,2024-10-10 18:00:00,South,0.8565,0.178,-0.0297,1,0,0,0
SEG014,2024-10-11 07:00:00,South,0.8177,0.321,-0.0282,1,0,0,0
SEG014,2024-10-11 08:00:00,South,1.0,1.318,-0.0425,1,0,0,0
SEG014,2024-10-11 17:00:00,South,0.862,-0.394,-0.0314,1,0,0,0
SEG014,2024-10-11 18:00:00,South,0.9313,1.462,-0.0369,1,0,0,0
SEG014,2024-10-12 17:00:00,South,0.7714,1.001,-0.0153,1,0,0,0
SEG014,2024-10-14 07:00:00,South,0.7674,0.529,-0.0164,1,0,0,0
SEG014,2024-10-14 16:00:00,South,0.8259,0.87,-0.0052,1,0,0,0
SEG014,2024-10-15 08:00:00,South,0.8634,0.638,-0.0372,1,0,0,0
SEG014,2024-10-15 16:00:00,South,0.7708,0.172,-0.0255,1,0,0,0
SEG014,2024-10-15 17:00:00,South,0.9017,0.614,-0.0335,1,0,0,0
SEG014,2024-10-15 18:00:00,South,0.8537,0.608,-0.0133,1,0,0,0
SEG014,2024-10-16 07:00:00,South,1.0,2.734,-0.0903,1,0,0,1
SEG014,2024-10-16 08:00:00,South,1.0,1.784,-0.0842,1,0,0,0
SEG014,2024-10-16 09:00:00,South,0.768,0.675,-0.0011,1,0,0,0
SEG014,2024-10-16 17:00:00,South,1.0,1.736,-0.0713,1,0,0,1
SEG014,2024-10-16 18:00:00,South,0.9689,1.533,-0.0703,1,0,0,0
SEG014,2024-10-17 07:00:00,South,0.9802,2.283,-0.0369,1,0,0,0
SEG014,2024-10-17 16:00:00,South,0.8746,1.324,-0.0397,1,0,0,0
SEG014,2024-10-17 17:00:00,South,0.8544,0.029,-0.0256,1,0,0,0
SEG014,2024-10-18 07:00:00,South,0.8484,0.671,-0.0179,1,0,0,0
SEG014,2024-10-18 08:00:00,South,0.953,0.819,-0.0716,1,0,0,0
SEG014,2024-10-18 16:00:00,South,0.8802,1.171,-0.0209,1,0,0,0
SEG014,2024-10-18 17:00:00,South,0.8238,-0.871,-0.0187,1,0,0,0
SEG014,2024-10-18 18:00:00,South,0.7941,-0.359,-0.0176,1,0,0,0
SEG014,2024-10-18 22:00:00,South,1.0,6.011,-0.0882,1,1,1,1
SEG014,2024-10-22 07:00:00,South,0.887,2.05,-0.0286,1,0,0,0
SEG014,2024-10-22 08:00:00,South,0.926,1.312,-0.0607,1,0,0,0
SEG014,2024-10-23 09:00:00,South,0.7591,0.587,-0.004,1,0,0,0
SEG014,2024-10-23 17:00:00,South,1.0,1.736,-0.0677,1,0,0,0
SEG014,2024-10-24 08:00:00,South,0.8646,0.282,-0.0433,1,0,0,0
SEG014,2024-10-24 09:00:00,South,0.7931,0.724,-0.0054,1,0,0,0
SEG014,2024-10-24 17:00:00,South,1.0,1.713,-0.0589,1,0,0,0
SEG014,2024-10-24 18:00:00,South,1.0,1.601,-0.0857,1,0,0,1
SEG014,2024-10-25 07:00:00,South,0.7963,0.077,-0.0052,1,0,0,0
SEG014,2024-10-25 08:00:00,South,0.8097,-0.704,-0.0025,1,0,0,0
SEG014,2024-10-25 16:00:00,South,0.852,0.822,-0.0399,1,0,0,0
SEG014,2024-10-25 17:00:00,South,1.0,1.327,-0.0667,1,0,0,0
SEG014,2024-10-25 18:00:00,South,0.8088,-0.164,-0.0398,1,0,0,0
SEG014,2024-10-26 17:00:00,South,1.0,3.403,-0.0745,1,1,1,1
SEG014,2024-10-26 22:00:00,South,1.0,4.606,-0.0898,1,1,1,1
SEG014,2024-10-28 08:00:00,South,0.9049,1.145,-0.0482,1,0,0,0
SEG014,2024-10-28 17:00:00,South,0.7687,-0.652,-0.0102,1,0,0,0
SEG014,2024-10-28 18:00:00,South,0.8617,0.758,-0.0427,1,0,0,0
SEG014,2024-10-29 08:00:00,South,0.8149,0.115,-0.0237,1,0,0,0
SEG014,2024-10-29 17:00:00,South,0.7787,-0.624,-0.0068,1,0,0,0
SEG014,2024-10-29 18:00:00,South,0.9744,2.13,-0.0755,1,0,0,0
SEG014,2024-10-30 07:00:00,South,0.7733,0.483,-0.0095,1,0,0,0
SEG014,2024-10-30 17:00:00,South,0.777,-0.814,-0.0095,1,0,0,0
SEG014,2024-10-30 18:00:00,South,0.8197,0.036,-0.0011,1,0,0,0
SEG014,2024-10-30 22:00:00,South,1.0,4.521,-0.0936,1,1,1,1
SEG014,2024-10-31 07:00:00,South,0.8455,0.953,-0.036,1,0,0,0
SEG014,2024-10-31 16:00:00,South,1.0,2.885,-0.0762,1,0,0,1
SEG014,2024-10-31 17:00:00,South,0.918,0.765,-0.017,1,0,0,0
SEG014,2024-11-01 08:00:00,South,1.0,1.318,-0.0735,1,0,0,0
SEG014,2024-11-01 17:00:00,South,0.9408,0.589,-0.0519,1,0,0,0
SEG014,2024-11-01 18:00:00,South,0.8612,0.532,-0.036,1,0,0,0
SEG014,2024-11-03 12:00:00,South,1.0,6.246,-0.0938,1,1,1,1
SEG014,2024-11-03 13:00:00,South,0.8005,5.718,-0.0146,1,1,1,0
SEG014,2024-11-04 07:00:00,South,0.7177,-0.041,-0.0001,1,0,0,0
SEG014,2024-11-04 08:00:00,South,0.9099,1.199,-0.0377,1,0,0,0
SEG014,2024-11-04 16:00:00,South,0.8786,1.427,-0.0255,1,0,0,0
SEG014,2024-11-04 18:00:00,South,0.8767,0.952,-0.0325,1,0,0,0
SEG014,2024-11-04 19:00:00,South,0.9895,3.611,-0.0769,1,1,1,1
SEG014,2024-11-05 08:00:00,South,0.8805,0.822,-0.0097,1,0,0,0
SEG014,2024-11-05 09:00:00,South,0.8501,2.072,-0.0106,1,0,0,0
SEG014,2024-11-05 16:00:00,South,0.7999,0.56,-0.0176,1,0,0,0
SEG014,2024-11-06 08:00:00,South,0.9141,0.809,-0.0507,1,0,0,0
SEG014,2024-11-06 17:00:00,South,0.9284,0.917,-0.0324,1,0,0,0
SEG014,2024-11-06 18:00:00,South,0.9475,1.318,-0.0698,1,0,0,0
SEG014,2024-11-07 07:00:00,South,0.79,0.405,-0.0272,1,0,0,0
SEG014,2024-11-07 10:00:00,South,0.8265,2.378,-0.0166,1,0,0,1
SEG014,2024-11-07 17:00:00,South,0.7927,-0.684,-0.0155,1,0,0,0
SEG014,2024-11-07 18:00:00,South,0.8194,-0.19,-0.0128,1,0,0,0
SEG014,2024-11-08 08:00:00,South,0.9267,0.539,-0.0642,1,0,0,0
SEG014,2024-11-08 17:00:00,South,0.9185,0.311,-0.0239,1,0,0,0
SEG014,2024-11-08 18:00:00,South,0.8238,0.035,-0.0072,1,0,0,0
SEG014,2024-11-11 17:00:00,South,0.9731,1.441,-0.0757,1,0,0,0
SEG014,2024-11-11 18:00:00,South,0.8812,1.01,-0.0457,1,0,0,0
SEG014,2024-11-12 07:00:00,South,0.8003,0.912,-0.0176,1,0,0,0
SEG014,2024-11-12 08:00:00,South,0.8087,0.048,-0.0109,1,0,0,0
SEG014,2024-11-12 16:00:00,South,0.8607,1.37,-0.022,1,0,0,0
SEG014,2024-11-12 18:00:00,South,0.9611,1.962,-0.0743,1,0,0,0
SEG014,2024-11-12 19:00:00,South,1.0,3.545,-0.0936,1,1,1,1
SEG014,2024-11-12 20:00:00,South,1.0,4.275,-0.0789,1,1,1,0
SEG014,2024-11-13 16:00:00,South,0.8924,1.443,-0.0675,1,0,0,0
SEG014,2024-11-13 17:00:00,South,1.0,1.736,-0.0761,1,0,0,0
SEG014,2024-11-13 18:00:00,South,0.8511,0.351,-0.0151,1,0,0,0
SEG014,2024-11-14 09:00:00,South,0.845,1.291,-0.0241,1,0,0,0
SEG014,2024-11-14 16:00:00,South,0.8966,1.598,-0.0533,1,0,0,0
SEG014,2024-11-14 17:00:00,South,0.9518,1.155,-0.0459,1,0,0,0
SEG014,2024-11-15 07:00:00,South,0.9804,2.175,-0.0741,1,0,0,0
SEG014,2024-11-15 08:00:00,South,0.8526,-0.248,-0.0231,1,0,0,0
SEG014,2024-11-15 17:00:00,South,1.0,1.327,-0.0623,1,0,0,0
SEG014,2024-11-16 10:00:00,South,1.0,4.416,-0.0892,1,1,1,1
SEG014,2024-11-17 22:00:00,South,0.8447,4.073,-0.0388,1,1,1,1
SEG014,2024-11-18 17:00:00,South,1.0,1.716,-0.0444,1,0,0,0
SEG014,2024-11-18 18:00:00,South,0.9441,1.822,-0.0747,1,0,0,0
SEG014,2024-11-19 08:00:00,South,0.8835,0.854,-0.0119,1,0,0,0
SEG014,2024-11-19 09:00:00,South,0.7875,1.273,-0.0112,1,0,0,0
SEG014,2024-11-19 16:00:00,South,0.8134,0.739,-0.0176,1,0,0,0
SEG014,2024-11-19 17:00:00,South,0.8697,0.292,-0.0132,1,0,0,0
SEG014,2024-11-19 18:00:00,South,0.7959,-0.121,-0.0345,1,0,0,0
SEG014,2024-11-20 18:00:00,South,0.8872,0.713,-0.0616,1,0,0,0
SEG014,2024-11-21 08:00:00,South,0.8663,0.301,-0.0122,1,0,0,0
SEG014,2024-11-21 16:00:00,South,0.8788,1.376,-0.0251,1,0,0,0
SEG014,2024-11-21 17:00:00,South,0.8646,0.147,-0.0168,1,0,0,0
SEG014,2024-11-21 18:00:00,South,1.0,1.601,-0.0749,1,0,0,0
SEG014,2024-11-22 08:00:00,South,0.9235,0.505,-0.0519,1,0,0,0
SEG014,2024-11-22 13:00:00,South,0.7823,1.663,-0.0057,1,0,0,0
SEG014,2024-11-22 15:00:00,South,0.7982,1.662,-0.0052,1,0,0,0
SEG014,2024-11-22 16:00:00,South,0.8423,0.701,-0.0395,1,0,0,0
SEG014,2024-11-22 17:00:00,South,0.9925,1.234,-0.0742,1,0,0,0
SEG014,2024-11-25 08:00:00,South,0.9446,1.571,-0.0447,1,0,0,0
SEG014,2024-11-25 18:00:00,South,0.8256,0.292,-0.0088,1,0,0,0
SEG014,2024-11-26 08:00:00,South,0.9199,1.246,-0.0601,1,0,0,0
SEG014,2024-11-26 16:00:00,South,0.8681,1.468,-0.0178,1,0,0,0
SEG014,2024-11-26 17:00:00,South,0.9414,1.014,-0.064,1,0,0,0
SEG014,2024-11-26 18:00:00,South,0.8095,0.051,-0.0117,1,0,0,0
SEG014,2024-11-27 08:00:00,South,0.8766,0.383,-0.0503,1,0,0,0
SEG014,2024-11-27 10:00:00,South,0.8173,2.169,-0.0106,1,0,0,0
SEG014,2024-11-27 17:00:00,South,0.8704,0.254,-0.0188,1,0,0,0
SEG014,2024-11-27 18:00:00,South,0.9299,1.142,-0.0232,1,0,0,0
SEG014,2024-11-28 09:00:00,South,0.7952,0.747,-0.0282,1,0,0,0
SEG014,2024-11-28 16:00:00,South,0.8083,0.499,-0.026,1,0,0,0
SEG014,2024-11-28 17:00:00,South,0.9622,1.276,-0.0687,1,0,0,0
SEG014,2024-11-28 18:00:00,South,0.8827,0.438,-0.0192,1,0,0,0
SEG014,2024-11-29 07:00:00,South,0.9418,1.735,-0.0667,1,0,0,0
SEG014,2024-11-29 08:00:00,South,1.0,1.318,-0.0614,1,0,0,0
SEG014,2024-11-29 13:00:00,South,0.8833,2.739,-0.022,1,0,0,0
SEG014,2024-11-29 17:00:00,South,0.9677,0.924,-0.0716,1,0,0,0
SEG014,2024-11-29 18:00:00,South,0.9213,1.33,-0.0653,1,0,0,0
SEG014,2024-11-29 19:00:00,South,0.8631,2.342,-0.016,1,0,0,0
SEG014,2024-12-02 08:00:00,South,0.9415,1.538,-0.0418,1,0,0,0
SEG014,2024-12-02 15:00:00,South,0.7359,1.713,-0.0205,1,0,0,0
SEG014,2024-12-02 18:00:00,South,0.7853,-0.228,-0.0112,1,0,0,0
SEG014,2024-12-03 17:00:00,South,0.8486,0.08,-0.0098,1,0,0,0
SEG014,2024-12-04 08:00:00,South,0.9517,1.236,-0.074,1,0,0,0
SEG014,2024-12-04 18:00:00,South,0.8888,0.729,-0.0114,1,0,0,0
SEG014,2024-12-05 06:00:00,South,0.7649,3.668,-0.0062,1,1,1,0
SEG014,2024-12-05 08:00:00,South,0.7468,-1.017,-0.0081,1,0,0,0
SEG014,2024-12-05 09:00:00,South,0.8917,1.801,-0.0336,1,0,0,0
SEG014,2024-12-05 17:00:00,South,0.8979,0.532,-0.0608,1,0,0,0
SEG014,2024-12-05 18:00:00,South,1.0,1.601,-0.0775,1,0,0,0
SEG014,2024-12-06 16:00:00,South,0.885,1.231,-0.0513,1,0,0,0
SEG014,2024-12-06 17:00:00,South,1.0,1.327,-0.0667,1,0,0,0
SEG014,2024-12-07 17:00:00,South,0.8874,2.22,-0.0475,1,0,0,0
SEG014,2024-12-07 18:00:00,South,0.9132,3.426,-0.0723,1,1,1,0
SEG014,2024-12-09 17:00:00,South,0.8462,0.141,-0.0329,1,0,0,0
SEG014,2024-12-09 18:00:00,South,0.8956,1.196,-0.0327,1,0,0,0
SEG014,2024-12-10 07:00:00,South,0.7793,0.637,-0.0086,1,0,0,0
SEG014,2024-12-10 17:00:00,South,0.7814,-0.596,-0.0032,1,0,0,0
SEG014,2024-12-10 18:00:00,South,0.8322,0.337,-0.0186,1,0,0,0
SEG014,2024-12-11 08:00:00,South,0.8214,-0.243,-0.0052,1,0,0,0
SEG014,2024-12-11 09:00:00,South,0.7501,0.498,-0.0017,1,0,0,0
SEG014,2024-12-11 18:00:00,South,0.8258,0.098,-0.0241,1,0,0,0
SEG014,2024-12-12 08:00:00,South,0.8527,0.151,-0.0398,1,0,0,0
SEG014,2024-12-12 16:00:00,South,0.8202,0.647,-0.0021,1,0,0,0
SEG014,2024-12-12 17:00:00,South,1.0,1.713,-0.0777,1,0,0,0
SEG014,2024-12-12 18:00:00,South,1.0,1.601,-0.0589,1,0,0,0
SEG014,2024-12-13 08:00:00,South,0.8115,-0.685,-0.0109,1,0,0,0
SEG014,2024-12-13 09:00:00,South,0.7674,0.352,-0.0311,1,0,0,0
SEG014,2024-12-13 16:00:00,South,0.8241,0.476,-0.022,1,0,0,0
SEG014,2024-12-13 17:00:00,South,0.8504,-0.539,-0.0366,1,0,0,0
SEG014,2024-12-16 16:00:00,South,0.7602,0.175,-0.0334,1,0,0,0
SEG014,2024-12-16 18:00:00,South,0.8395,0.471,-0.0172,1,0,0,0
SEG014,2024-12-17 07:00:00,South,0.799,0.895,-0.0204,1,0,0,0
SEG014,2024-12-17 08:00:00,South,1.0,2.109,-0.0722,1,0,0,0
SEG014,2024-12-17 17:00:00,South,0.9298,0.897,-0.0466,1,0,0,0
SEG014,2024-12-17 18:00:00,South,0.8366,0.393,-0.0319,1,0,0,0
SEG014,2024-12-18 08:00:00,South,0.9039,0.693,-0.0377,1,0,0,0
SEG014,2024-12-19 07:00:00,South,0.8413,0.912,-0.0348,1,0,0,0
SEG014,2024-12-19 17:00:00,South,0.8813,0.34,-0.0498,1,0,0,0
SEG014,2024-12-20 08:00:00,South,0.9325,0.601,-0.0811,1,0,0,0
SEG014,2024-12-20 17:00:00,South,0.9751,1.017,-0.0767,1,0,0,0
SEG014,2024-12-20 18:00:00,South,0.925,1.379,-0.0317,1,0,0,0
SEG014,2024-12-20 21:00:00,South,1.0,4.298,-0.0903,1,1,1,1
SEG014,2024-12-21 17:00:00,South,0.8834,2.178,-0.0549,1,0,0,0
SEG014,2024-12-23 08:00:00,South,0.7827,-0.168,-0.0067,1,0,0,0
SEG014,2024-12-23 16:00:00,South,0.8912,1.561,-0.0433,1,0,0,0
SEG014,2024-12-23 17:00:00,South,0.786,-0.475,-0.0121,1,0,0,0
SEG014,2024-12-23 18:00:00,South,0.849,0.594,-0.0126,1,0,0,0
SEG014,2024-12-23 19:00:00,South,0.8183,1.918,-0.0327,1,0,0,0
SEG014,2024-12-24 18:00:00,South,0.8591,0.676,-0.0598,1,0,0,0
SEG014,2024-12-25 08:00:00,South,0.9064,0.722,-0.0557,1,0,0,0
SEG014,2024-12-25 18:00:00,South,0.8948,0.79,-0.0711,1,0,0,0
SEG014,2024-12-26 08:00:00,South,0.9242,0.939,-0.0616,1,0,0,0
SEG014,2024-12-26 09:00:00,South,0.7805,0.587,-0.0041,1,0,0,0
SEG014,2024-12-26 17:00:00,South,0.852,0.001,-0.0201,1,0,0,0
SEG014,2024-12-26 18:00:00,South,0.9262,0.869,-0.0609,1,0,0,0
SEG014,2024-12-27 08:00:00,South,1.0,1.318,-0.0728,1,0,0,0
SEG014,2024-12-27 09:00:00,South,0.8321,1.071,-0.0218,1,0,0,0
SEG014,2024-12-30 08:00:00,South,0.8163,0.193,-0.013,1,0,0,0
SEG014,2024-12-30 17:00:00,South,0.9291,0.99,-0.036,1,0,0,0
SEG016,2024-01-01 17:00:00,North,0.9181,1.001,-0.0168,1,0,0,0
SEG016,2024-01-03 06:00:00,North,1.0,4.202,-0.0459,1,1,1,1
SEG016,2024-01-03 07:00:00,North,1.0,2.299,-0.0533,1,0,0,0
SEG016,2024-01-03 08:00:00,North,1.0,1.861,-0.046,1,0,0,0
SEG016,2024-01-04 18:00:00,North,0.9601,1.468,-0.0127,1,0,0,0
SEG016,2024-01-08 06:00:00,North,1.0,5.049,-0.0419,1,1,1,1
SEG016,2024-01-08 07:00:00,North,1.0,2.226,-0.0366,1,0,0,0
SEG016,2024-01-08 11:00:00,North,1.0,4.028,-0.0441,1,1,1,1
SEG016,2024-01-08 16:00:00,North,1.0,2.509,-0.0387,1,0,0,1
SEG016,2024-01-08 17:00:00,North,1.0,1.774,-0.0531,1,0,0,1
SEG016,2024-01-09 17:00:00,North,1.0,1.929,-0.0293,1,0,0,1
SEG016,2024-01-11 19:00:00,North,1.0,2.942,-0.0483,1,0,0,1
SEG016,2024-01-11 20:00:00,North,1.0,4.0,-0.0132,1,1,1,0
SEG016,2024-01-12 16:00:00,North,1.0,1.883,-0.0205,1,0,0,1
SEG016,2024-01-12 17:00:00,North,1.0,1.437,-0.0469,1,0,0,0
SEG016,2024-01-12 18:00:00,North,1.0,1.497,-0.0536,1,0,0,1
SEG016,2024-01-12 19:00:00,North,1.0,2.591,-0.0591,1,0,0,0
SEG016,2024-01-17 08:00:00,North,0.8671,0.432,-0.0017,1,0,0,0
SEG016,2024-01-19 17:00:00,North,1.0,1.437,-0.0363,1,0,0,1
SEG016,2024-01-19 18:00:00,North,1.0,1.497,-0.0672,1,0,0,0
SEG016,2024-01-19 19:00:00,North,1.0,2.591,-0.0403,1,0,0,0
SEG016,2024-01-19 23:00:00,North,1.0,4.863,-0.0003,1,1,1,1
SEG016,2024-01-20 16:00:00,North,1.0,3.271,-0.0456,1,1,1,1
SEG016,2024-01-22 17:00:00,North,1.0,1.774,-0.0279,1,0,0,1
SEG016,2024-01-22 18:00:00,North,1.0,1.965,-0.0075,1,0,0,0
SEG016,2024-01-23 07:00:00,North,0.9371,1.918,-0.0221,1,0,0,0
SEG016,2024-01-23 16:00:00,North,0.9364,1.981,-0.0266,1,0,0,0
SEG016,2024-01-23 17:00:00,North,0.9332,1.236,-0.039,1,0,0,0
SEG016,2024-01-26 08:00:00,North,0.9537,1.054,-0.0063,1,0,0,0
SEG016,2024-01-26 17:00:00,North,0.914,0.347,-0.0285,1,0,0,0
SEG016,2024-01-29 16:00:00,North,1.0,2.509,-0.0428,1,0,0,1
SEG016,2024-01-29 19:00:00,North,1.0,2.497,-0.0285,1,0,0,1
SEG016,2024-02-01 15:00:00,North,1.0,3.411,-0.0237,1,1,1,1
SEG016,2024-02-02 17:00:00,North,0.9137,0.343,-0.0075,1,0,0,0
SEG016,2024-02-06 08:00:00,North,0.9374,1.166,-0.0203,1,0,0,0
SEG016,2024-02-07 08:00:00,North,0.9063,0.854,-0.0101,1,0,0,0
SEG016,2024-02-09 13:00:00,North,1.0,2.561,-0.0228,1,0,0,1
SEG016,2024-02-09 14:00:00,North,1.0,2.242,-0.0121,1,0,0,0
SEG016,2024-02-09 15:00:00,North,1.0,1.969,-0.0457,1,0,0,0
SEG016,2024-02-10 19:00:00,North,1.0,3.379,-0.0419,1,1,1,1
SEG016,2024-02-13 07:00:00,North,1.0,2.504,-0.0414,1,0,0,1
SEG016,2024-02-13 08:00:00,North,1.0,1.75,-0.0732,1,0,0,0
SEG016,2024-02-13 22:00:00,North,1.0,6.138,-0.0227,1,1,1,1
SEG016,2024-02-16 08:00:00,North,0.9923,1.512,-0.0636,1,0,0,0
SEG016,2024-02-16 10:00:00,North,1.0,4.061,-0.0325,1,1,1,1
SEG016,2024-02-16 11:00:00,North,1.0,3.269,-0.0037,1,1,1,0
SEG016,2024-02-16 12:00:00,North,0.9709,2.75,-0.0345,1,0,0,0
SEG016,2024-02-19 16:00:00,North,1.0,2.509,-0.0441,1,0,0,1
SEG016,2024-02-23 17:00:00,North,1.0,1.437,-0.0548,1,0,0,0
SEG016,2024-02-26 20:00:00,North,1.0,4.071,-0.0301,1,1,1,1
SEG016,2024-02-27 17:00:00,North,0.9157,1.055,-0.0199,1,0,0,0
SEG016,2024-02-29 08:00:00,North,0.9794,1.391,-0.0676,1,0,0,0
SEG016,2024-02-29 18:00:00,North,1.0,1.855,-0.0515,1,0,0,1
SEG016,2024-02-29 19:00:00,North,1.0,2.942,-0.0295,1,0,0,0
SEG016,2024-03-01 09:00:00,North,1.0,2.455,-0.019,1,0,0,1
SEG016,2024-03-04 07:00:00,North,1.0,2.226,-0.0461,1,0,0,1
SEG016,2024-03-04 08:00:00,North,1.0,1.891,-0.0554,1,0,0,0
SEG016,2024-03-04 09:00:00,North,1.0,3.043,-0.0306,1,1,1,1
SEG016,2024-03-04 10:00:00,North,0.9305,2.955,-0.0051,1,0,0,0
SEG016,2024-03-07 09:00:00,North,1.0,2.751,-0.0356,1,0,0,1
SEG016,2024-03-07 10:00:00,North,1.0,3.601,-0.0159,1,1,1,0
SEG016,2024-03-07 19:00:00,North,1.0,2.942,-0.054,1,0,0,1
SEG016,2024-03-08 12:00:00,North,1.0,2.995,-0.0314,1,0,0,1
SEG016,2024-03-08 13:00:00,North,1.0,2.561,-0.0407,1,0,0,0
SEG016,2024-03-08 17:00:00,North,0.8855,-0.015,-0.0061,1,0,0,0
SEG016,2024-03-10 16:00:00,North,1.0,5.746,-0.0465,1,1,1,1
SEG016,2024-03-10 18:00:00,North,1.0,4.048,-0.0004,1,1,1,1
SEG016,2024-03-10 19:00:00,North,1.0,5.502,-0.0435,1,1,1,1
SEG016,2024-03-14 08:00:00,North,1.0,1.601,-0.0515,1,0,0,0
SEG016,2024-03-14 16:00:00,North,0.912,1.72,-0.0132,1,0,0,0
SEG016,2024-03-15 17:00:00,North,0.9687,1.04,-0.0298,1,0,0,0
SEG016,2024-03-15 18:00:00,North,1.0,1.497,-0.0387,1,0,0,1
SEG016,2024-03-15 19:00:00,North,1.0,2.591,-0.0077,1,0,0,0
SEG016,2024-03-17 17:00:00,North,1.0,4.284,-0.0474,1,1,1,1
SEG016,2024-03-17 18:00:00,North,0.9864,3.937,-0.0261,1,1,1,0
SEG016,2024-03-19 17:00:00,North,0.8868,0.755,-0.006,1,0,0,0
SEG016,2024-03-21 08:00:00,North,1.0,1.601,-0.0346,1,0,0,1
SEG016,2024-03-21 17:00:00,North,0.9821,1.495,-0.0294,1,0,0,0
SEG016,2024-03-22 14:00:00,North,1.0,2.242,-0.0475,1,0,0,1
SEG016,2024-03-22 15:00:00,North,1.0,1.969,-0.0556,1,0,0,0
SEG016,2024-03-22 17:00:00,North,0.9104,0.301,-0.0384,1,0,0,0
SEG016,2024-03-23 17:00:00,North,0.9605,2.07,-0.0467,1,0,0,0
SEG016,2024-03-25 22:00:00,North,1.0,5.853,-0.0392,1,1,1,1
SEG016,2024-03-26 12:00:00,North,1.0,3.699,-0.0492,1,1,1,1
SEG016,2024-03-26 17:00:00,North,0.8985,0.876,-0.0002,1,0,0,0
SEG016,2024-03-26 19:00:00,North,1.0,3.108,-0.0534,1,1,1,1
SEG016,2024-03-27 09:00:00,North,1.0,2.502,-0.0541,1,0,0,1
SEG016,2024-03-27 10:00:00,North,1.0,4.151,-0.0123,1,1,1,0
SEG016,2024-03-27 11:00:00,North,0.9608,4.242,-0.0077,1,1,1,0
SEG016,2024-03-29 13:00:00,North,1.0,2.561,-0.0282,1,0,0,1
SEG016,2024-03-29 14:00:00,North,1.0,2.242,-0.0146,1,0,0,0
SEG016,2024-03-30 08:00:00,North,1.0,2.698,-0.0624,1,0,0,1
SEG016,2024-04-01 15:00:00,North,1.0,2.56,-0.0144,1,0,0,1
SEG016,2024-04-04 15:00:00,North,1.0,3.411,-0.0166,1,1,1,1
SEG016,2024-04-04 16:00:00,North,1.0,2.679,-0.0361,1,0,0,0
SEG016,2024-04-05 08:00:00,North,0.9537,1.054,-0.0167,1,0,0,1
SEG016,2024-04-09 08:00:00,North,1.0,1.75,-0.0227,1,0,0,1
SEG016,2024-04-10 18:00:00,North,1.0,2.229,-0.042,1,0,0,1
SEG016,2024-04-13 08:00:00,North,1.0,2.698,-0.0486,1,0,0,1
SEG016,2024-04-13 09:00:00,North,1.0,2.895,-0.0009,1,0,0,0
SEG016,2024-04-19 08:00:00,North,0.8893,0.289,-0.0046,1,0,0,0
SEG016,2024-04-22 08:00:00,North,1.0,1.891,-0.0548,1,0,0,1
SEG016,2024-04-24 17:00:00,North,0.9165,1.066,-0.0097,1,0,0,0
SEG016,2024-04-24 18:00:00,North,0.9035,1.204,-0.0002,1,0,0,0
SEG016,2024-04-25 07:00:00,North,1.0,2.432,-0.0469,1,0,0,0
SEG016,2024-04-25 17:00:00,North,1.0,1.689,-0.0408,1,0,0,1
SEG016,2024-04-26 17:00:00,North,0.9789,1.169,-0.0486,1,0,0,0
SEG016,2024-04-29 07:00:00,North,0.9455,1.791,-0.0202,1,0,0,0
SEG016,2024-04-29 10:00:00,North,1.0,3.541,-0.049,1,1,1,1
SEG016,2024-04-29 11:00:00,North,1.0,4.028,-0.0625,1,1,1,0
SEG016,2024-05-01 08:00:00,North,1.0,1.861,-0.0236,1,0,0,1
SEG016,2024-05-01 09:00:00,North,1.0,2.502,-0.031,1,0,0,0
SEG016,2024-05-02 07:00:00,North,0.9169,1.602,-0.0081,1,0,0,0
SEG016,2024-05-02 09:00:00,North,1.0,2.751,-0.0416,1,0,0,1
SEG016,2024-05-02 10:00:00,North,1.0,3.601,-0.0366,1,1,1,0
SEG016,2024-05-03 18:00:00,North,0.9509,0.966,-0.0317,1,0,0,0
SEG016,2024-05-07 17:00:00,North,0.9603,1.517,-0.0277,1,0,0,0
SEG016,2024-05-09 08:00:00,North,0.9733,1.329,-0.0413,1,0,0,0
SEG016,2024-05-10 08:00:00,North,1.0,1.604,-0.0296,1,0,0,1
SEG016,2024-05-10 16:00:00,North,1.0,1.883,-0.0462,1,0,0,0
SEG016,2024-05-10 17:00:00,North,0.9912,1.325,-0.0272,1,0,0,0
SEG016,2024-05-13 08:00:00,North,1.0,1.891,-0.0658,1,0,0,1
SEG016,2024-05-13 09:00:00,North,1.0,3.043,-0.0386,1,1,1,0
SEG016,2024-05-13 17:00:00,North,1.0,1.774,-0.0409,1,0,0,1
SEG016,2024-05-17 17:00:00,North,0.9741,1.109,-0.0461,1,0,0,0
SEG016,2024-05-18 14:00:00,North,1.0,5.288,-0.0322,1,1,1,1
SEG016,2024-05-18 15:00:00,North,1.0,4.298,-0.0414,1,1,1,0
SEG016,2024-05-18 17:00:00,North,1.0,2.385,-0.0345,1,0,0,0
SEG016,2024-05-20 08:00:00,North,1.0,1.891,-0.0193,1,0,0,1
SEG016,2024-05-21 08:00:00,North,0.9819,1.581,-0.0548,1,0,0,0
SEG016,2024-05-21 18:00:00,North,1.0,2.237,-0.0472,1,0,0,1
SEG016,2024-05-24 08:00:00,North,0.9178,0.627,-0.0312,1,0,0,0
SEG016,2024-05-24 11:00:00,North,1.0,3.269,-0.0557,1,1,1,1
SEG016,2024-05-24 12:00:00,North,1.0,2.995,-0.0433,1,0,0,0
SEG016,2024-05-24 15:00:00,North,1.0,1.969,-0.0243,1,0,0,1
SEG016,2024-05-27 18:00:00,North,1.0,1.965,-0.0385,1,0,0,1
SEG016,2024-05-27 19:00:00,North,1.0,2.497,-0.02,1,0,0,0
SEG016,2024-05-30 00:00:00,North,1.0,6.65,-0.0276,1,1,1,1
SEG016,2024-05-31 15:00:00,North,1.0,1.969,-0.0318,1,0,0,1
SEG016,2024-05-31 16:00:00,North,1.0,1.883,-0.0057,1,0,0,0
SEG016,2024-06-04 07:00:00,North,1.0,2.504,-0.0507,1,0,0,1
SEG016,2024-06-06 13:00:00,North,1.0,3.749,-0.0347,1,1,1,1
SEG016,2024-06-08 08:00:00,North,1.0,2.698,-0.0428,1,0,0,1
SEG016,2024-06-08 17:00:00,North,1.0,2.385,-0.047,1,0,0,1
SEG016,2024-06-08 18:00:00,North,1.0,2.909,-0.0416,1,0,0,1
SEG016,2024-06-08 19:00:00,North,1.0,3.379,-0.0665,1,1,1,0
SEG016,2024-06-10 07:00:00,North,1.0,2.226,-0.0756,1,0,0,1
SEG016,2024-06-10 16:00:00,North,0.9945,2.458,-0.0472,1,0,0,0
SEG016,2024-06-10 18:00:00,North,0.9405,1.381,-0.0042,1,0,0,0
SEG016,2024-06-11 08:00:00,North,0.97,1.47,-0.0182,1,0,0,0
SEG016,2024-06-14 08:00:00,North,0.9309,0.783,-0.0067,1,0,0,0
SEG016,2024-06-17 15:00:00,North,1.0,2.56,-0.0634,1,0,0,1
SEG016,2024-06-17 17:00:00,North,0.9704,1.494,-0.0221,1,0,0,0
SEG016,2024-06-19 15:00:00,North,1.0,3.173,-0.0212,1,1,1,1
SEG016,2024-06-19 16:00:00,North,1.0,2.832,-0.0061,1,0,0,0
SEG016,2024-06-19 17:00:00,North,1.0,2.0,-0.0468,1,0,0,0
SEG016,2024-06-19 18:00:00,North,1.0,2.229,-0.0667,1,0,0,1
SEG016,2024-06-19 19:00:00,North,1.0,2.431,-0.0461,1,0,0,0
SEG016,2024-06-21 17:00:00,North,0.9844,1.239,-0.0538,1,0,0,0
SEG016,2024-06-21 18:00:00,North,0.945,0.902,-0.0047,1,0,0,0
SEG016,2024-06-26 07:00:00,North,0.8897,1.285,-0.0071,1,0,0,0
SEG016,2024-06-26 14:00:00,North,1.0,4.833,-0.0328,1,1,1,1
SEG016,2024-06-26 15:00:00,North,1.0,3.173,-0.0439,1,1,1,0
SEG016,2024-06-28 15:00:00,North,1.0,1.969,-0.0187,1,0,0,1
SEG016,2024-06-28 17:00:00,North,0.9555,0.873,-0.0054,1,0,0,0
SEG016,2024-07-01 19:00:00,North,1.0,2.497,-0.0485,1,0,0,1
SEG016,2024-07-02 17:00:00,North,0.9151,1.048,-0.0067,1,0,0,0
SEG016,2024-07-03 07:00:00,North,1.0,2.299,-0.0462,1,0,0,1
SEG016,2024-07-03 08:00:00,North,1.0,1.861,-0.0284,1,0,0,0
SEG016,2024-07-03 09:00:00,North,1.0,2.502,-0.0378,1,0,0,0
SEG016,2024-07-04 08:00:00,North,0.9535,1.127,-0.0121,1,0,0,0
SEG016,2024-07-05 07:00:00,North,1.0,2.893,-0.054,1,0,0,1
SEG016,2024-07-05 08:00:00,North,1.0,1.604,-0.0659,1,0,0,0
SEG016,2024-07-05 09:00:00,North,0.9862,2.329,-0.0436,1,0,0,0
SEG016,2024-07-05 14:00:00,North,1.0,2.242,-0.0407,1,0,0,1
SEG016,2024-07-05 17:00:00,North,0.8967,0.127,-0.0007,1,0,0,0
SEG016,2024-07-07 14:00:00,North,1.0,6.263,-0.0349,1,1,1,1
SEG016,2024-07-10 16:00:00,North,0.9289,2.074,-0.0001,1,0,0,0
SEG016,2024-07-12 08:00:00,North,0.928,0.748,-0.0413,1,0,0,0
SEG016,2024-07-12 09:00:00,North,0.9175,1.702,-0.0057,1,0,0,0
SEG016,2024-07-12 17:00:00,North,1.0,1.437,-0.0479,1,0,0,1
SEG016,2024-07-15 08:00:00,North,0.9618,1.531,-0.0049,1,0,0,0
SEG016,2024-07-15 17:00:00,North,1.0,1.774,-0.053,1,0,0,1
SEG016,2024-07-16 15:00:00,North,1.0,3.735,-0.0296,1,1,1,1
SEG016,2024-07-16 17:00:00,North,1.0,1.929,-0.054,1,0,0,0
SEG016,2024-07-17 15:00:00,North,1.0,3.173,-0.011,1,1,1,1
SEG016,2024-07-20 05:00:00,North,1.0,5.203,-0.025,1,1,1,1
SEG016,2024-07-20 18:00:00,North,1.0,2.909,-0.0384,1,0,0,1
SEG016,2024-07-22 17:00:00,North,0.9118,0.941,-0.0224,1,0,0,0
SEG016,2024-07-23 08:00:00,North,1.0,1.75,-0.0694,1,0,0,1
SEG016,2024-07-23 09:00:00,North,0.9525,1.938,-0.0192,1,0,0,0
SEG016,2024-07-24 09:00:00,North,1.0,2.502,-0.05,1,0,0,1
SEG016,2024-07-25 17:00:00,North,0.9379,1.017,-0.0229,1,0,0,0
SEG016,2024-07-25 20:00:00,North,1.0,4.0,-0.0509,1,1,1,1
SEG016,2024-07-26 08:00:00,North,1.0,1.604,-0.0474,1,0,0,1
SEG016,2024-07-26 09:00:00,North,1.0,2.455,-0.0211,1,0,0,0
SEG016,2024-08-01 17:00:00,North,1.0,1.689,-0.0291,1,0,0,1
SEG016,2024-08-01 18:00:00,North,1.0,1.855,-0.0352,1,0,0,0
SEG016,2024-08-02 17:00:00,North,1.0,1.437,-0.0428,1,0,0,0
SEG016,2024-08-02 19:00:00,North,1.0,2.591,-0.0278,1,0,0,0
SEG016,2024-08-05 17:00:00,North,0.9082,0.907,-0.0064,1,0,0,0
SEG016,2024-08-06 09:00:00,North,1.0,2.299,-0.0018,1,0,0,1
SEG016,2024-08-06 10:00:00,North,1.0,4.455,-0.0043,1,1,1,0
SEG016,2024-08-06 17:00:00,North,1.0,1.929,-0.0487,1,0,0,0
SEG016,2024-08-06 18:00:00,North,0.9672,1.903,-0.008,1,0,0,0
SEG016,2024-08-07 08:00:00,North,1.0,1.861,-0.0292,1,0,0,1
SEG016,2024-08-07 09:00:00,North,1.0,2.502,-0.0582,1,0,0,0
SEG016,2024-08-07 18:00:00,North,1.0,2.229,-0.0452,1,0,0,1
SEG016,2024-08-07 19:00:00,North,1.0,2.431,-0.0084,1,0,0,0
SEG016,2024-08-08 07:00:00,North,1.0,2.432,-0.0063,1,0,0,1
SEG016,2024-08-08 08:00:00,North,1.0,1.601,-0.0308,1,0,0,0
SEG016,2024-08-08 14:00:00,North,1.0,3.253,-0.0712,1,1,1,1
SEG016,2024-08-09 08:00:00,North,0.9834,1.406,-0.0548,1,0,0,0
SEG016,2024-08-13 09:00:00,North,1.0,2.299,-0.012,1,0,0,1
SEG016,2024-08-14 08:00:00,North,0.9012,0.799,-0.0104,1,0,0,0
SEG016,2024-08-15 17:00:00,North,0.9607,1.264,-0.0164,1,0,0,0
SEG016,2024-08-15 18:00:00,North,1.0,1.855,-0.0009,1,0,0,1
SEG016,2024-08-16 08:00:00,North,0.905,0.475,-0.0229,1,0,0,0
SEG016,2024-08-16 17:00:00,North,0.9524,0.833,-0.0412,1,0,0,0
SEG016,2024-08-20 06:00:00,North,1.0,5.635,-0.0606,1,1,1,1
SEG016,2024-08-20 07:00:00,North,1.0,2.504,-0.0697,1,0,0,0
SEG016,2024-08-20 08:00:00,North,1.0,1.75,-0.0287,1,0,0,0
SEG016,2024-08-22 07:00:00,North,1.0,2.432,-0.0295,1,0,0,1
SEG016,2024-08-22 08:00:00,North,1.0,1.601,-0.0172,1,0,0,0
SEG016,2024-08-22 17:00:00,North,0.9858,1.535,-0.0463,1,0,0,0
SEG016,2024-08-27 09:00:00,North,1.0,2.299,-0.0502,1,0,0,1
SEG016,2024-08-29 16:00:00,North,1.0,2.679,-0.0255,1,0,0,1
SEG016,2024-08-29 17:00:00,North,1.0,1.689,-0.0479,1,0,0,0
SEG016,2024-09-04 17:00:00,North,0.9798,1.774,-0.0541,1,0,0,0
SEG016,2024-09-06 08:00:00,North,0.9308,0.782,-0.0182,1,0,0,0
SEG016,2024-09-06 18:00:00,North,0.993,1.421,-0.0451,1,0,0,0
SEG016,2024-09-08 11:00:00,North,1.0,5.906,-0.0256,1,1,1,1
SEG016,2024-09-10 07:00:00,North,1.0,2.504,-0.045,1,0,0,1
SEG016,2024-09-10 08:00:00,North,1.0,1.75,-0.0459,1,0,0,0
SEG016,2024-09-12 07:00:00,North,1.0,2.432,-0.0334,1,0,0,1
SEG016,2024-09-12 08:00:00,North,0.9747,1.343,-0.0362,1,0,0,0
SEG016,2024-09-12 09:00:00,North,1.0,2.751,-0.0321,1,0,0,1
SEG016,2024-09-13 14:00:00,North,0.9116,1.684,-0.0072,1,0,0,1
SEG016,2024-09-14 18:00:00,North,1.0,2.909,-0.0649,1,0,0,1
SEG016,2024-09-15 06:00:00,North,1.0,5.849,-0.061,1,1,1,1
SEG016,2024-09-18 07:00:00,North,1.0,2.299,-0.0497,1,0,0,0
SEG016,2024-09-19 08:00:00,North,1.0,1.601,-0.015,1,0,0,1
SEG016,2024-09-20 08:00:00,North,0.9571,1.094,-0.024,1,0,0,0
SEG016,2024-09-20 15:00:00,North,1.0,1.969,-0.0528,1,0,0,1
SEG016,2024-09-20 18:00:00,North,0.9395,0.843,-0.0065,1,0,0,0
SEG016,2024-09-24 19:00:00,North,1.0,3.108,-0.0312,1,1,1,1
SEG016,2024-09-25 17:00:00,North,1.0,2.0,-0.047,1,0,0,0
SEG016,2024-09-26 08:00:00,North,0.976,1.357,-0.0448,1,0,0,0
SEG016,2024-09-27 16:00:00,North,1.0,1.883,-0.0465,1,0,0,1
SEG016,2024-09-28 17:00:00,North,1.0,2.385,-0.0159,1,0,0,1
SEG016,2024-09-30 17:00:00,North,0.8978,0.809,-0.0044,1,0,0,0
SEG016,2024-10-01 18:00:00,North,1.0,2.237,-0.0192,1,0,0,1
SEG016,2024-10-01 19:00:00,North,1.0,3.108,-0.0123,1,1,1,0
SEG016,2024-10-02 08:00:00,North,0.9381,1.196,-0.0446,1,0,0,0
SEG016,2024-10-02 17:00:00,North,0.882,0.68,-0.003,1,0,0,0
SEG016,2024-10-02 19:00:00,North,1.0,2.431,-0.0497,1,0,0,1
SEG016,2024-10-03 14:00:00,North,1.0,3.253,-0.0612,1,1,1,1
SEG016,2024-10-04 13:00:00,North,1.0,2.561,-0.0394,1,0,0,1
SEG016,2024-10-04 16:00:00,North,0.928,1.227,-0.0067,1,0,0,0
SEG016,2024-10-07 08:00:00,North,1.0,1.891,-0.055,1,0,0,0
SEG016,2024-10-07 12:00:00,North,1.0,3.384,-0.0263,1,1,1,1
SEG016,2024-10-08 09:00:00,North,0.9241,1.722,-0.0016,1,0,0,1
SEG016,2024-10-09 18:00:00,North,1.0,2.229,-0.0349,1,0,0,1
SEG016,2024-10-09 19:00:00,North,1.0,2.431,-0.0543,1,0,0,0
SEG016,2024-10-10 18:00:00,North,1.0,1.855,-0.0427,1,0,0,1
SEG016,2024-10-11 07:00:00,North,0.8945,1.616,-0.0088,1,0,0,0
SEG016,2024-10-11 08:00:00,North,0.9179,0.628,-0.0029,1,0,0,0
SEG016,2024-10-11 18:00:00,North,0.9204,0.636,-0.0184,1,0,0,0
SEG016,2024-10-14 15:00:00,North,1.0,2.56,-0.0532,1,0,0,1
SEG016,2024-10-14 18:00:00,North,0.8575,0.567,-0.0219,1,0,0,0
SEG016,2024-10-15 08:00:00,North,1.0,1.75,-0.0567,1,0,0,1
SEG016,2024-10-17 08:00:00,North,0.9474,1.065,-0.0179,1,0,0,0
SEG016,2024-10-17 18:00:00,North,1.0,1.855,-0.0082,1,0,0,1
SEG016,2024-10-18 08:00:00,North,1.0,1.604,-0.044,1,0,0,1
SEG016,2024-10-19 20:00:00,North,1.0,5.264,-0.0323,1,1,1,1
SEG016,2024-10-23 17:00:00,North,0.9351,1.274,-0.0045,1,0,0,0
SEG016,2024-10-24 08:00:00,North,0.9507,1.099,-0.0482,1,0,0,0
SEG016,2024-11-01 06:00:00,North,1.0,4.163,-0.0295,1,1,1,1
SEG016,2024-11-01 17:00:00,North,0.935,0.613,-0.0332,1,0,0,0
SEG016,2024-11-01 18:00:00,North,1.0,1.497,-0.0352,1,0,0,1
SEG016,2024-11-06 07:00:00,North,1.0,2.299,-0.0441,1,0,0,1
SEG016,2024-11-06 17:00:00,North,0.9317,1.236,-0.0306,1,0,0,0
SEG016,2024-11-06 18:00:00,North,0.9644,1.851,-0.0389,1,0,0,0
SEG016,2024-11-06 19:00:00,North,1.0,2.431,-0.0446,1,0,0,1
SEG016,2024-11-06 20:00:00,North,1.0,3.453,-0.0494,1,1,1,0
SEG016,2024-11-07 18:00:00,North,0.9578,1.446,-0.0496,1,0,0,0
SEG016,2024-11-08 17:00:00,North,0.9072,0.26,-0.0039,1,0,0,0
SEG016,2024-11-09 09:00:00,North,1.0,2.895,-0.0105,1,0,0,1
SEG016,2024-11-11 13:00:00,North,1.0,4.55,-0.0497,1,1,1,1
SEG016,2024-11-12 11:00:00,North,1.0,4.027,-0.0297,1,1,1,1
SEG016,2024-11-12 12:00:00,North,1.0,3.699,-0.0097,1,1,1,1
SEG016,2024-11-12 18:00:00,North,0.9153,1.375,-0.0196,1,0,0,0
SEG016,2024-11-14 17:00:00,North,0.9628,1.287,-0.0473,1,0,0,0
SEG016,2024-11-15 17:00:00,North,1.0,1.437,-0.064,1,0,0,0
SEG016,2024-11-15 18:00:00,North,0.9417,0.866,-0.0267,1,0,0,0
SEG016,2024-11-15 22:00:00,North,1.0,5.87,-0.0253,1,1,1,1
SEG016,2024-11-18 17:00:00,North,1.0,1.774,-0.0352,1,0,0,1
SEG016,2024-11-18 18:00:00,North,1.0,1.965,-0.0231,1,0,0,1
SEG016,2024-11-18 19:00:00,North,1.0,2.497,-0.0311,1,0,0,0
SEG016,2024-11-19 08:00:00,North,0.9464,1.25,-0.0413,1,0,0,1
SEG016,2024-11-20 08:00:00,North,0.9612,1.444,-0.0203,1,0,0,0
SEG016,2024-11-20 19:00:00,North,1.0,2.431,-0.0475,1,0,0,1
SEG016,2024-11-20 20:00:00,North,1.0,3.453,-0.0754,1,1,1,0
SEG016,2024-11-21 17:00:00,North,1.0,1.689,-0.0647,1,0,0,0
SEG016,2024-11-22 08:00:00,North,0.9638,1.174,-0.0366,1,0,0,0
SEG016,2024-11-22 18:00:00,North,0.9146,0.574,-0.0085,1,0,0,0
SEG016,2024-11-25 18:00:00,North,1.0,1.965,-0.0471,1,0,0,1
SEG016,2024-11-26 09:00:00,North,1.0,2.299,-0.0303,1,0,0,1
SEG016,2024-11-27 07:00:00,North,1.0,2.299,-0.0277,1,0,0,1
SEG016,2024-11-27 08:00:00,North,1.0,1.861,-0.0448,1,0,0,0
SEG016,2024-11-27 17:00:00,North,1.0,2.0,-0.0622,1,0,0,1
SEG016,2024-11-28 18:00:00,North,0.852,0.42,-0.0194,1,0,0,0
SEG016,2024-11-29 08:00:00,North,0.9756,1.314,-0.0293,1,0,0,0
SEG016,2024-11-29 15:00:00,North,1.0,1.969,-0.0205,1,0,0,1
SEG016,2024-11-29 17:00:00,North,0.8936,0.088,-0.0023,1,0,0,0
SEG016,2024-11-29 18:00:00,North,1.0,1.497,-0.0546,1,0,0,0
SEG016,2024-11-29 19:00:00,North,0.9356,2.076,-0.0434,1,0,0,0
SEG016,2024-11-30 06:00:00,North,1.0,5.992,-0.0402,1,1,1,1
SEG016,2024-11-30 07:00:00,North,1.0,3.758,-0.0122,1,1,1,0
SEG016,2024-12-02 08:00:00,North,0.9562,1.478,-0.027,1,0,0,0
SEG016,2024-12-02 10:00:00,North,1.0,3.541,-0.0304,1,1,1,1
SEG016,2024-12-02 17:00:00,North,1.0,1.774,-0.0284,1,0,0,1
SEG016,2024-12-02 18:00:00,North,1.0,1.965,-0.0371,1,0,0,0
SEG016,2024-12-03 15:00:00,North,1.0,3.735,-0.0315,1,1,1,1
SEG016,2024-12-03 16:00:00,North,1.0,2.664,-0.0227,1,0,0,0
SEG016,2024-12-04 20:00:00,North,1.0,3.453,-0.0302,1,1,1,1
SEG016,2024-12-05 17:00:00,North,1.0,1.689,-0.0448,1,0,0,1
SEG016,2024-12-06 05:00:00,North,1.0,6.195,-0.0118,1,1,1,1
SEG016,2024-12-06 06:00:00,North,1.0,4.163,-0.0007,1,1,1,0
SEG016,2024-12-06 17:00:00,North,1.0,1.437,-0.0488,1,0,0,0
SEG016,2024-12-07 19:00:00,North,1.0,3.379,-0.0459,1,1,1,1
SEG016,2024-12-09 19:00:00,North,1.0,2.497,-0.0661,1,0,0,1
SEG016,2024-12-09 21:00:00,North,1.0,5.51,-0.0518,1,1,1,1
SEG016,2024-12-12 13:00:00,North,1.0,3.749,-0.0285,1,1,1,1
SEG016,2024-12-12 14:00:00,North,1.0,3.253,-0.0112,1,1,1,0
SEG016,2024-12-12 18:00:00,North,0.9425,1.297,-0.014,1,0,0,0
SEG016,2024-12-13 18:00:00,North,0.8609,-0.007,-0.0068,1,0,0,0
SEG016,2024-12-17 08:00:00,North,1.0,1.75,-0.0517,1,0,0,0
SEG016,2024-12-17 17:00:00,North,0.918,1.078,-0.0048,1,0,0,0
SEG016,2024-12-20 08:00:00,North,0.9589,1.115,-0.0406,1,0,0,0
SEG016,2024-12-20 14:00:00,North,1.0,2.242,-0.0182,1,0,0,1
SEG016,2024-12-20 17:00:00,North,1.0,1.437,-0.0482,1,0,0,0
SEG016,2024-12-20 18:00:00,North,0.9854,1.339,-0.0474,1,0,0,0
SEG016,2024-12-21 15:00:00,North,1.0,4.298,-0.0428,1,1,1,1
SEG016,2024-12-23 15:00:00,North,1.0,2.56,-0.0148,1,0,0,1
SEG016,2024-12-23 18:00:00,North,0.9421,1.397,-0.0399,1,0,0,0
SEG016,2024-12-26 17:00:00,North,0.9611,1.268,-0.0528,1,0,0,0
SEG016,2024-12-27 13:00:00,North,1.0,2.561,-0.0354,1,0,0,1
SEG016,2024-12-27 14:00:00,North,1.0,2.242,-0.0043,1,0,0,1
SEG016,2024-12-27 15:00:00,North,1.0,1.969,-0.0366,1,0,0,0
SEG016,2024-12-28 16:00:00,North,1.0,3.271,-0.0365,1,1,1,1
SEG016,2024-12-28 17:00:00,North,1.0,2.385,-0.0395,1,0,0,0
SEG016,2024-12-30 07:00:00,North,1.0,2.226,-0.0399,1,0,0,1
SEG016,2024-12-30 08:00:00,North,1.0,1.891,-0.0483,1,0,0,0
SEG016,2024-12-30 14:00:00,North,1.0,5.19,-0.0302,1,1,1,1
SEG016,2024-12-30 17:00:00,North,0.9046,0.873,-0.0002,1,0,0,0
SEG017,2024-06-04 18:00:00,West,1.0,2.119,-0.001,1,0,0,1
SEG018,2024-01-30 18:00:00,West,1.0,2.661,-0.0179,1,0,0,0
SEG018,2024-04-18 06:00:00,West,1.0,4.215,-0.0017,1,1,1,1
SEG018,2024-05-01 08:00:00,West,0.9969,3.326,-0.0013,1,1,1,0
SEG018,2024-05-10 18:00:00,West,1.0,2.038,-0.0042,1,0,0,0
SEG018,2024-05-11 08:00:00,West,1.0,3.177,-0.0019,1,1,1,1
SEG018,2024-05-30 08:00:00,West,1.0,3.337,-0.0,1,1,1,1
SEG018,2024-06-05 17:00:00,West,1.0,2.609,-0.0032,1,0,0,1
SEG018,2024-06-10 17:00:00,West,0.856,1.334,-0.0109,1,0,0,0
SEG018,2024-06-21 17:00:00,West,0.8662,0.89,-0.0035,1,0,0,0
SEG018,2024-07-12 08:00:00,West,0.8544,1.463,-0.0042,1,0,0,0
SEG018,2024-07-22 17:00:00,West,1.0,2.508,-0.011,1,0,0,0
SEG018,2024-08-22 08:00:00,West,0.8382,1.725,-0.0125,1,0,0,0
SEG018,2024-08-29 17:00:00,West,0.8449,1.661,-0.0054,1,0,0,0
SEG018,2024-09-06 18:00:00,West,1.0,2.038,-0.0141,1,0,0,0
SEG018,2024-09-24 17:00:00,West,1.0,2.31,-0.0168,1,0,0,1
SEG018,2024-09-25 17:00:00,West,0.8479,1.249,-0.0018,1,0,0,0
SEG018,2024-10-30 18:00:00,West,0.954,2.772,-0.0192,1,0,0,0
SEG018,2024-11-18 18:00:00,West,1.0,2.598,-0.008,1,0,0,0
SEG019,2024-01-02 21:00:00,South,1.0,5.699,-0.0411,1,1,1,1
SEG019,2024-01-04 15:00:00,South,1.0,4.786,-0.0908,1,1,1,1
SEG019,2024-01-05 07:00:00,South,0.8244,1.964,-0.0048,1,0,0,0
SEG019,2024-01-05 08:00:00,South,0.8908,1.157,-0.0142,1,0,0,0
SEG019,2024-01-11 07:00:00,South,1.0,3.779,-0.0619,1,1,1,1
SEG019,2024-01-11 08:00:00,South,1.0,2.369,-0.0448,1,0,0,0
SEG019,2024-01-13 13:00:00,South,1.0,5.358,-0.0507,1,1,1,1
SEG019,2024-01-15 06:00:00,South,1.0,5.065,-0.0933,1,1,1,1
SEG019,2024-01-18 08:00:00,South,1.0,2.369,-0.0612,1,0,0,1
SEG019,2024-01-18 09:00:00,South,0.9591,3.796,-0.0657,1,1,1,0
SEG019,2024-01-18 23:00:00,South,0.9542,5.264,-0.0761,1,1,1,1
SEG019,2024-01-19 17:00:00,South,0.9279,1.424,-0.0335,1,0,0,0
SEG019,2024-01-22 14:00:00,South,1.0,5.291,-0.0941,1,1,1,1
SEG019,2024-01-22 15:00:00,South,0.9183,4.694,-0.0407,1,1,1,0
SEG019,2024-01-23 17:00:00,South,0.8701,1.636,-0.0479,1,0,0,0
SEG019,2024-02-01 07:00:00,South,1.0,3.779,-0.0941,1,1,1,1
SEG019,2024-02-02 18:00:00,South,0.8683,1.333,-0.0121,1,0,0,0
SEG019,2024-02-08 17:00:00,South,1.0,2.466,-0.0804,1,0,0,1
SEG019,2024-02-09 16:00:00,South,1.0,3.827,-0.064,1,1,1,1
SEG019,2024-02-09 20:00:00,South,1.0,5.645,-0.0937,1,1,1,1
SEG019,2024-02-10 23:00:00,South,0.8863,6.006,-0.0122,1,1,1,1
SEG019,2024-02-13 16:00:00,South,1.0,3.454,-0.0941,1,1,1,1
SEG019,2024-02-16 08:00:00,South,0.8075,0.308,-0.0289,1,0,0,0
SEG019,2024-02-22 08:00:00,South,0.9407,1.806,-0.0571,1,0,0,0
SEG019,2024-02-22 17:00:00,South,0.9997,2.463,-0.0559,1,0,0,1
SEG019,2024-02-23 17:00:00,South,0.7933,0.036,-0.0081,1,0,0,0
SEG019,2024-02-27 17:00:00,South,0.8461,1.343,-0.0034,1,0,0,0
SEG019,2024-02-29 08:00:00,South,1.0,2.369,-0.0677,1,0,0,1
SEG019,2024-03-02 09:00:00,South,1.0,4.061,-0.0651,1,1,1,1
SEG019,2024-03-08 17:00:00,South,0.845,0.569,-0.0191,1,0,0,0
SEG019,2024-03-11 05:00:00,South,1.0,6.642,-0.0414,1,1,1,1
SEG019,2024-03-11 06:00:00,South,0.7712,2.961,-0.0427,1,0,0,0
SEG019,2024-03-11 07:00:00,South,0.8651,2.962,-0.0147,1,0,0,0
SEG019,2024-03-13 17:00:00,South,0.8871,1.764,-0.0085,1,0,0,0
SEG019,2024-03-14 16:00:00,South,0.8248,1.603,-0.0113,1,0,0,0
SEG019,2024-03-18 18:00:00,South,1.0,3.575,-0.0826,1,1,1,1
SEG019,2024-03-18 19:00:00,South,1.0,4.556,-0.0625,1,1,1,0
SEG019,2024-03-22 09:00:00,South,0.7845,2.103,-0.0231,1,0,0,0
SEG019,2024-03-26 17:00:00,South,0.9109,2.134,-0.0173,1,0,0,0
SEG019,2024-03-26 18:00:00,South,1.0,2.753,-0.0462,1,0,0,1
SEG019,2024-03-31 19:00:00,South,1.0,6.095,-0.0888,1,1,1,1
SEG019,2024-04-01 18:00:00,South,0.8246,1.558,-0.0378,1,0,0,0
SEG019,2024-04-05 17:00:00,South,0.9839,2.001,-0.0667,1,0,0,1
SEG019,2024-04-07 15:00:00,South,1.0,5.985,-0.0941,1,1,1,1
SEG019,2024-04-08 17:00:00,South,0.9923,2.935,-0.0832,1,0,0,0
SEG019,2024-04-08 18:00:00,South,0.8736,2.122,-0.0202,1,0,0,0
SEG019,2024-04-12 08:00:00,South,0.9011,1.262,-0.0248,1,0,0,0
SEG019,2024-04-19 17:00:00,South,1.0,2.167,-0.0941,1,0,0,1
SEG019,2024-04-23 08:00:00,South,0.7765,0.588,-0.0098,1,0,0,0
SEG019,2024-04-27 08:00:00,South,1.0,4.127,-0.0941,1,1,1,1
SEG019,2024-04-27 09:00:00,South,0.9002,3.202,-0.0028,1,1,1,0
SEG019,2024-05-03 17:00:00,South,0.8192,0.303,-0.006,1,0,0,0
SEG019,2024-05-10 17:00:00,South,0.8581,0.704,-0.0079,1,0,0,0
SEG019,2024-05-10 18:00:00,South,1.0,2.751,-0.0834,1,0,0,1
SEG019,2024-05-10 19:00:00,South,1.0,4.354,-0.0535,1,1,1,0
SEG019,2024-05-12 06:00:00,South,1.0,6.081,-0.079,1,1,1,1
SEG019,2024-05-12 07:00:00,South,0.8204,4.8,-0.0029,1,1,1,0
SEG019,2024-05-14 16:00:00,South,1.0,3.454,-0.0625,1,1,1,1
SEG019,2024-05-14 17:00:00,South,1.0,3.22,-0.0511,1,1,1,0
SEG019,2024-05-14 18:00:00,South,1.0,2.753,-0.0728,1,0,0,0
SEG019,2024-05-16 10:00:00,South,1.0,4.403,-0.0619,1,1,1,1
SEG019,2024-05-16 11:00:00,South,1.0,4.607,-0.0318,1,1,1,0
SEG019,2024-05-21 08:00:00,South,0.9423,2.085,-0.0706,1,0,0,1
SEG019,2024-05-24 08:00:00,South,0.8819,1.066,-0.0244,1,0,0,0
SEG019,2024-05-24 18:00:00,South,0.8424,1.054,-0.017,1,0,0,0
SEG019,2024-05-31 17:00:00,South,0.9053,1.191,-0.0098,1,0,0,0
SEG019,2024-06-08 14:00:00,South,1.0,5.529,-0.0448,1,1,1,1
SEG019,2024-06-10 12:00:00,South,1.0,4.272,-0.0646,1,1,1,1
SEG019,2024-06-10 13:00:00,South,0.9541,5.484,-0.0671,1,1,1,0
SEG019,2024-06-11 17:00:00,South,0.773,0.452,-0.0025,1,0,0,0
SEG019,2024-06-17 20:00:00,South,1.0,5.731,-0.0448,1,1,1,1
SEG019,2024-06-21 18:00:00,South,0.9127,1.811,-0.0671,1,0,0,0
SEG019,2024-06-24 08:00:00,South,0.8976,2.538,-0.0423,1,0,0,1
SEG019,2024-06-25 07:00:00,South,0.9765,4.043,-0.0562,1,1,1,1
SEG019,2024-06-25 08:00:00,South,1.0,2.606,-0.0417,1,0,0,0
SEG019,2024-07-03 18:00:00,South,0.8853,2.534,-0.0247,1,0,0,0
SEG019,2024-07-04 17:00:00,South,0.9049,1.496,-0.0331,1,0,0,0
SEG019,2024-07-05 08:00:00,South,1.0,2.271,-0.0783,1,0,0,1
SEG019,2024-07-11 08:00:00,South,0.8252,0.708,-0.0123,1,0,0,0
SEG019,2024-07-12 08:00:00,South,0.8171,0.406,-0.0144,1,0,0,0
SEG019,2024-07-13 10:00:00,South,1.0,5.016,-0.0863,1,1,1,1
SEG019,2024-07-13 11:00:00,South,0.9422,5.382,-0.0351,1,1,1,0
SEG019,2024-07-18 10:00:00,South,1.0,4.403,-0.0702,1,1,1,1
SEG019,2024-07-21 16:00:00,South,1.0,5.855,-0.0817,1,1,1,1
SEG019,2024-07-23 08:00:00,South,1.0,2.606,-0.0585,1,0,0,1
SEG019,2024-07-23 09:00:00,South,1.0,4.84,-0.0835,1,1,1,0
SEG019,2024-07-23 18:00:00,South,0.8523,1.435,-0.0035,1,0,0,0
SEG019,2024-07-26 18:00:00,South,0.8407,1.036,-0.0018,1,0,0,0
SEG019,2024-07-30 19:00:00,South,1.0,4.836,-0.0893,1,1,1,1
SEG019,2024-08-01 17:00:00,South,0.8921,1.365,-0.0016,1,0,0,1
SEG019,2024-08-02 17:00:00,South,0.9774,1.934,-0.075,1,0,0,0
SEG019,2024-08-02 18:00:00,South,0.8785,1.443,-0.0391,1,0,0,0
SEG019,2024-08-12 22:00:00,South,1.0,6.377,-0.079,1,1,1,1
SEG019,2024-08-16 08:00:00,South,0.8095,0.328,-0.0088,1,0,0,0
SEG019,2024-08-20 17:00:00,South,0.6695,-0.81,-0.0073,1,0,0,0
SEG019,2024-09-05 16:00:00,South,1.0,3.452,-0.042,1,1,1,1
SEG019,2024-09-05 17:00:00,South,0.8996,1.442,-0.0098,1,0,0,0
SEG019,2024-09-05 18:00:00,South,0.8984,2.4,-0.0261,1,0,0,0
SEG019,2024-09-06 17:00:00,South,0.8879,1.011,-0.009,1,0,0,0
SEG019,2024-09-09 11:00:00,South,1.0,4.254,-0.0702,1,1,1,1
SEG019,2024-09-12 08:00:00,South,0.8708,1.142,-0.0361,1,0,0,0
SEG019,2024-09-13 08:00:00,South,1.0,2.271,-0.0747,1,0,0,1
SEG019,2024-09-18 17:00:00,South,0.9335,2.345,-0.0405,1,0,0,0
SEG019,2024-09-19 19:00:00,South,0.7585,3.477,-0.0061,1,1,1,0
SEG019,2024-09-20 08:00:00,South,0.8424,0.664,-0.013,1,0,0,0
SEG019,2024-09-23 09:00:00,South,0.867,3.513,-0.0327,1,1,1,1
SEG019,2024-09-25 05:00:00,South,1.0,6.233,-0.0845,1,1,1,1
SEG019,2024-09-25 17:00:00,South,0.8962,1.878,-0.0257,1,0,0,0
SEG019,2024-09-26 21:00:00,South,1.0,6.058,-0.0897,1,1,1,1
SEG019,2024-09-27 08:00:00,South,0.8372,0.611,-0.0198,1,0,0,0
SEG019,2024-09-30 11:00:00,South,1.0,4.254,-0.049,1,1,1,1
SEG019,2024-09-30 12:00:00,South,1.0,4.272,-0.0477,1,1,1,0
SEG019,2024-10-01 17:00:00,South,0.831,1.159,-0.0171,1,0,0,0
SEG019,2024-10-02 18:00:00,South,0.8374,1.854,-0.019,1,0,0,0
SEG019,2024-10-04 17:00:00,South,0.9152,1.293,-0.0127,1,0,0,0
SEG019,2024-10-07 08:00:00,South,0.9069,2.657,-0.0108,1,0,0,0
SEG019,2024-10-10 17:00:00,South,0.8539,0.975,-0.0141,1,0,0,0
SEG019,2024-10-11 08:00:00,South,1.0,2.271,-0.0515,1,0,0,0
SEG019,2024-10-11 18:00:00,South,0.9669,2.394,-0.0198,1,0,0,0
SEG019,2024-10-16 08:00:00,South,0.8266,1.619,-0.0014,1,0,0,0
SEG019,2024-10-31 12:00:00,South,1.0,4.73,-0.0714,1,1,1,1
SEG019,2024-11-05 08:00:00,South,1.0,2.606,-0.0898,1,0,0,1
SEG019,2024-11-08 07:00:00,South,0.7356,0.696,-0.0055,1,0,0,0
SEG019,2024-11-09 15:00:00,South,1.0,5.709,-0.0904,1,1,1,1
SEG019,2024-11-09 16:00:00,South,1.0,5.135,-0.0678,1,1,1,0
SEG019,2024-11-09 17:00:00,South,0.9485,3.244,-0.0783,1,1,1,0
SEG019,2024-11-10 17:00:00,South,1.0,4.205,-0.0913,1,1,1,1
SEG019,2024-11-10 18:00:00,South,0.9476,5.709,-0.0259,1,1,1,0
SEG019,2024-11-13 17:00:00,South,0.9119,2.075,-0.0084,1,0,0,0
SEG019,2024-11-14 17:00:00,South,0.8835,1.277,-0.0072,1,0,0,0
SEG019,2024-11-18 17:00:00,South,0.9111,2.025,-0.0304,1,0,0,0
SEG019,2024-11-22 17:00:00,South,0.928,1.425,-0.0327,1,0,0,0
SEG019,2024-11-24 11:00:00,South,1.0,6.273,-0.0932,1,1,1,1
SEG019,2024-11-26 17:00:00,South,0.871,1.647,-0.0593,1,0,0,0
SEG019,2024-11-29 17:00:00,South,0.9272,1.417,-0.0476,1,0,0,0
SEG019,2024-11-29 18:00:00,South,0.8976,1.648,-0.0046,1,0,0,0
SEG019,2024-12-01 08:00:00,South,1.0,5.336,-0.0866,1,1,1,1
SEG019,2024-12-07 17:00:00,South,1.0,3.751,-0.0893,1,1,1,1
SEG019,2024-12-07 18:00:00,South,1.0,4.015,-0.0669,1,1,1,0
SEG019,2024-12-12 18:00:00,South,0.856,1.891,-0.0139,1,0,0,0
SEG019,2024-12-16 17:00:00,South,1.0,3.021,-0.0535,1,1,1,1
SEG019,2024-12-17 08:00:00,South,0.9002,1.705,-0.012,1,0,0,0
SEG019,2024-12-20 08:00:00,South,0.7653,-0.123,-0.0007,1,0,0,0
SEG020,2024-03-08 18:00:00,South,1.0,2.047,-0.008,1,0,0,0
SEG020,2024-04-27 07:00:00,South,1.0,4.553,-0.001,1,1,1,1
SEG020,2024-12-14 18:00:00,South,1.0,3.728,-0.0147,1,1,1,1
SEG021,2024-04-02 07:00:00,North,1.0,3.549,-0.004,1,1,1,1
SEG021,2024-08-05 18:00:00,North,1.0,3.608,-0.0012,1,1,1,1
SEG021,2024-10-18 08:00:00,North,1.0,2.541,-0.004,1,0,0,1
SEG021,2024-10-28 21:00:00,North,1.0,6.02,-0.0011,1,1,1,1
SEG021,2024-11-05 16:00:00,North,1.0,3.657,-0.0009,1,1,1,1
SEG021,2024-11-22 12:00:00,North,1.0,5.188,-0.0005,1,1,1,1
SEG021,2024-12-28 15:00:00,North,1.0,4.903,-0.011,1,1,1,1
SEG022,2024-01-05 08:00:00,Central,1.0,0.909,-0.0154,1,0,0,0
SEG022,2024-01-11 08:00:00,Central,0.9981,1.387,-0.0426,1,0,0,0
SEG022,2024-01-18 08:00:00,Central,0.9615,0.853,-0.0209,1,0,0,0
SEG022,2024-01-19 17:00:00,Central,1.0,0.768,-0.0134,1,0,0,0
SEG022,2024-01-23 10:00:00,Central,1.0,4.398,-0.002,1,1,1,1
SEG022,2024-01-23 11:00:00,Central,1.0,4.076,-0.0216,1,1,1,0
SEG022,2024-01-23 17:00:00,Central,0.9902,1.032,-0.0187,1,0,0,0
SEG022,2024-02-02 08:00:00,Central,1.0,0.909,-0.0129,1,0,0,0
SEG022,2024-02-06 17:00:00,Central,1.0,1.163,-0.0202,1,0,0,0
SEG022,2024-02-08 08:00:00,Central,0.9806,1.132,-0.0111,1,0,0,0
SEG022,2024-02-08 17:00:00,Central,1.0,1.082,-0.0059,1,0,0,1
SEG022,2024-02-14 17:00:00,Central,1.0,1.044,-0.0264,1,0,0,0
SEG022,2024-02-16 08:00:00,Central,1.0,0.909,-0.0145,1,0,0,0
SEG022,2024-02-19 10:00:00,Central,1.0,3.566,-0.0029,1,1,1,0
SEG022,2024-02-23 08:00:00,Central,1.0,0.909,-0.0297,1,0,0,1
SEG022,2024-02-26 16:00:00,Central,1.0,2.129,-0.0175,1,0,0,1
SEG022,2024-02-27 17:00:00,Central,0.9844,0.955,-0.0147,1,0,0,0
SEG022,2024-03-01 12:00:00,Central,0.9972,2.851,-0.022,1,0,0,1
SEG022,2024-03-06 08:00:00,Central,1.0,1.609,-0.0099,1,0,0,0
SEG022,2024-03-08 08:00:00,Central,1.0,0.909,-0.0214,1,0,0,0
SEG022,2024-03-08 17:00:00,Central,1.0,0.768,-0.0064,1,0,0,0
SEG022,2024-03-13 18:00:00,Central,1.0,1.473,-0.0046,1,0,0,0
SEG022,2024-03-14 09:00:00,Central,1.0,1.754,-0.0047,1,0,0,0
SEG022,2024-03-15 07:00:00,Central,1.0,1.552,-0.0069,1,0,0,1
SEG022,2024-03-15 08:00:00,Central,0.9937,0.806,-0.0057,1,0,0,0
SEG022,2024-03-15 13:00:00,Central,1.0,2.409,-0.0056,1,0,0,1
SEG022,2024-03-19 18:00:00,Central,0.9606,0.89,-0.0131,1,0,0,0
SEG022,2024-03-22 08:00:00,Central,1.0,0.909,-0.0218,1,0,0,0
SEG022,2024-03-22 17:00:00,Central,1.0,0.768,-0.0033,1,0,0,0
SEG022,2024-03-25 18:00:00,Central,1.0,1.316,-0.0129,1,0,0,1
SEG022,2024-03-26 17:00:00,Central,1.0,1.163,-0.0033,1,0,0,0
SEG022,2024-03-28 08:00:00,Central,1.0,1.415,-0.0264,1,0,0,0
SEG022,2024-04-01 09:00:00,Central,1.0,2.625,-0.0044,1,0,0,0
SEG022,2024-04-03 08:00:00,Central,1.0,1.609,-0.0172,1,0,0,0
SEG022,2024-04-03 16:00:00,Central,1.0,1.88,-0.0429,1,0,0,0
SEG022,2024-04-05 17:00:00,Central,1.0,0.768,-0.0321,1,0,0,0
SEG022,2024-04-08 17:00:00,Central,1.0,1.065,-0.0176,1,0,0,0
SEG022,2024-04-08 18:00:00,Central,1.0,1.316,-0.023,1,0,0,1
SEG022,2024-04-17 17:00:00,Central,0.9945,0.978,-0.0093,1,0,0,0
SEG022,2024-04-19 07:00:00,Central,0.989,1.435,-0.0148,1,0,0,0
SEG022,2024-04-19 17:00:00,Central,0.9988,0.754,-0.0093,1,0,0,0
SEG022,2024-04-24 16:00:00,Central,0.9488,1.314,-0.0062,1,0,0,0
SEG022,2024-04-24 17:00:00,Central,1.0,1.044,-0.001,1,0,0,0
SEG022,2024-04-24 18:00:00,Central,1.0,1.473,-0.0125,1,0,0,0
SEG022,2024-04-26 18:00:00,Central,0.9914,1.081,-0.0271,1,0,0,0
SEG022,2024-04-30 17:00:00,Central,1.0,1.163,-0.0191,1,0,0,0
SEG022,2024-05-03 07:00:00,Central,1.0,1.552,-0.0102,1,0,0,0
SEG022,2024-05-08 17:00:00,Central,1.0,1.044,-0.0611,1,0,0,0
SEG022,2024-05-09 18:00:00,Central,0.9879,0.99,-0.0153,1,0,0,0
SEG022,2024-05-17 17:00:00,Central,0.9593,0.297,-0.0047,1,0,0,0
SEG022,2024-05-20 17:00:00,Central,1.0,1.065,-0.0305,1,0,0,0
SEG022,2024-05-23 08:00:00,Central,0.9853,1.2,-0.0091,1,0,0,0
SEG022,2024-05-24 08:00:00,Central,1.0,0.909,-0.0083,1,0,0,0
SEG022,2024-05-24 18:00:00,Central,0.9932,1.105,-0.0194,1,0,0,0
SEG022,2024-05-27 10:00:00,Central,1.0,3.566,-0.0017,1,1,1,1
SEG022,2024-05-30 18:00:00,Central,1.0,1.114,-0.0077,1,0,0,0
SEG022,2024-05-31 08:00:00,Central,1.0,0.909,-0.0377,1,0,0,0
SEG022,2024-05-31 17:00:00,Central,1.0,0.768,-0.0134,1,0,0,0
SEG022,2024-06-03 18:00:00,Central,1.0,1.316,-0.0067,1,0,0,0
SEG022,2024-06-11 08:00:00,Central,1.0,1.56,-0.0032,1,0,0,0
SEG022,2024-06-14 18:00:00,Central,1.0,1.198,-0.0209,1,0,0,0
SEG022,2024-06-17 17:00:00,Central,0.9862,0.923,-0.0055,1,0,0,0
SEG022,2024-06-18 08:00:00,Central,1.0,1.56,-0.0017,1,0,0,1
SEG022,2024-06-18 19:00:00,Central,1.0,2.524,-0.0035,1,0,0,0
SEG022,2024-06-21 17:00:00,Central,1.0,0.768,-0.0046,1,0,0,0
SEG022,2024-06-24 08:00:00,Central,0.9697,1.29,-0.0104,1,0,0,0
SEG022,2024-06-24 17:00:00,Central,0.9966,1.03,-0.0228,1,0,0,0
SEG022,2024-06-28 08:00:00,Central,0.9805,0.59,-0.0053,1,0,0,0
SEG022,2024-06-28 18:00:00,Central,1.0,1.198,-0.0209,1,0,0,0
SEG022,2024-07-02 18:00:00,Central,0.9459,0.717,-0.0071,1,0,0,0
SEG022,2024-07-03 08:00:00,Central,1.0,1.609,-0.0262,1,0,0,0
SEG022,2024-07-05 17:00:00,Central,1.0,0.768,-0.0053,1,0,0,0
SEG022,2024-07-12 08:00:00,Central,1.0,0.909,-0.0214,1,0,0,0
SEG022,2024-07-12 09:00:00,Central,0.989,1.632,-0.0073,1,0,0,0
SEG022,2024-07-12 17:00:00,Central,1.0,0.768,-0.0066,1,0,0,0
SEG022,2024-07-19 18:00:00,Central,1.0,1.198,-0.0089,1,0,0,0
SEG022,2024-07-23 08:00:00,Central,0.9753,1.274,-0.0005,1,0,0,0
SEG022,2024-07-24 18:00:00,Central,1.0,1.473,-0.0136,1,0,0,1
SEG022,2024-07-26 09:00:00,Central,1.0,1.734,-0.0088,1,0,0,0
SEG022,2024-08-02 17:00:00,Central,1.0,0.768,-0.0073,1,0,0,0
SEG022,2024-08-02 18:00:00,Central,0.9984,1.176,-0.0181,1,0,0,0
SEG022,2024-08-06 17:00:00,Central,1.0,1.163,-0.0176,1,0,0,0
SEG022,2024-08-08 17:00:00,Central,0.9436,0.454,-0.0017,1,0,0,0
SEG022,2024-08-13 17:00:00,Central,0.993,1.07,-0.0064,1,0,0,0
SEG022,2024-08-14 16:00:00,Central,0.9552,1.385,-0.0086,1,0,0,0
SEG022,2024-08-14 17:00:00,Central,0.9982,1.022,-0.0275,1,0,0,0
SEG022,2024-08-15 17:00:00,Central,1.0,1.082,-0.0032,1,0,0,0
SEG022,2024-08-16 17:00:00,Central,1.0,0.768,-0.0618,1,0,0,0
SEG022,2024-08-20 17:00:00,Central,1.0,1.163,-0.0052,1,0,0,0
SEG022,2024-08-28 17:00:00,Central,0.9915,0.942,-0.0252,1,0,0,0
SEG022,2024-08-30 16:00:00,Central,1.0,1.813,-0.0032,1,0,0,0
SEG022,2024-08-30 17:00:00,Central,1.0,0.768,-0.0065,1,0,0,0
SEG022,2024-09-03 15:00:00,Central,1.0,2.143,-0.0018,1,0,0,0
SEG022,2024-09-05 17:00:00,Central,0.9781,0.838,-0.0108,1,0,0,0
SEG022,2024-09-06 16:00:00,Central,1.0,1.813,-0.0539,1,0,0,0
SEG022,2024-09-10 17:00:00,Central,1.0,1.163,-0.0213,1,0,0,0
SEG022,2024-09-12 08:00:00,Central,1.0,1.415,-0.0036,1,0,0,0
SEG022,2024-09-12 11:00:00,Central,1.0,3.341,-0.0022,1,1,1,0
SEG022,2024-09-13 07:00:00,Central,0.9455,0.973,-0.0046,1,0,0,0
SEG022,2024-09-14 07:00:00,Central,1.0,3.08,-0.0114,1,1,1,0
SEG022,2024-09-18 17:00:00,Central,1.0,1.044,-0.0262,1,0,0,0
SEG022,2024-09-25 08:00:00,Central,1.0,1.609,-0.0266,1,0,0,0
SEG022,2024-09-26 08:00:00,Central,0.9593,0.821,-0.0053,1,0,0,0
SEG022,2024-09-27 17:00:00,Central,0.9903,0.656,-0.0131,1,0,0,0
SEG022,2024-10-02 17:00:00,Central,1.0,1.044,-0.0097,1,0,0,1
SEG022,2024-10-02 19:00:00,Central,1.0,2.578,-0.0036,1,0,0,0
SEG022,2024-10-03 18:00:00,Central,0.9504,0.605,-0.0148,1,0,0,0
SEG022,2024-10-04 17:00:00,Central,0.9949,0.709,-0.0003,1,0,0,0
SEG022,2024-10-07 08:00:00,Central,1.0,1.64,-0.0145,1,0,0,0
SEG022,2024-10-07 16:00:00,Central,1.0,2.129,-0.0087,1,0,0,1
SEG022,2024-10-07 17:00:00,Central,1.0,1.065,-0.03,1,0,0,0
SEG022,2024-10-09 17:00:00,Central,1.0,1.044,-0.0263,1,0,0,0
SEG022,2024-10-10 17:00:00,Central,0.9879,0.947,-0.0131,1,0,0,0
SEG022,2024-10-11 09:00:00,Central,1.0,1.734,-0.0029,1,0,0,0
SEG022,2024-10-11 17:00:00,Central,1.0,0.768,-0.0685,1,0,0,0
SEG022,2024-10-12 08:00:00,Central,0.9875,2.797,-0.0086,1,0,0,0
SEG022,2024-10-15 18:00:00,Central,0.9862,1.192,-0.0077,1,0,0,1
SEG022,2024-10-16 10:00:00,Central,1.0,2.834,-0.0019,1,0,0,1
SEG022,2024-10-17 16:00:00,Central,0.9553,1.255,-0.0084,1,0,0,0
SEG022,2024-10-18 08:00:00,Central,0.9602,0.257,-0.0208,1,0,0,0
SEG022,2024-10-18 17:00:00,Central,1.0,0.768,-0.0244,1,0,0,0
SEG022,2024-10-22 18:00:00,Central,1.0,1.354,-0.0044,1,0,0,1
SEG022,2024-10-23 17:00:00,Central,1.0,1.044,-0.0084,1,0,0,0
SEG022,2024-10-24 14:00:00,Central,1.0,2.637,-0.0103,1,0,0,1
SEG022,2024-10-24 16:00:00,Central,1.0,1.682,-0.0201,1,0,0,1
SEG022,2024-10-24 18:00:00,Central,1.0,1.114,-0.0134,1,0,0,0
SEG022,2024-10-25 16:00:00,Central,1.0,1.813,-0.0301,1,0,0,0
SEG022,2024-10-25 17:00:00,Central,1.0,0.768,-0.0214,1,0,0,0
SEG022,2024-11-01 18:00:00,Central,0.9766,0.879,-0.021,1,0,0,0
SEG022,2024-11-06 18:00:00,Central,1.0,1.473,-0.0307,1,0,0,0
SEG022,2024-11-07 17:00:00,Central,1.0,1.082,-0.012,1,0,0,0
SEG022,2024-11-11 18:00:00,Central,1.0,1.316,-0.0125,1,0,0,0
SEG022,2024-11-13 17:00:00,Central,1.0,1.044,-0.0003,1,0,0,0
SEG022,2024-11-15 08:00:00,Central,1.0,0.909,-0.0283,1,0,0,0
SEG022,2024-11-15 17:00:00,Central,1.0,0.768,-0.0305,1,0,0,0
SEG022,2024-11-18 17:00:00,Central,0.9876,0.938,-0.0122,1,0,0,0
SEG022,2024-11-21 13:00:00,Central,1.0,2.741,-0.0036,1,0,0,1
SEG022,2024-11-21 17:00:00,Central,1.0,1.082,-0.0228,1,0,0,0
SEG022,2024-11-22 16:00:00,Central,1.0,1.813,-0.0295,1,0,0,0
SEG022,2024-11-22 17:00:00,Central,1.0,0.768,-0.0301,1,0,0,0
SEG022,2024-11-22 18:00:00,Central,1.0,1.198,-0.0145,1,0,0,0
SEG022,2024-11-25 17:00:00,Central,1.0,1.065,-0.0216,1,0,0,0
SEG022,2024-11-29 08:00:00,Central,1.0,0.909,-0.0079,1,0,0,0
SEG022,2024-11-29 18:00:00,Central,1.0,1.198,-0.0075,1,0,0,0
SEG022,2024-12-02 08:00:00,Central,1.0,1.64,-0.018,1,0,0,0
SEG022,2024-12-02 17:00:00,Central,1.0,1.065,-0.0134,1,0,0,0
SEG022,2024-12-05 09:00:00,Central,1.0,1.754,-0.0099,1,0,0,1
SEG022,2024-12-06 17:00:00,Central,1.0,0.768,-0.0275,1,0,0,0
SEG022,2024-12-10 17:00:00,Central,1.0,1.163,-0.014,1,0,0,0
SEG022,2024-12-12 08:00:00,Central,1.0,1.415,-0.0118,1,0,0,0
SEG022,2024-12-12 17:00:00,Central,0.9866,0.933,-0.0087,1,0,0,0
SEG022,2024-12-13 08:00:00,Central,1.0,0.909,-0.0189,1,0,0,1
SEG022,2024-12-13 15:00:00,Central,1.0,2.802,-0.0024,1,0,0,1
SEG022,2024-12-13 17:00:00,Central,0.979,0.525,-0.0108,1,0,0,0
SEG022,2024-12-16 17:00:00,Central,1.0,1.065,-0.0282,1,0,0,0
SEG022,2024-12-17 08:00:00,Central,1.0,1.56,-0.018,1,0,0,0
SEG022,2024-12-17 17:00:00,Central,1.0,1.163,-0.0118,1,0,0,0
SEG022,2024-12-17 18:00:00,Central,1.0,1.354,-0.0103,1,0,0,0
SEG022,2024-12-18 18:00:00,Central,1.0,1.473,-0.0117,1,0,0,1
SEG022,2024-12-20 16:00:00,Central,1.0,1.813,-0.0012,1,0,0,0
SEG022,2024-12-20 17:00:00,Central,0.9377,0.047,-0.0023,1,0,0,0
SEG022,2024-12-20 18:00:00,Central,0.9835,0.973,-0.0005,1,0,0,0
SEG022,2024-12-24 16:00:00,Central,1.0,1.953,-0.0013,1,0,0,1
SEG022,2024-12-26 15:00:00,Central,1.0,3.252,-0.0093,1,1,1,0
SEG022,2024-12-27 08:00:00,Central,1.0,0.909,-0.02,1,0,0,0
SEG022,2024-12-27 18:00:00,Central,1.0,1.198,-0.0055,1,0,0,0
SEG022,2024-12-28 19:00:00,Central,1.0,2.865,-0.0121,1,0,0,0
SEG022,2024-12-30 17:00:00,Central,1.0,1.065,-0.0131,1,0,0,0
SEG023,2024-01-01 17:00:00,Central,0.938,1.571,-0.0626,1,0,0,0
SEG023,2024-01-02 08:00:00,Central,0.8893,1.394,-0.0018,1,0,0,0
SEG023,2024-01-02 17:00:00,Central,0.9159,1.485,-0.0725,1,0,0,0
SEG023,2024-01-03 07:00:00,Central,0.8616,2.213,-0.0485,1,0,0,0
SEG023,2024-01-03 08:00:00,Central,0.856,0.916,-0.005,1,0,0,0
SEG023,2024-01-03 17:00:00,Central,0.8127,0.475,-0.0491,1,0,0,0
SEG023,2024-01-04 07:00:00,Central,0.9463,2.675,-0.0706,1,0,0,0
SEG023,2024-01-04 08:00:00,Central,0.8816,1.122,-0.0422,1,0,0,0
SEG023,2024-01-04 18:00:00,Central,0.8043,0.717,-0.0188,1,0,0,0
SEG023,2024-01-05 07:00:00,Central,0.8439,1.432,-0.0114,1,0,0,0
SEG023,2024-01-05 08:00:00,Central,0.9391,1.294,-0.0722,1,0,0,0
SEG023,2024-01-08 08:00:00,Central,0.829,0.921,-0.0027,1,0,0,0
SEG023,2024-01-08 09:00:00,Central,1.0,3.333,-0.0936,1,1,1,1
SEG023,2024-01-11 17:00:00,Central,0.8565,0.767,-0.0275,1,0,0,0
SEG023,2024-01-11 18:00:00,Central,0.8005,0.673,-0.0085,1,0,0,0
SEG023,2024-01-12 08:00:00,Central,0.7943,-0.352,-0.0004,1,0,0,0
SEG023,2024-01-15 17:00:00,Central,0.8531,0.801,-0.0115,1,0,0,0
SEG023,2024-01-16 08:00:00,Central,0.7905,0.26,-0.0084,1,0,0,0
SEG023,2024-01-16 18:00:00,Central,0.8488,1.069,-0.0226,1,0,0,0
SEG023,2024-01-16 19:00:00,Central,0.7985,1.707,-0.0197,1,0,0,0
SEG023,2024-01-17 18:00:00,Central,0.8323,0.668,-0.0311,1,0,0,0
SEG023,2024-01-18 07:00:00,Central,0.9674,2.883,-0.0482,1,0,0,0
SEG023,2024-01-18 08:00:00,Central,0.8886,1.198,-0.0246,1,0,0,0
SEG023,2024-01-18 17:00:00,Central,0.8039,0.253,-0.0114,1,0,0,0
SEG023,2024-01-19 08:00:00,Central,0.7982,-0.308,-0.0143,1,0,0,0
SEG023,2024-01-19 09:00:00,Central,1.0,2.864,-0.0948,1,0,0,1
SEG023,2024-01-19 18:00:00,Central,0.8298,0.396,-0.0019,1,0,0,0
SEG023,2024-01-22 08:00:00,Central,0.7589,0.184,-0.001,1,0,0,0
SEG023,2024-01-23 07:00:00,Central,0.845,1.768,-0.0034,1,0,0,0
SEG023,2024-01-23 17:00:00,Central,0.9034,1.351,-0.0592,1,0,0,0
SEG023,2024-01-23 18:00:00,Central,0.842,0.997,-0.017,1,0,0,0
SEG023,2024-01-24 08:00:00,Central,0.9485,1.93,-0.0665,1,0,0,0
SEG023,2024-01-24 17:00:00,Central,0.787,0.21,-0.003,1,0,0,0
SEG023,2024-01-26 17:00:00,Central,0.7922,-0.215,-0.0357,1,0,0,0
SEG023,2024-01-27 17:00:00,Central,0.8941,2.987,-0.0228,1,0,0,1
SEG023,2024-01-29 08:00:00,Central,0.85,1.141,-0.0507,1,0,0,0
SEG023,2024-01-30 05:00:00,Central,1.0,6.203,-0.0948,1,1,1,1
SEG023,2024-01-30 06:00:00,Central,1.0,4.039,-0.0831,1,1,1,0
SEG023,2024-01-30 07:00:00,Central,0.9782,3.254,-0.0496,1,1,1,0
SEG023,2024-01-30 08:00:00,Central,0.8823,1.313,-0.0472,1,0,0,0
SEG023,2024-01-30 09:00:00,Central,0.858,3.339,-0.0316,1,1,1,0
SEG023,2024-01-30 17:00:00,Central,0.7966,0.202,-0.0217,1,0,0,0
SEG023,2024-01-31 08:00:00,Central,0.857,0.927,-0.035,1,0,0,0
SEG023,2024-02-02 08:00:00,Central,0.7842,-0.467,-0.0096,1,0,0,0
SEG023,2024-02-02 17:00:00,Central,0.7527,-0.711,-0.0057,1,0,0,0
SEG023,2024-02-02 18:00:00,Central,0.7692,-0.189,-0.041,1,0,0,0
SEG023,2024-02-05 08:00:00,Central,0.7788,0.393,-0.017,1,0,0,0
SEG023,2024-02-05 17:00:00,Central,0.8626,0.887,-0.0368,1,0,0,0
SEG023,2024-02-06 07:00:00,Central,0.7686,0.916,-0.0172,1,0,0,0
SEG023,2024-02-06 17:00:00,Central,0.7981,0.218,-0.0068,1,0,0,0
SEG023,2024-02-06 18:00:00,Central,0.7787,0.328,-0.0118,1,0,0,0
SEG023,2024-02-07 17:00:00,Central,0.8093,0.44,-0.015,1,0,0,0
SEG023,2024-02-08 08:00:00,Central,0.8607,0.895,-0.0251,1,0,0,0
SEG023,2024-02-08 17:00:00,Central,0.8467,0.671,-0.0153,1,0,0,0
SEG023,2024-02-08 18:00:00,Central,0.8697,1.485,-0.0527,1,0,0,0
SEG023,2024-02-09 08:00:00,Central,0.8436,0.208,-0.0303,1,0,0,0
SEG023,2024-02-09 16:00:00,Central,0.9477,2.587,-0.0518,1,0,0,1
SEG023,2024-02-11 10:00:00,Central,1.0,5.772,-0.069,1,1,1,1
SEG023,2024-02-12 17:00:00,Central,1.0,2.133,-0.0948,1,0,0,1
SEG023,2024-02-12 18:00:00,Central,1.0,2.291,-0.0641,1,0,0,0
SEG023,2024-02-13 08:00:00,Central,0.8254,0.66,-0.0078,1,0,0,0
SEG023,2024-02-13 09:00:00,Central,0.7775,2.144,-0.0142,1,0,0,0
SEG023,2024-02-13 17:00:00,Central,0.846,0.733,-0.0159,1,0,0,0
SEG023,2024-02-14 17:00:00,Central,0.8111,0.459,-0.0105,1,0,0,0
SEG023,2024-02-15 16:00:00,Central,0.7968,0.641,-0.0139,1,0,0,0
SEG023,2024-02-16 07:00:00,Central,0.8816,1.835,-0.0006,1,0,0,0
SEG023,2024-02-16 08:00:00,Central,0.9297,1.187,-0.048,1,0,0,0
SEG023,2024-02-19 08:00:00,Central,0.7913,0.524,-0.0017,1,0,0,0
SEG023,2024-02-19 10:00:00,Central,1.0,4.833,-0.0552,1,1,1,1
SEG023,2024-02-19 11:00:00,Central,0.9384,3.669,-0.077,1,1,1,0
SEG023,2024-02-19 18:00:00,Central,0.7435,-0.087,-0.0013,1,0,0,0
SEG023,2024-02-20 16:00:00,Central,0.8357,1.395,-0.0011,1,0,0,0
SEG023,2024-02-21 17:00:00,Central,0.9817,2.215,-0.0822,1,0,0,0
SEG023,2024-02-21 18:00:00,Central,0.8064,0.42,-0.0177,1,0,0,0
SEG023,2024-02-22 08:00:00,Central,0.8297,0.558,-0.0184,1,0,0,0
SEG023,2024-02-22 09:00:00,Central,1.0,4.118,-0.0846,1,1,1,1
SEG023,2024-02-22 10:00:00,Central,1.0,4.163,-0.0851,1,1,1,0
SEG023,2024-02-22 11:00:00,Central,1.0,5.088,-0.0751,1,1,1,0
SEG023,2024-02-22 12:00:00,Central,0.8981,3.911,-0.0437,1,1,1,0
SEG023,2024-02-22 17:00:00,Central,0.9727,1.902,-0.0739,1,0,0,0
SEG023,2024-02-28 18:00:00,Central,0.8978,1.296,-0.0461,1,0,0,0
SEG023,2024-02-28 19:00:00,Central,1.0,3.205,-0.0857,1,1,1,1
SEG023,2024-02-29 08:00:00,Central,0.8665,0.958,-0.0321,1,0,0,0
SEG023,2024-02-29 17:00:00,Central,0.8381,0.587,-0.0446,1,0,0,0
SEG023,2024-03-01 17:00:00,Central,0.8611,0.649,-0.022,1,0,0,0
SEG023,2024-03-01 18:00:00,Central,0.7506,-0.368,-0.0067,1,0,0,0
SEG023,2024-03-05 08:00:00,Central,0.8032,0.405,-0.0043,1,0,0,0
SEG023,2024-03-06 18:00:00,Central,0.8294,0.64,-0.0209,1,0,0,0
SEG023,2024-03-07 17:00:00,Central,0.8905,1.099,-0.0002,1,0,0,0
SEG023,2024-03-07 18:00:00,Central,0.744,0.009,-0.0046,1,0,0,0
SEG023,2024-03-08 16:00:00,Central,0.7797,0.685,-0.0147,1,0,0,0
SEG023,2024-03-11 08:00:00,Central,1.0,2.717,-0.0816,1,0,0,1
SEG023,2024-03-11 09:00:00,Central,1.0,3.333,-0.0638,1,1,1,0
SEG023,2024-03-11 10:00:00,Central,0.7886,2.669,-0.0147,1,0,0,0
SEG023,2024-03-11 18:00:00,Central,1.0,2.291,-0.0752,1,0,0,1
SEG023,2024-03-12 17:00:00,Central,0.8156,0.406,-0.0158,1,0,0,0
SEG023,2024-03-13 08:00:00,Central,0.89,1.289,-0.0431,1,0,0,0
SEG023,2024-03-14 08:00:00,Central,1.0,2.408,-0.076,1,0,0,1
SEG023,2024-03-15 08:00:00,Central,0.9192,1.067,-0.0679,1,0,0,0
SEG023,2024-03-15 09:00:00,Central,0.7942,0.977,-0.002,1,0,0,0
SEG023,2024-03-15 17:00:00,Central,0.8374,0.351,-0.0349,1,0,0,0
SEG023,2024-03-16 16:00:00,Central,1.0,4.14,-0.0944,1,1,1,1
SEG023,2024-03-16 17:00:00,Central,1.0,4.125,-0.0814,1,1,1,0
SEG023,2024-03-19 17:00:00,Central,0.8228,0.484,-0.0267,1,0,0,0
SEG023,2024-03-20 16:00:00,Central,0.7124,0.361,-0.0087,1,0,0,0
SEG023,2024-03-20 18:00:00,Central,0.7936,0.297,-0.0072,1,0,0,0
SEG023,2024-03-21 18:00:00,Central,0.8078,0.758,-0.0157,1,0,0,0
SEG023,2024-03-22 08:00:00,Central,0.9322,1.215,-0.0352,1,0,0,0
SEG023,2024-03-22 09:00:00,Central,1.0,2.864,-0.0903,1,0,0,1
SEG023,2024-03-22 10:00:00,Central,1.0,4.208,-0.0862,1,1,1,0
SEG023,2024-03-22 11:00:00,Central,0.8812,3.385,-0.0511,1,1,1,0
SEG023,2024-03-22 18:00:00,Central,0.8744,0.827,-0.058,1,0,0,0
SEG023,2024-03-26 17:00:00,Central,0.9341,1.681,-0.0393,1,0,0,0
SEG023,2024-03-26 18:00:00,Central,1.0,2.668,-0.0898,1,0,0,1
SEG023,2024-03-26 19:00:00,Central,1.0,3.442,-0.0801,1,1,1,0
SEG023,2024-03-27 08:00:00,Central,0.7892,0.184,-0.0325,1,0,0,0
SEG023,2024-03-27 17:00:00,Central,1.0,2.403,-0.0898,1,0,0,1
SEG023,2024-03-27 18:00:00,Central,1.0,2.275,-0.0688,1,0,0,0
SEG023,2024-03-28 05:00:00,Central,1.0,4.723,-0.0956,1,1,1,1
SEG023,2024-03-29 17:00:00,Central,0.951,1.776,-0.0418,1,0,0,0
SEG023,2024-04-01 18:00:00,Central,0.9196,1.546,-0.0452,1,0,0,0
SEG023,2024-04-02 08:00:00,Central,0.8956,1.466,-0.0636,1,0,0,0
SEG023,2024-04-03 08:00:00,Central,0.8994,1.392,-0.0588,1,0,0,0
SEG023,2024-04-04 08:00:00,Central,0.8001,0.236,-0.0117,1,0,0,0
SEG023,2024-04-04 16:00:00,Central,1.0,2.599,-0.0943,1,0,0,1
SEG023,2024-04-04 17:00:00,Central,1.0,2.169,-0.0352,1,0,0,0
SEG023,2024-04-04 18:00:00,Central,1.0,3.016,-0.0434,1,1,1,0
SEG023,2024-04-05 18:00:00,Central,0.8095,0.2,-0.0013,1,0,0,0
SEG023,2024-04-08 17:00:00,Central,0.9159,1.37,-0.0352,1,0,0,0
SEG023,2024-04-08 18:00:00,Central,0.9176,1.527,-0.0554,1,0,0,0
SEG023,2024-04-09 08:00:00,Central,0.785,0.197,-0.0197,1,0,0,0
SEG023,2024-04-09 17:00:00,Central,0.7287,-0.528,-0.0068,1,0,0,0
SEG023,2024-04-10 17:00:00,Central,0.8139,0.487,-0.031,1,0,0,0
SEG023,2024-04-11 08:00:00,Central,0.842,0.692,-0.0456,1,0,0,0
SEG023,2024-04-11 16:00:00,Central,0.8253,0.916,-0.0201,1,0,0,0
SEG023,2024-04-12 08:00:00,Central,0.8492,0.272,-0.0213,1,0,0,0
SEG023,2024-04-13 09:00:00,Central,1.0,4.622,-0.0893,1,1,1,1
SEG023,2024-04-13 10:00:00,Central,0.849,4.15,-0.0473,1,1,1,0
SEG023,2024-04-15 17:00:00,Central,0.8848,1.088,-0.0576,1,0,0,0
SEG023,2024-04-17 18:00:00,Central,0.8232,0.581,-0.0176,1,0,0,0
SEG023,2024-04-19 08:00:00,Central,0.8709,0.519,-0.005,1,0,0,0
SEG023,2024-04-19 17:00:00,Central,0.8361,0.335,-0.0492,1,0,0,0
SEG023,2024-04-21 16:00:00,Central,1.0,5.619,-0.0736,1,1,1,1
SEG023,2024-04-21 17:00:00,Central,1.0,5.318,-0.0858,1,1,1,0
SEG023,2024-04-22 17:00:00,Central,0.8241,0.537,-0.0241,1,0,0,0
SEG023,2024-04-22 20:00:00,Central,1.0,5.613,-0.0864,1,1,1,1
SEG023,2024-04-22 21:00:00,Central,0.9731,4.275,-0.0831,1,1,1,0
SEG023,2024-04-24 08:00:00,Central,0.7651,-0.08,-0.0027,1,0,0,0
SEG023,2024-04-24 17:00:00,Central,0.9573,1.964,-0.077,1,0,0,0
SEG023,2024-04-24 18:00:00,Central,0.9258,1.564,-0.0701,1,0,0,0
SEG023,2024-04-26 17:00:00,Central,0.9327,1.546,-0.0647,1,0,0,0
SEG023,2024-04-26 19:00:00,Central,1.0,4.506,-0.0841,1,1,1,1
SEG023,2024-04-26 20:00:00,Central,1.0,5.201,-0.0762,1,1,1,0
SEG023,2024-04-30 17:00:00,Central,0.8701,0.992,-0.0327,1,0,0,0
SEG023,2024-05-02 08:00:00,Central,0.9311,1.66,-0.0416,1,0,0,0
SEG023,2024-05-02 17:00:00,Central,0.8122,0.334,-0.0186,1,0,0,0
SEG023,2024-05-03 08:00:00,Central,0.8449,0.223,-0.0065,1,0,0,0
SEG023,2024-05-03 16:00:00,Central,0.8084,1.01,-0.0094,1,0,0,0
SEG023,2024-05-03 17:00:00,Central,0.9266,1.47,-0.0357,1,0,0,0
SEG023,2024-05-03 18:00:00,Central,0.8954,1.03,-0.0539,1,0,0,0
SEG023,2024-05-06 18:00:00,Central,0.7977,0.416,-0.0065,1,0,0,0
SEG023,2024-05-07 16:00:00,Central,0.8687,1.719,-0.011,1,0,0,0
SEG023,2024-05-07 17:00:00,Central,0.8279,0.539,-0.0203,1,0,0,0
SEG023,2024-05-08 17:00:00,Central,1.0,2.403,-0.0625,1,0,0,1
SEG023,2024-05-08 18:00:00,Central,0.8567,0.902,-0.0228,1,0,0,0
SEG023,2024-05-10 16:00:00,Central,0.9899,3.065,-0.0699,1,1,1,0
SEG023,2024-05-10 17:00:00,Central,1.0,2.39,-0.0809,1,0,0,1
SEG023,2024-05-10 18:00:00,Central,0.9951,1.992,-0.0753,1,0,0,0
SEG023,2024-05-11 19:00:00,Central,1.0,4.176,-0.0936,1,1,1,1
SEG023,2024-05-11 20:00:00,Central,0.822,5.094,-0.0274,1,1,1,0
SEG023,2024-05-13 08:00:00,Central,0.8223,0.85,-0.0182,1,0,0,0
SEG023,2024-05-13 17:00:00,Central,0.8603,0.866,-0.033,1,0,0,0
SEG023,2024-05-13 19:00:00,Central,1.0,3.816,-0.0948,1,1,1,1
SEG023,2024-05-14 08:00:00,Central,0.9468,2.054,-0.0665,1,0,0,0
SEG023,2024-05-14 11:00:00,Central,1.0,4.291,-0.0936,1,1,1,1
SEG023,2024-05-14 14:00:00,Central,1.0,4.039,-0.0936,1,1,1,1
SEG023,2024-05-14 15:00:00,Central,0.9234,3.524,-0.0711,1,1,1,0
SEG023,2024-05-15 08:00:00,Central,0.9184,1.6,-0.0569,1,0,0,0
SEG023,2024-05-16 15:00:00,Central,1.0,4.221,-0.0829,1,1,1,1
SEG023,2024-05-16 16:00:00,Central,1.0,2.599,-0.0846,1,0,0,0
SEG023,2024-05-16 17:00:00,Central,0.813,0.342,-0.0184,1,0,0,0
SEG023,2024-05-17 17:00:00,Central,0.7364,-0.915,-0.0199,1,0,0,0
SEG023,2024-05-18 18:00:00,Central,0.7597,2.243,-0.0009,1,0,0,0
SEG023,2024-05-21 08:00:00,Central,0.7661,-0.02,-0.0049,1,0,0,0
SEG023,2024-05-23 16:00:00,Central,1.0,2.599,-0.0901,1,0,0,1
SEG023,2024-05-23 17:00:00,Central,1.0,2.169,-0.0857,1,0,0,0
SEG023,2024-05-24 18:00:00,Central,0.7992,0.101,-0.0202,1,0,0,0
SEG023,2024-05-28 08:00:00,Central,0.8798,1.285,-0.0561,1,0,0,0
SEG023,2024-05-28 16:00:00,Central,0.7991,1.034,-0.0173,1,0,0,0
SEG023,2024-05-29 17:00:00,Central,0.8131,0.479,-0.0129,1,0,0,0
SEG023,2024-05-30 07:00:00,Central,0.8868,2.088,-0.0571,1,0,0,0
SEG023,2024-05-30 17:00:00,Central,0.7895,0.112,-0.012,1,0,0,0
SEG023,2024-05-31 08:00:00,Central,0.8152,-0.115,-0.0194,1,0,0,0
SEG023,2024-05-31 17:00:00,Central,0.805,-0.055,-0.0298,1,0,0,0
SEG023,2024-05-31 18:00:00,Central,0.8231,0.332,-0.0178,1,0,0,0
SEG023,2024-06-04 08:00:00,Central,0.9421,2.0,-0.0375,1,0,0,0
SEG023,2024-06-05 07:00:00,Central,0.8076,1.547,-0.0108,1,0,0,0
SEG023,2024-06-05 17:00:00,Central,0.8192,0.542,-0.0174,1,0,0,0
SEG023,2024-06-06 08:00:00,Central,0.7865,0.089,-0.0054,1,0,0,0
SEG023,2024-06-07 09:00:00,Central,0.8371,1.37,-0.0249,1,0,0,1
SEG023,2024-06-07 18:00:00,Central,0.8719,0.803,-0.0144,1,0,0,0
SEG023,2024-06-10 17:00:00,Central,0.9979,2.114,-0.0682,1,0,0,0
SEG023,2024-06-10 18:00:00,Central,0.8648,1.038,-0.0227,1,0,0,0
SEG023,2024-06-11 08:00:00,Central,0.8812,1.301,-0.0537,1,0,0,0
SEG023,2024-06-11 14:00:00,Central,1.0,4.039,-0.0779,1,1,1,1
SEG023,2024-06-11 17:00:00,Central,0.8049,0.291,-0.0247,1,0,0,0
SEG023,2024-06-11 18:00:00,Central,0.7391,-0.09,-0.0218,1,0,0,0
SEG023,2024-06-12 18:00:00,Central,0.8837,1.161,-0.0208,1,0,0,0
SEG023,2024-06-13 13:00:00,Central,1.0,4.813,-0.0719,1,1,1,1
SEG023,2024-06-13 14:00:00,Central,1.0,4.41,-0.086,1,1,1,0
SEG023,2024-06-13 18:00:00,Central,1.0,3.016,-0.0892,1,1,1,1
SEG023,2024-06-13 19:00:00,Central,1.0,4.574,-0.0856,1,1,1,0
SEG023,2024-06-14 08:00:00,Central,0.8103,-0.17,-0.0122,1,0,0,0
SEG023,2024-06-14 17:00:00,Central,0.8519,0.533,-0.0132,1,0,0,0
SEG023,2024-06-17 18:00:00,Central,0.9108,1.464,-0.0557,1,0,0,0
SEG023,2024-06-18 06:00:00,Central,1.0,4.039,-0.0892,1,1,1,1
SEG023,2024-06-18 07:00:00,Central,1.0,3.497,-0.0626,1,1,1,0
SEG023,2024-06-18 08:00:00,Central,0.8494,0.936,-0.0178,1,0,0,0
SEG023,2024-06-18 17:00:00,Central,0.8928,1.237,-0.0494,1,0,0,0
SEG023,2024-06-21 09:00:00,Central,0.8375,1.374,-0.0017,1,0,0,0
SEG023,2024-06-21 11:00:00,Central,0.7996,2.512,-0.0459,1,0,0,1
SEG023,2024-06-21 18:00:00,Central,0.921,1.277,-0.0744,1,0,0,0
SEG023,2024-06-24 08:00:00,Central,1.0,2.717,-0.0946,1,0,0,1
SEG023,2024-06-24 09:00:00,Central,1.0,3.333,-0.0602,1,1,1,0
SEG023,2024-06-24 17:00:00,Central,0.8949,1.18,-0.026,1,0,0,0
SEG023,2024-06-25 08:00:00,Central,0.8212,0.612,-0.0141,1,0,0,0
SEG023,2024-06-25 17:00:00,Central,0.8283,0.543,-0.049,1,0,0,0
SEG023,2024-06-27 14:00:00,Central,0.797,2.506,-0.0016,1,0,0,1
SEG023,2024-06-27 17:00:00,Central,0.8826,1.022,-0.0431,1,0,0,0
SEG023,2024-07-01 08:00:00,Central,0.8163,0.787,-0.001,1,0,0,0
SEG023,2024-07-02 08:00:00,Central,0.7769,0.104,-0.004,1,0,0,0
SEG023,2024-07-02 17:00:00,Central,0.7725,-0.057,-0.0033,1,0,0,0
SEG023,2024-07-03 08:00:00,Central,0.9004,1.403,-0.0242,1,0,0,0
SEG023,2024-07-05 08:00:00,Central,0.952,1.44,-0.0687,1,0,0,0
SEG023,2024-07-10 16:00:00,Central,0.8018,1.613,-0.0025,1,0,0,0
SEG023,2024-07-11 17:00:00,Central,0.9269,1.455,-0.0628,1,0,0,0
SEG023,2024-07-12 08:00:00,Central,0.9301,1.191,-0.0331,1,0,0,0
SEG023,2024-07-12 12:00:00,Central,0.7593,2.416,-0.0058,1,0,0,0
SEG023,2024-07-12 17:00:00,Central,0.8785,0.867,-0.0664,1,0,0,0
SEG023,2024-07-12 18:00:00,Central,0.9618,1.671,-0.0817,1,0,0,0
SEG023,2024-07-15 07:00:00,Central,0.7763,1.703,-0.0028,1,0,0,0
SEG023,2024-07-15 08:00:00,Central,0.9351,2.035,-0.0638,1,0,0,0
SEG023,2024-07-16 17:00:00,Central,0.8681,0.971,-0.0024,1,0,0,0
SEG023,2024-07-17 18:00:00,Central,0.8739,1.067,-0.0125,1,0,0,0
SEG023,2024-07-18 18:00:00,Central,0.7796,0.427,-0.035,1,0,0,0
SEG023,2024-07-19 17:00:00,Central,0.9488,1.748,-0.0807,1,0,0,0
SEG023,2024-07-19 18:00:00,Central,1.0,2.04,-0.0615,1,0,0,1
SEG023,2024-07-22 17:00:00,Central,0.855,0.818,-0.0454,1,0,0,0
SEG023,2024-07-22 18:00:00,Central,0.8041,0.475,-0.0089,1,0,0,0
SEG023,2024-07-23 07:00:00,Central,0.793,1.188,-0.0462,1,0,0,0
SEG023,2024-07-23 08:00:00,Central,0.8629,1.091,-0.0522,1,0,0,0
SEG023,2024-07-23 16:00:00,Central,0.8841,1.871,-0.0089,1,0,0,1
SEG023,2024-07-24 18:00:00,Central,0.8267,0.614,-0.0362,1,0,0,0
SEG023,2024-07-25 08:00:00,Central,0.7677,-0.116,-0.0246,1,0,0,0
SEG023,2024-07-25 16:00:00,Central,0.8039,0.71,-0.0149,1,0,0,0
SEG023,2024-07-25 17:00:00,Central,0.7503,-0.271,-0.0009,1,0,0,0
SEG023,2024-07-26 08:00:00,Central,0.8785,0.605,-0.0651,1,0,0,0
SEG023,2024-07-26 09:00:00,Central,0.7968,1.001,-0.0029,1,0,0,0
SEG023,2024-07-27 13:00:00,Central,1.0,5.617,-0.0948,1,1,1,1
SEG023,2024-07-30 08:00:00,Central,0.7587,-0.105,-0.0115,1,0,0,0
SEG023,2024-07-31 08:00:00,Central,0.7615,-0.12,-0.0169,1,0,0,0
SEG023,2024-08-01 18:00:00,Central,0.7572,0.164,-0.0019,1,0,0,0
SEG023,2024-08-02 17:00:00,Central,0.9181,1.363,-0.0267,1,0,0,0
SEG023,2024-08-02 18:00:00,Central,1.0,2.04,-0.0601,1,0,0,0
SEG023,2024-08-05 17:00:00,Central,0.8892,1.128,-0.0396,1,0,0,0
SEG023,2024-08-05 18:00:00,Central,0.935,1.689,-0.0708,1,0,0,0
SEG023,2024-08-06 08:00:00,Central,0.8779,1.263,-0.0224,1,0,0,0
SEG023,2024-08-06 18:00:00,Central,0.883,1.431,-0.0445,1,0,0,0
SEG023,2024-08-07 19:00:00,Central,1.0,3.205,-0.0806,1,1,1,1
SEG023,2024-08-07 20:00:00,Central,0.9863,4.955,-0.0634,1,1,1,0
SEG023,2024-08-08 08:00:00,Central,1.0,2.408,-0.0802,1,0,0,1
SEG023,2024-08-09 07:00:00,Central,0.8542,1.542,-0.03,1,0,0,0
SEG023,2024-08-09 18:00:00,Central,0.9153,1.222,-0.0672,1,0,0,0
SEG023,2024-08-14 08:00:00,Central,0.9171,1.586,-0.0612,1,0,0,0
SEG023,2024-08-14 17:00:00,Central,0.8451,0.809,-0.0165,1,0,0,0
SEG023,2024-08-15 17:00:00,Central,0.7922,0.138,-0.0243,1,0,0,0
SEG023,2024-08-16 08:00:00,Central,1.0,1.986,-0.0738,1,0,0,0
SEG023,2024-08-16 17:00:00,Central,0.8675,0.729,-0.0243,1,0,0,0
SEG023,2024-08-19 11:00:00,Central,1.0,4.209,-0.082,1,1,1,1
SEG023,2024-08-19 12:00:00,Central,1.0,5.066,-0.0846,1,1,1,0
SEG023,2024-08-21 08:00:00,Central,0.8658,1.024,-0.0575,1,0,0,1
SEG023,2024-08-23 17:00:00,Central,0.8192,0.123,-0.043,1,0,0,0
SEG023,2024-08-23 18:00:00,Central,0.7772,-0.111,-0.0091,1,0,0,0
SEG023,2024-08-27 19:00:00,Central,1.0,3.442,-0.0775,1,1,1,1
SEG023,2024-08-27 20:00:00,Central,0.9231,3.846,-0.0599,1,1,1,0
SEG023,2024-08-28 16:00:00,Central,0.9658,3.911,-0.0491,1,1,1,1
SEG023,2024-08-29 07:00:00,Central,0.771,0.947,-0.015,1,0,0,0
SEG023,2024-08-29 17:00:00,Central,0.7919,0.136,-0.002,1,0,0,0
SEG023,2024-08-30 07:00:00,Central,0.8224,1.202,-0.0152,1,0,0,0
SEG023,2024-08-30 08:00:00,Central,0.8427,0.198,-0.0169,1,0,0,0
SEG023,2024-08-30 17:00:00,Central,0.8165,0.089,-0.0479,1,0,0,0
SEG023,2024-09-02 18:00:00,Central,0.858,0.975,-0.0147,1,0,0,0
SEG023,2024-09-03 17:00:00,Central,0.9315,1.653,-0.0517,1,0,0,0
SEG023,2024-09-04 07:00:00,Central,1.0,3.921,-0.0932,1,1,1,1
SEG023,2024-09-04 08:00:00,Central,1.0,2.494,-0.0688,1,0,0,0
SEG023,2024-09-05 17:00:00,Central,0.8619,0.819,-0.0087,1,0,0,0
SEG023,2024-09-05 18:00:00,Central,0.8352,1.08,-0.0136,1,0,0,0
SEG023,2024-09-06 08:00:00,Central,0.8355,0.116,-0.0054,1,0,0,0
SEG023,2024-09-06 16:00:00,Central,1.0,3.179,-0.0807,1,1,1,1
SEG023,2024-09-06 17:00:00,Central,0.7956,-0.173,-0.0209,1,0,0,0
SEG023,2024-09-06 18:00:00,Central,0.7961,0.071,-0.0025,1,0,0,0
SEG023,2024-09-09 17:00:00,Central,0.9237,1.441,-0.0638,1,0,0,0
SEG023,2024-09-10 08:00:00,Central,0.7746,0.077,-0.0085,1,0,0,0
SEG023,2024-09-10 17:00:00,Central,1.0,2.39,-0.0782,1,0,0,1
SEG023,2024-09-10 18:00:00,Central,1.0,2.668,-0.0626,1,0,0,0
SEG023,2024-09-10 19:00:00,Central,0.8569,2.21,-0.0515,1,0,0,0
SEG023,2024-09-10 20:00:00,Central,1.0,4.487,-0.0815,1,1,1,1
SEG023,2024-09-12 08:00:00,Central,0.9275,1.62,-0.0755,1,0,0,0
SEG023,2024-09-12 16:00:00,Central,0.77,0.383,-0.0045,1,0,0,0
SEG023,2024-09-13 08:00:00,Central,0.9392,1.295,-0.029,1,0,0,0
SEG023,2024-09-16 08:00:00,Central,0.8731,1.384,-0.0587,1,0,0,0
SEG023,2024-09-18 17:00:00,Central,0.7697,0.032,-0.004,1,0,0,0
SEG023,2024-09-19 16:00:00,Central,0.8255,0.918,-0.0044,1,0,0,0
SEG023,2024-09-19 18:00:00,Central,0.8324,1.047,-0.0449,1,0,0,0
SEG023,2024-09-20 08:00:00,Central,0.7943,-0.352,-0.0346,1,0,0,0
SEG023,2024-09-20 18:00:00,Central,0.7864,-0.023,-0.0033,1,0,0,0
SEG023,2024-09-22 08:00:00,Central,1.0,5.245,-0.0709,1,1,1,1
SEG023,2024-09-23 17:00:00,Central,0.8834,1.076,-0.0268,1,0,0,0
SEG023,2024-09-24 08:00:00,Central,0.8346,0.766,-0.0322,1,0,0,0
SEG023,2024-09-25 07:00:00,Central,0.8224,1.729,-0.0098,1,0,0,0
SEG023,2024-09-25 17:00:00,Central,0.9202,1.582,-0.0543,1,0,0,0
SEG023,2024-09-25 18:00:00,Central,1.0,2.275,-0.0853,1,0,0,1
SEG023,2024-09-25 19:00:00,Central,1.0,3.205,-0.0764,1,1,1,0
SEG023,2024-09-26 16:00:00,Central,0.772,0.402,-0.0288,1,0,0,0
SEG023,2024-09-26 17:00:00,Central,0.8171,0.382,-0.0039,1,0,0,0
SEG023,2024-09-27 07:00:00,Central,0.7737,0.681,-0.0132,1,0,0,0
SEG023,2024-09-27 08:00:00,Central,0.8616,0.413,-0.0005,1,0,0,0
SEG023,2024-09-27 17:00:00,Central,0.7808,-0.358,-0.0063,1,0,0,0
SEG023,2024-09-27 18:00:00,Central,0.8769,0.851,-0.0342,1,0,0,0
SEG023,2024-09-27 22:00:00,Central,1.0,6.219,-0.0948,1,1,1,1
SEG023,2024-09-29 05:00:00,Central,1.0,6.391,-0.0859,1,1,1,1
SEG023,2024-10-01 15:00:00,Central,1.0,4.276,-0.0948,1,1,1,1
SEG023,2024-10-01 18:00:00,Central,0.7719,0.256,-0.0229,1,0,0,0
SEG023,2024-10-02 17:00:00,Central,0.8802,1.17,-0.0253,1,0,0,0
SEG023,2024-10-03 05:00:00,Central,1.0,4.723,-0.0779,1,1,1,1
SEG023,2024-10-03 17:00:00,Central,0.7814,0.033,-0.0408,1,0,0,0
SEG023,2024-10-04 08:00:00,Central,1.0,1.986,-0.0677,1,0,0,1
SEG023,2024-10-04 09:00:00,Central,1.0,2.864,-0.0588,1,0,0,0
SEG023,2024-10-04 17:00:00,Central,0.9322,1.54,-0.0529,1,0,0,0
SEG023,2024-10-07 08:00:00,Central,0.9003,1.67,-0.0464,1,0,0,0
SEG023,2024-10-07 09:00:00,Central,0.8047,1.566,-0.026,1,0,0,0
SEG023,2024-10-09 17:00:00,Central,0.8257,0.609,-0.0144,1,0,0,0
SEG023,2024-10-10 08:00:00,Central,0.8918,1.233,-0.0231,1,0,0,0
SEG023,2024-10-10 18:00:00,Central,0.8317,1.039,-0.0128,1,0,0,0
SEG023,2024-10-11 08:00:00,Central,1.0,1.986,-0.0675,1,0,0,0
SEG023,2024-10-11 17:00:00,Central,0.8611,0.649,-0.0275,1,0,0,0
SEG023,2024-10-11 18:00:00,Central,0.8331,0.428,-0.0129,1,0,0,0
SEG023,2024-10-11 19:00:00,Central,0.8551,2.806,-0.0424,1,0,0,0
SEG023,2024-10-14 17:00:00,Central,0.7439,-0.19,-0.0274,1,0,0,0
SEG023,2024-10-15 16:00:00,Central,1.0,3.012,-0.0784,1,1,1,1
SEG023,2024-10-16 08:00:00,Central,0.8266,0.594,-0.0072,1,0,0,0
SEG023,2024-10-17 08:00:00,Central,0.8881,1.192,-0.0282,1,0,0,0
SEG023,2024-10-20 11:00:00,Central,1.0,5.276,-0.0892,1,1,1,1
SEG023,2024-10-21 08:00:00,Central,0.8162,0.786,-0.0186,1,0,0,0
SEG023,2024-10-21 18:00:00,Central,1.0,2.291,-0.0951,1,0,0,1
SEG023,2024-10-21 19:00:00,Central,1.0,3.816,-0.0727,1,1,1,0
SEG023,2024-10-22 08:00:00,Central,0.8279,0.689,-0.0053,1,0,0,0
SEG023,2024-10-23 17:00:00,Central,0.9055,1.43,-0.0289,1,0,0,0
SEG023,2024-10-23 18:00:00,Central,0.8597,0.931,-0.0506,1,0,0,0
SEG023,2024-10-24 17:00:00,Central,0.8733,0.931,-0.0256,1,0,0,0
SEG023,2024-10-25 08:00:00,Central,0.8417,0.187,-0.0473,1,0,0,0
SEG023,2024-10-25 17:00:00,Central,0.9334,1.555,-0.068,1,0,0,0
SEG023,2024-10-25 18:00:00,Central,0.7921,0.032,-0.0014,1,0,0,0
SEG023,2024-10-29 12:00:00,Central,1.0,4.015,-0.082,1,1,1,1
SEG023,2024-10-29 13:00:00,Central,1.0,4.95,-0.0833,1,1,1,0
SEG023,2024-10-29 14:00:00,Central,0.7836,2.195,-0.0329,1,0,0,0
SEG023,2024-10-29 18:00:00,Central,0.8022,0.577,-0.0173,1,0,0,0
SEG023,2024-10-31 16:00:00,Central,0.9071,1.704,-0.0506,1,0,0,0
SEG023,2024-10-31 18:00:00,Central,0.7633,0.235,-0.0185,1,0,0,0
SEG023,2024-11-01 07:00:00,Central,0.8044,1.01,-0.0269,1,0,0,0
SEG023,2024-11-01 08:00:00,Central,0.9165,1.037,-0.0565,1,0,0,0
SEG023,2024-11-01 18:00:00,Central,0.8629,0.716,-0.0238,1,0,0,0
SEG023,2024-11-05 08:00:00,Central,0.8144,0.534,-0.0179,1,0,0,0
SEG023,2024-11-05 18:00:00,Central,0.7702,0.238,-0.0064,1,0,0,0
SEG023,2024-11-06 17:00:00,Central,0.7452,-0.22,-0.0047,1,0,0,0
SEG023,2024-11-06 18:00:00,Central,0.9659,1.948,-0.0705,1,0,0,0
SEG023,2024-11-07 16:00:00,Central,0.7426,0.119,-0.0167,1,0,0,0
SEG023,2024-11-08 08:00:00,Central,0.8926,0.765,-0.0293,1,0,0,0
SEG023,2024-11-09 16:00:00,Central,1.0,4.14,-0.0758,1,1,1,1
SEG023,2024-11-11 08:00:00,Central,0.8573,1.218,-0.019,1,0,0,0
SEG023,2024-11-12 07:00:00,Central,0.8201,1.49,-0.0082,1,0,0,0
SEG023,2024-11-13 17:00:00,Central,0.8634,0.997,-0.0136,1,0,0,0
SEG023,2024-11-14 17:00:00,Central,0.9169,1.357,-0.0582,1,0,0,0
SEG023,2024-11-15 08:00:00,Central,0.7848,-0.46,-0.0034,1,0,0,0
SEG023,2024-11-15 17:00:00,Central,0.7939,-0.194,-0.0305,1,0,0,0
SEG023,2024-11-18 07:00:00,Central,0.8432,2.612,-0.0212,1,0,0,0
SEG023,2024-11-18 17:00:00,Central,0.9446,1.631,-0.0752,1,0,0,0
SEG023,2024-11-19 11:00:00,Central,1.0,4.291,-0.0887,1,1,1,1
SEG023,2024-11-19 12:00:00,Central,1.0,4.015,-0.0696,1,1,1,0
SEG023,2024-11-19 17:00:00,Central,1.0,2.39,-0.0671,1,0,0,1
SEG023,2024-11-19 18:00:00,Central,1.0,2.668,-0.0858,1,0,0,0
SEG023,2024-11-20 08:00:00,Central,0.7809,0.093,-0.0181,1,0,0,0
SEG023,2024-11-20 23:00:00,Central,0.9698,6.521,-0.0532,1,1,1,1
SEG023,2024-11-21 07:00:00,Central,0.7623,0.862,-0.0006,1,0,0,0
SEG023,2024-11-21 16:00:00,Central,0.8817,1.459,-0.025,1,0,0,0
SEG023,2024-11-22 08:00:00,Central,0.9069,0.928,-0.0309,1,0,0,0
SEG023,2024-11-22 16:00:00,Central,0.7718,0.596,-0.0007,1,0,0,0
SEG023,2024-11-22 17:00:00,Central,0.8433,0.425,-0.0032,1,0,0,0
SEG023,2024-11-23 11:00:00,Central,1.0,5.373,-0.0694,1,1,1,1
SEG023,2024-11-26 16:00:00,Central,0.8523,1.558,-0.0366,1,0,0,0
SEG023,2024-11-26 18:00:00,Central,0.8209,0.774,-0.019,1,0,0,0
SEG023,2024-11-27 18:00:00,Central,0.7596,-0.029,-0.0043,1,0,0,0
SEG023,2024-11-28 17:00:00,Central,0.937,1.553,-0.0383,1,0,0,0
SEG023,2024-11-28 18:00:00,Central,0.8075,0.755,-0.0261,1,0,0,0
SEG023,2024-11-29 07:00:00,Central,0.88,1.817,-0.0289,1,0,0,0
SEG023,2024-11-29 16:00:00,Central,0.8512,1.495,-0.0299,1,0,0,0
SEG023,2024-11-29 17:00:00,Central,0.8171,0.097,-0.0479,1,0,0,0
SEG023,2024-11-29 18:00:00,Central,0.8765,0.847,-0.0253,1,0,0,0
SEG023,2024-12-01 09:00:00,Central,1.0,5.491,-0.0758,1,1,1,1
SEG023,2024-12-02 08:00:00,Central,0.8598,1.244,-0.0604,1,0,0,0
SEG023,2024-12-03 18:00:00,Central,0.8603,1.191,-0.0216,1,0,0,0
SEG023,2024-12-04 17:00:00,Central,0.8027,0.372,-0.0311,1,0,0,0
SEG023,2024-12-04 18:00:00,Central,0.7653,0.026,-0.0087,1,0,0,0
SEG023,2024-12-05 10:00:00,Central,1.0,4.163,-0.0903,1,1,1,1
SEG023,2024-12-06 17:00:00,Central,0.8712,0.775,-0.0572,1,0,0,0
SEG023,2024-12-06 18:00:00,Central,1.0,2.04,-0.0799,1,0,0,1
SEG023,2024-12-10 08:00:00,Central,0.7829,0.172,-0.0216,1,0,0,0
SEG023,2024-12-11 08:00:00,Central,0.9172,1.587,-0.0634,1,0,0,0
SEG023,2024-12-12 08:00:00,Central,0.7615,-0.183,-0.001,1,0,0,0
SEG023,2024-12-12 17:00:00,Central,0.9414,1.596,-0.0502,1,0,0,0
SEG023,2024-12-13 17:00:00,Central,0.8162,0.086,-0.0128,1,0,0,0
SEG023,2024-12-14 19:00:00,Central,1.0,4.176,-0.0893,1,1,1,1
SEG023,2024-12-16 17:00:00,Central,0.7094,-0.503,-0.0011,1,0,0,0
SEG023,2024-12-16 21:00:00,Central,1.0,4.467,-0.0779,1,1,1,1
SEG023,2024-12-17 08:00:00,Central,0.9056,1.581,-0.0358,1,0,0,0
SEG023,2024-12-17 17:00:00,Central,0.8266,0.525,-0.0171,1,0,0,0
SEG023,2024-12-17 18:00:00,Central,0.8088,0.646,-0.0251,1,0,0,0
SEG023,2024-12-19 08:00:00,Central,0.7635,-0.161,-0.0076,1,0,0,0
SEG023,2024-12-19 16:00:00,Central,0.764,0.325,-0.0008,1,0,0,0
SEG023,2024-12-20 07:00:00,Central,0.878,1.796,-0.0248,1,0,0,0
SEG023,2024-12-20 18:00:00,Central,0.7904,0.016,-0.02,1,0,0,0
SEG023,2024-12-23 18:00:00,Central,0.9508,1.835,-0.0288,1,0,0,0
SEG023,2024-12-24 18:00:00,Central,0.9044,1.657,-0.0284,1,0,0,0
SEG023,2024-12-25 08:00:00,Central,0.8469,0.816,-0.0174,1,0,0,0
SEG023,2024-12-26 08:00:00,Central,0.809,0.333,-0.0135,1,0,0,0
SEG023,2024-12-26 09:00:00,Central,0.8165,1.907,-0.0252,1,0,0,0
SEG023,2024-12-26 18:00:00,Central,0.804,0.714,-0.0016,1,0,0,0
SEG023,2024-12-27 08:00:00,Central,0.8055,-0.225,-0.028,1,0,0,0
SEG024,2024-01-04 15:00:00,South,1.0,5.785,-0.053,1,1,1,1
SEG024,2024-01-04 19:00:00,South,0.8713,4.161,-0.0224,1,1,1,1
SEG024,2024-01-12 10:00:00,South,1.0,5.706,-0.0777,1,1,1,1
SEG024,2024-01-19 07:00:00,South,0.9783,3.879,-0.0687,1,1,1,1
SEG024,2024-01-23 16:00:00,South,0.9545,4.46,-0.0785,1,1,1,1
SEG024,2024-01-23 17:00:00,South,0.9877,4.707,-0.0558,1,1,1,1
SEG024,2024-01-27 06:00:00,South,1.0,4.646,-0.065,1,1,1,1
SEG024,2024-02-09 16:00:00,South,1.0,4.72,-0.0911,1,1,1,1
SEG024,2024-02-10 13:00:00,South,1.0,4.503,-0.0904,1,1,1,1
SEG024,2024-04-06 20:00:00,South,1.0,6.182,-0.0663,1,1,1,1
SEG024,2024-04-22 15:00:00,South,1.0,6.004,-0.0902,1,1,1,1
SEG024,2024-04-22 22:00:00,South,0.9131,6.186,-0.0175,1,1,1,1
SEG024,2024-04-30 09:00:00,South,1.0,4.525,-0.079,1,1,1,1
SEG024,2024-05-08 09:00:00,South,1.0,4.303,-0.0671,1,1,1,1
SEG024,2024-05-15 09:00:00,South,1.0,4.303,-0.0718,1,1,1,1
SEG024,2024-05-19 18:00:00,South,1.0,5.939,-0.0452,1,1,1,1
SEG024,2024-05-20 07:00:00,South,1.0,5.843,-0.0758,1,1,1,1
SEG024,2024-06-22 13:00:00,South,1.0,4.503,-0.0918,1,1,1,1
SEG024,2024-06-28 18:00:00,South,1.0,4.693,-0.0593,1,1,1,1
SEG024,2024-07-06 06:00:00,South,1.0,4.646,-0.0631,1,1,1,1
SEG024,2024-07-06 07:00:00,South,0.9654,5.162,-0.0661,1,1,1,0
SEG024,2024-07-11 17:00:00,South,1.0,4.798,-0.0731,1,1,1,1
SEG024,2024-07-11 18:00:00,South,1.0,4.483,-0.0694,1,1,1,0
SEG024,2024-07-24 14:00:00,South,1.0,6.231,-0.0918,1,1,1,1
SEG024,2024-07-24 21:00:00,South,1.0,6.301,-0.0145,1,1,1,1
SEG024,2024-08-07 12:00:00,South,0.9039,5.56,-0.0234,1,1,1,1
SEG024,2024-08-08 11:00:00,South,1.0,5.313,-0.0785,1,1,1,1
SEG024,2024-08-12 08:00:00,South,1.0,5.215,-0.0547,1,1,1,1
SEG024,2024-08-18 08:00:00,South,1.0,6.054,-0.0562,1,1,1,1
SEG024,2024-08-22 20:00:00,South,1.0,5.364,-0.0726,1,1,1,1
SEG024,2024-09-14 16:00:00,South,0.78,4.31,-0.0178,1,1,1,1
SEG024,2024-10-05 18:00:00,South,1.0,4.364,-0.0547,1,1,1,1
SEG024,2024-10-12 18:00:00,South,1.0,4.364,-0.0834,1,1,1,1
SEG024,2024-11-09 14:00:00,South,1.0,5.47,-0.0908,1,1,1,1
SEG024,2024-11-12 09:00:00,South,0.9112,3.778,-0.0578,1,1,1,1
SEG024,2024-11-23 10:00:00,South,1.0,4.98,-0.0485,1,1,1,1
SEG024,2024-12-07 15:00:00,South,1.0,5.342,-0.0405,1,1,1,1
SEG024,2024-12-13 07:00:00,South,1.0,4.062,-0.0726,1,1,1,1
SEG024,2024-12-22 13:00:00,South,1.0,6.414,-0.0346,1,1,1,1
SEG024,2024-12-24 12:00:00,South,1.0,5.773,-0.0886,1,1,1,1
SEG024,2024-12-25 15:00:00,South,1.0,5.624,-0.0142,1,1,1,1
SEG024,2024-12-25 16:00:00,South,1.0,5.296,-0.0819,1,1,1,0
SEG024,2024-12-25 17:00:00,South,0.8845,3.964,-0.0154,1,1,1,0
SEG024,2024-12-26 12:00:00,South,1.0,5.077,-0.045,1,1,1,1
SEG025,2024-01-01 08:00:00,North,1.0,3.057,-0.0568,1,1,1,1
SEG025,2024-01-19 08:00:00,North,1.0,2.609,-0.0534,1,0,0,1
SEG025,2024-01-19 09:00:00,North,1.0,3.955,-0.0455,1,1,1,1
SEG025,2024-01-21 21:00:00,North,0.9647,6.511,-0.056,1,1,1,1
SEG025,2024-01-24 08:00:00,North,1.0,3.712,-0.0576,1,1,1,1
SEG025,2024-02-06 11:00:00,North,1.0,4.578,-0.039,1,1,1,1
SEG025,2024-02-06 21:00:00,North,1.0,5.866,-0.0322,1,1,1,1
SEG025,2024-02-16 23:00:00,North,0.9648,4.526,-0.0494,1,1,1,1
SEG025,2024-02-20 18:00:00,North,1.0,3.533,-0.0593,1,1,1,1
SEG025,2024-02-20 19:00:00,North,1.0,4.034,-0.0434,1,1,1,0
SEG025,2024-02-29 09:00:00,North,1.0,3.893,-0.0544,1,1,1,1
SEG025,2024-02-29 10:00:00,North,1.0,5.333,-0.0285,1,1,1,0
SEG025,2024-03-05 09:00:00,North,0.9994,3.538,-0.0457,1,1,1,1
SEG025,2024-03-06 09:00:00,North,0.925,4.306,-0.0332,1,1,1,1
SEG025,2024-03-07 13:00:00,North,1.0,4.149,-0.0393,1,1,1,1
SEG025,2024-03-08 10:00:00,North,1.0,4.14,-0.06,1,1,1,1
SEG025,2024-03-15 09:00:00,North,1.0,3.955,-0.0337,1,1,1,1
SEG025,2024-03-15 16:00:00,North,1.0,3.271,-0.074,1,1,1,1
SEG025,2024-03-20 12:00:00,North,0.9249,5.53,-0.0282,1,1,1,1
SEG025,2024-03-27 21:00:00,North,1.0,6.242,-0.065,1,1,1,1
SEG025,2024-04-02 10:00:00,North,1.0,4.833,-0.0665,1,1,1,1
SEG025,2024-04-05 21:00:00,North,1.0,5.985,-0.0534,1,1,1,1
SEG025,2024-04-08 09:00:00,North,1.0,3.851,-0.0563,1,1,1,1
SEG025,2024-04-11 15:00:00,North,1.0,4.171,-0.059,1,1,1,1
SEG025,2024-04-11 16:00:00,North,0.9864,3.562,-0.0314,1,1,1,0
SEG025,2024-04-17 19:00:00,North,1.0,3.308,-0.0514,1,1,1,1
SEG025,2024-05-10 12:00:00,North,1.0,4.215,-0.0527,1,1,1,1
SEG025,2024-05-14 11:00:00,North,0.954,4.195,-0.0166,1,1,1,1
SEG025,2024-05-26 07:00:00,North,1.0,4.482,-0.0665,1,1,1,1
SEG025,2024-05-31 19:00:00,North,1.0,4.594,-0.0395,1,1,1,1
SEG025,2024-06-02 20:00:00,North,1.0,6.199,-0.0522,1,1,1,1
SEG025,2024-06-03 10:00:00,North,1.0,4.701,-0.0642,1,1,1,1
SEG025,2024-06-20 17:00:00,North,1.0,3.939,-0.0453,1,1,1,1
SEG025,2024-06-21 06:00:00,North,1.0,5.641,-0.0366,1,1,1,1
SEG025,2024-06-21 07:00:00,North,1.0,4.724,-0.045,1,1,1,0
SEG025,2024-06-21 08:00:00,North,1.0,2.609,-0.0411,1,0,0,0
SEG025,2024-06-21 18:00:00,North,1.0,3.7,-0.0457,1,1,1,1
SEG025,2024-06-22 10:00:00,North,1.0,5.228,-0.0527,1,1,1,1
SEG025,2024-06-22 15:00:00,North,1.0,5.447,-0.0375,1,1,1,1
SEG025,2024-06-24 08:00:00,North,1.0,3.057,-0.0225,1,1,1,1
SEG025,2024-07-03 18:00:00,North,1.0,3.771,-0.0859,1,1,1,1
SEG025,2024-07-03 19:00:00,North,1.0,3.308,-0.0386,1,1,1,0
SEG025,2024-07-04 15:00:00,North,1.0,4.171,-0.074,1,1,1,1
SEG025,2024-07-04 16:00:00,North,1.0,3.684,-0.0395,1,1,1,0
SEG025,2024-07-05 16:00:00,North,1.0,3.271,-0.05,1,1,1,1
SEG025,2024-07-19 08:00:00,North,1.0,2.609,-0.0487,1,0,0,1
SEG025,2024-07-19 23:00:00,North,0.9735,4.579,-0.0367,1,1,1,1
SEG025,2024-07-21 07:00:00,North,1.0,4.482,-0.0519,1,1,1,1
SEG025,2024-07-22 08:00:00,North,1.0,3.057,-0.0748,1,1,1,1
SEG025,2024-07-22 09:00:00,North,1.0,3.851,-0.0333,1,1,1,0
SEG025,2024-07-31 14:00:00,North,1.0,3.916,-0.0718,1,1,1,1
SEG025,2024-08-14 17:00:00,North,0.8448,1.866,-0.0063,1,0,0,0
SEG025,2024-08-16 18:00:00,North,1.0,3.7,-0.0395,1,1,1,1
SEG025,2024-08-20 14:00:00,North,1.0,4.24,-0.0536,1,1,1,1
SEG025,2024-08-21 18:00:00,North,1.0,3.771,-0.0675,1,1,1,1
SEG025,2024-08-21 19:00:00,North,1.0,3.308,-0.0566,1,1,1,0
SEG025,2024-08-23 13:00:00,North,1.0,4.567,-0.0369,1,1,1,1
SEG025,2024-08-26 07:00:00,North,1.0,4.155,-0.0415,1,1,1,1
SEG025,2024-08-26 08:00:00,North,0.9733,2.834,-0.0337,1,0,0,0
SEG025,2024-09-03 08:00:00,North,1.0,3.753,-0.0679,1,1,1,1
SEG025,2024-09-03 09:00:00,North,0.9862,3.437,-0.0488,1,1,1,0
SEG025,2024-09-08 08:00:00,North,1.0,4.819,-0.0395,1,1,1,1
SEG025,2024-09-17 05:00:00,North,1.0,6.423,-0.0642,1,1,1,1
SEG025,2024-09-17 15:00:00,North,0.9167,3.693,-0.0328,1,1,1,1
SEG025,2024-09-24 19:00:00,North,0.9207,3.392,-0.0125,1,1,1,1
SEG025,2024-10-02 14:00:00,North,1.0,3.916,-0.0433,1,1,1,1
SEG025,2024-10-02 17:00:00,North,0.9082,2.489,-0.004,1,0,0,0
SEG025,2024-10-10 12:00:00,North,1.0,4.518,-0.0691,1,1,1,1
SEG025,2024-10-10 13:00:00,North,1.0,4.149,-0.0182,1,1,1,0
SEG025,2024-10-14 16:00:00,North,1.0,4.701,-0.0409,1,1,1,1
SEG025,2024-10-16 13:00:00,North,1.0,5.482,-0.0678,1,1,1,1
SEG025,2024-10-25 11:00:00,North,1.0,4.662,-0.0909,1,1,1,1
SEG025,2024-10-25 12:00:00,North,0.9152,3.51,-0.0098,1,1,1,0
SEG025,2024-10-29 18:00:00,North,1.0,3.533,-0.0334,1,1,1,1
SEG025,2024-10-29 19:00:00,North,0.9232,3.412,-0.0393,1,1,1,0
SEG025,2024-11-13 17:00:00,North,1.0,3.391,-0.0444,1,1,1,1
SEG025,2024-11-14 09:00:00,North,1.0,3.893,-0.0658,1,1,1,1
SEG025,2024-11-19 08:00:00,North,1.0,3.753,-0.0351,1,1,1,1
SEG025,2024-11-19 09:00:00,North,0.9824,3.408,-0.0294,1,1,1,0
SEG025,2024-11-23 20:00:00,North,1.0,5.584,-0.069,1,1,1,1
SEG025,2024-11-26 07:00:00,North,1.0,4.599,-0.0384,1,1,1,1
SEG025,2024-11-27 07:00:00,North,1.0,5.081,-0.0541,1,1,1,1
SEG025,2024-11-27 08:00:00,North,1.0,3.712,-0.0268,1,1,1,0
SEG025,2024-12-02 06:00:00,North,0.9559,5.902,-0.0153,1,1,1,1
SEG025,2024-12-02 19:00:00,North,0.9903,5.147,-0.0378,1,1,1,1
SEG025,2024-12-06 08:00:00,North,1.0,2.609,-0.0658,1,0,0,1
SEG025,2024-12-10 16:00:00,North,1.0,4.133,-0.0512,1,1,1,1
SEG025,2024-12-16 17:00:00,North,1.0,4.431,-0.0215,1,1,1,1
SEG025,2024-12-16 18:00:00,North,1.0,4.2,-0.066,1,1,1,0
SEG025,2024-12-28 19:00:00,North,1.0,5.649,-0.0854,1,1,1,1
SEG026,2024-01-01 13:00:00,North,1.0,4.449,-0.0331,1,1,1,1
SEG026,2024-01-02 17:00:00,North,1.0,2.841,-0.0249,1,0,0,1
SEG026,2024-01-02 18:00:00,North,1.0,4.147,-0.0139,1,1,1,0
SEG026,2024-01-05 20:00:00,North,1.0,5.833,-0.0444,1,1,1,1
SEG026,2024-01-10 19:00:00,North,1.0,2.957,-0.047,1,0,0,1
SEG026,2024-01-12 12:00:00,North,1.0,4.365,-0.0298,1,1,1,1
SEG026,2024-01-21 17:00:00,North,1.0,5.98,-0.0319,1,1,1,1
SEG026,2024-02-03 10:00:00,North,1.0,6.149,-0.0511,1,1,1,1
SEG026,2024-02-05 15:00:00,North,0.9815,4.053,-0.0018,1,1,1,1
SEG026,2024-02-09 08:00:00,North,1.0,3.829,-0.0126,1,1,1,1
SEG026,2024-02-12 15:00:00,North,1.0,4.183,-0.0185,1,1,1,1
SEG026,2024-02-14 18:00:00,North,1.0,3.612,-0.032,1,1,1,1
SEG026,2024-02-14 19:00:00,North,0.9735,2.809,-0.0232,1,0,0,0
SEG026,2024-02-16 08:00:00,North,1.0,3.829,-0.0499,1,1,1,1
SEG026,2024-02-20 16:00:00,North,1.0,4.164,-0.0671,1,1,1,1
SEG026,2024-03-04 17:00:00,North,1.0,2.818,-0.0145,1,0,0,1
SEG026,2024-03-04 18:00:00,North,1.0,3.023,-0.0057,1,1,1,0
SEG026,2024-03-05 06:00:00,North,1.0,6.116,-0.0198,1,1,1,1
SEG026,2024-03-05 07:00:00,North,1.0,3.098,-0.0068,1,1,1,0
SEG026,2024-03-08 17:00:00,North,1.0,3.302,-0.0145,1,1,1,1
SEG026,2024-03-08 18:00:00,North,1.0,2.674,-0.0071,1,0,0,0
SEG026,2024-03-25 17:00:00,North,1.0,2.818,-0.0031,1,0,0,1
SEG026,2024-03-25 18:00:00,North,1.0,3.023,-0.0551,1,1,1,0
SEG026,2024-03-26 07:00:00,North,0.9817,2.984,-0.0198,1,0,0,1
SEG026,2024-03-29 18:00:00,North,1.0,2.674,-0.0218,1,0,0,1
SEG026,2024-04-19 14:00:00,North,1.0,4.316,-0.0307,1,1,1,1
SEG026,2024-04-23 12:00:00,North,0.965,3.564,-0.036,1,1,1,0
SEG026,2024-04-26 06:00:00,North,1.0,4.997,-0.0467,1,1,1,1
SEG026,2024-04-26 07:00:00,North,0.9799,5.005,-0.0001,1,1,1,0
SEG026,2024-05-21 17:00:00,North,1.0,2.841,-0.0338,1,0,0,1
SEG026,2024-05-27 09:00:00,North,1.0,4.659,-0.0347,1,1,1,1
SEG026,2024-06-13 16:00:00,North,1.0,5.249,-0.0093,1,1,1,1
SEG026,2024-06-13 17:00:00,North,1.0,3.629,-0.0002,1,1,1,0
SEG026,2024-07-04 18:00:00,North,1.0,3.14,-0.0589,1,1,1,1
SEG026,2024-07-05 09:00:00,North,1.0,3.789,-0.0315,1,1,1,1
SEG026,2024-07-10 08:00:00,North,1.0,3.639,-0.0283,1,1,1,1
SEG026,2024-08-02 21:00:00,North,1.0,5.625,-0.0042,1,1,1,1
SEG026,2024-08-06 07:00:00,North,1.0,3.098,-0.0359,1,1,1,1
SEG026,2024-08-06 08:00:00,North,1.0,3.637,-0.0293,1,1,1,0
SEG026,2024-08-12 18:00:00,North,1.0,3.023,-0.0139,1,1,1,0
SEG026,2024-08-19 20:00:00,North,1.0,4.262,-0.0275,1,1,1,1
SEG026,2024-08-21 11:00:00,North,1.0,4.929,-0.0107,1,1,1,1
SEG026,2024-09-03 07:00:00,North,1.0,3.098,-0.0109,1,1,1,1
SEG026,2024-09-03 20:00:00,North,1.0,4.405,-0.0342,1,1,1,1
SEG026,2024-09-06 17:00:00,North,1.0,3.302,-0.0543,1,1,1,1
SEG026,2024-09-06 18:00:00,North,1.0,2.674,-0.0025,1,0,0,0
SEG026,2024-09-11 08:00:00,North,1.0,3.639,-0.013,1,1,1,1
SEG026,2024-09-24 13:00:00,North,1.0,4.339,-0.0374,1,1,1,1
SEG026,2024-09-30 12:00:00,North,1.0,3.656,-0.0335,1,1,1,1
SEG026,2024-10-03 05:00:00,North,1.0,6.396,-0.0315,1,1,1,1
SEG026,2024-10-04 18:00:00,North,1.0,2.674,-0.0315,1,0,0,1
SEG026,2024-10-07 06:00:00,North,1.0,6.128,-0.0546,1,1,1,1
SEG026,2024-10-08 12:00:00,North,1.0,3.792,-0.0315,1,1,1,1
SEG026,2024-10-15 17:00:00,North,1.0,2.841,-0.0516,1,0,0,1
SEG026,2024-10-16 18:00:00,North,1.0,3.612,-0.0295,1,1,1,1
SEG026,2024-10-17 07:00:00,North,1.0,5.464,-0.0124,1,1,1,1
SEG026,2024-10-21 12:00:00,North,1.0,3.656,-0.021,1,1,1,1
SEG026,2024-10-25 15:00:00,North,0.9706,3.77,-0.0375,1,1,1,1
SEG026,2024-10-28 08:00:00,North,1.0,5.278,-0.0423,1,1,1,1
SEG026,2024-10-29 18:00:00,North,1.0,4.147,-0.0028,1,1,1,1
SEG026,2024-10-31 09:00:00,North,1.0,3.333,-0.025,1,1,1,1
SEG026,2024-11-06 10:00:00,North,1.0,5.941,-0.0212,1,1,1,1
SEG026,2024-11-07 17:00:00,North,1.0,3.629,-0.0209,1,1,1,1
SEG026,2024-11-07 18:00:00,North,1.0,3.14,-0.029,1,1,1,0
SEG026,2024-11-09 15:00:00,North,1.0,6.289,-0.0341,1,1,1,1
SEG026,2024-11-14 06:00:00,North,1.0,5.178,-0.0506,1,1,1,1
SEG026,2024-11-15 14:00:00,North,1.0,4.316,-0.0387,1,1,1,1
SEG026,2024-11-15 15:00:00,North,1.0,3.984,-0.016,1,1,1,1
SEG026,2024-11-18 16:00:00,North,1.0,4.169,-0.0397,1,1,1,1
SEG026,2024-11-18 17:00:00,North,1.0,2.818,-0.0332,1,0,0,1
SEG026,2024-11-18 18:00:00,North,1.0,3.023,-0.002,1,1,1,1
SEG026,2024-11-19 15:00:00,North,1.0,6.003,-0.0129,1,1,1,1
SEG026,2024-11-25 16:00:00,North,1.0,4.169,-0.0309,1,1,1,1
SEG026,2024-11-25 17:00:00,North,1.0,2.818,-0.0445,1,0,0,0
SEG026,2024-12-02 19:00:00,North,1.0,4.934,-0.0176,1,1,1,1
SEG026,2024-12-19 18:00:00,North,1.0,3.14,-0.0182,1,1,1,1
SEG026,2024-12-20 09:00:00,North,1.0,3.789,-0.0552,1,1,1,1
SEG026,2024-12-20 12:00:00,North,1.0,4.365,-0.0479,1,1,1,1
SEG026,2024-12-23 20:00:00,North,1.0,4.262,-0.0319,1,1,1,1
SEG027,2024-01-01 08:00:00,North,1.0,1.455,-0.0012,1,0,0,1
SEG027,2024-01-02 17:00:00,North,1.0,0.984,-0.0156,1,0,0,0
SEG027,2024-01-04 08:00:00,North,1.0,1.077,-0.0092,1,0,0,0
SEG027,2024-01-04 17:00:00,North,0.9792,0.844,-0.0264,1,0,0,0
SEG027,2024-01-04 19:00:00,North,1.0,2.711,-0.0038,1,0,0,0
SEG027,2024-01-05 08:00:00,North,1.0,1.032,-0.0243,1,0,0,0
SEG027,2024-01-05 18:00:00,North,1.0,0.982,-0.0094,1,0,0,0
SEG027,2024-01-11 13:00:00,North,0.9928,3.093,-0.0015,1,1,1,1
SEG027,2024-01-11 17:00:00,North,0.9945,1.026,-0.0149,1,0,0,0
SEG027,2024-01-12 08:00:00,North,0.9997,1.028,-0.0083,1,0,0,0
SEG027,2024-01-15 08:00:00,North,1.0,1.455,-0.0004,1,0,0,0
SEG027,2024-01-16 08:00:00,North,1.0,1.121,-0.0031,1,0,0,0
SEG027,2024-01-17 13:00:00,North,1.0,3.321,-0.0016,1,1,1,1
SEG027,2024-01-17 16:00:00,North,1.0,1.646,-0.0338,1,0,0,1
SEG027,2024-01-18 08:00:00,North,0.9926,0.994,-0.0057,1,0,0,0
SEG027,2024-01-29 08:00:00,North,1.0,1.455,-0.03,1,0,0,0
SEG027,2024-01-29 18:00:00,North,1.0,1.592,-0.007,1,0,0,1
SEG027,2024-01-31 07:00:00,North,1.0,2.498,-0.0042,1,0,0,0
SEG027,2024-02-08 18:00:00,North,1.0,1.072,-0.0058,1,0,0,0
SEG027,2024-02-14 18:00:00,North,1.0,1.413,-0.0224,1,0,0,0
SEG027,2024-02-16 08:00:00,North,1.0,1.032,-0.0134,1,0,0,0
SEG027,2024-02-16 11:00:00,North,1.0,3.264,-0.0028,1,1,1,1
SEG027,2024-02-20 08:00:00,North,1.0,1.121,-0.0096,1,0,0,0
SEG027,2024-02-20 19:00:00,North,0.964,2.503,-0.0008,1,0,0,1
SEG027,2024-02-21 17:00:00,North,1.0,1.117,-0.0092,1,0,0,0
SEG027,2024-02-22 08:00:00,North,1.0,1.077,-0.0433,1,0,0,0
SEG027,2024-02-23 17:00:00,North,1.0,0.869,-0.0155,1,0,0,0
SEG027,2024-02-27 17:00:00,North,0.9889,0.855,-0.0078,1,0,0,0
SEG027,2024-03-01 17:00:00,North,0.9939,0.766,-0.024,1,0,0,0
SEG027,2024-03-06 18:00:00,North,1.0,1.413,-0.0153,1,0,0,0
SEG027,2024-03-07 21:00:00,North,1.0,4.994,-0.0214,1,1,1,1
SEG027,2024-03-08 10:00:00,North,1.0,2.726,-0.0312,1,0,0,1
SEG027,2024-03-08 18:00:00,North,1.0,0.982,-0.0354,1,0,0,0
SEG027,2024-03-11 08:00:00,North,1.0,1.455,-0.0001,1,0,0,0
SEG027,2024-03-14 08:00:00,North,1.0,1.077,-0.0098,1,0,0,0
SEG027,2024-03-21 07:00:00,North,1.0,1.995,-0.0199,1,0,0,0
SEG027,2024-03-21 18:00:00,North,1.0,1.072,-0.0365,1,0,0,0
SEG027,2024-03-22 08:00:00,North,1.0,1.032,-0.0039,1,0,0,0
SEG027,2024-03-22 16:00:00,North,1.0,1.559,-0.0282,1,0,0,0
SEG027,2024-03-22 17:00:00,North,1.0,0.869,-0.0273,1,0,0,0
SEG027,2024-03-28 18:00:00,North,1.0,1.072,-0.0133,1,0,0,0
SEG027,2024-03-29 16:00:00,North,1.0,1.559,-0.0225,1,0,0,1
SEG027,2024-04-01 18:00:00,North,0.9469,0.963,-0.0069,1,0,0,0
SEG027,2024-04-02 08:00:00,North,1.0,1.121,-0.0,1,0,0,0
SEG027,2024-04-03 08:00:00,North,0.9537,0.754,-0.0022,1,0,0,0
SEG027,2024-04-06 08:00:00,North,1.0,2.795,-0.0049,1,0,0,0
SEG027,2024-04-08 17:00:00,North,1.0,1.396,-0.0331,1,0,0,0
SEG027,2024-04-08 23:00:00,North,1.0,4.662,-0.0091,1,1,1,1
SEG027,2024-04-10 06:00:00,North,1.0,3.375,-0.0027,1,1,1,1
SEG027,2024-04-10 16:00:00,North,1.0,1.646,-0.0249,1,0,0,1
SEG027,2024-04-11 17:00:00,North,1.0,1.092,-0.0087,1,0,0,0
SEG027,2024-04-18 10:00:00,North,1.0,2.316,-0.0055,1,0,0,0
SEG027,2024-04-18 11:00:00,North,1.0,3.136,-0.0287,1,1,1,0
SEG027,2024-04-18 17:00:00,North,1.0,1.092,-0.0653,1,0,0,0
SEG027,2024-04-18 19:00:00,North,1.0,2.711,-0.0034,1,0,0,1
SEG027,2024-04-18 20:00:00,North,1.0,3.488,-0.0344,1,1,1,1
SEG027,2024-04-19 09:00:00,North,0.9451,1.414,-0.0003,1,0,0,0
SEG027,2024-04-25 17:00:00,North,1.0,1.092,-0.0146,1,0,0,0
SEG027,2024-04-30 07:00:00,North,1.0,1.759,-0.0198,1,0,0,1
SEG027,2024-04-30 08:00:00,North,1.0,1.121,-0.014,1,0,0,0
SEG027,2024-04-30 13:00:00,North,1.0,3.144,-0.039,1,1,1,1
SEG027,2024-05-01 08:00:00,North,1.0,1.286,-0.0072,1,0,0,1
SEG027,2024-05-02 08:00:00,North,1.0,1.077,-0.0252,1,0,0,0
SEG027,2024-05-03 18:00:00,North,1.0,0.982,-0.0114,1,0,0,0
SEG027,2024-05-07 17:00:00,North,1.0,0.984,-0.0038,1,0,0,0
SEG027,2024-05-09 08:00:00,North,0.9014,-0.032,-0.0156,1,0,0,0
SEG027,2024-05-11 17:00:00,North,1.0,2.34,-0.0316,1,0,0,1
SEG027,2024-05-11 18:00:00,North,1.0,2.959,-0.0148,1,0,0,0
SEG027,2024-05-13 17:00:00,North,0.9847,1.214,-0.0238,1,0,0,0
SEG027,2024-05-14 08:00:00,North,1.0,1.121,-0.0264,1,0,0,0
SEG027,2024-05-15 15:00:00,North,1.0,2.948,-0.0008,1,0,0,0
SEG027,2024-05-22 19:00:00,North,1.0,2.413,-0.0093,1,0,0,1
SEG027,2024-05-24 20:00:00,North,1.0,4.026,-0.0057,1,1,1,1
SEG027,2024-05-27 08:00:00,North,0.9676,1.055,-0.0106,1,0,0,0
SEG027,2024-05-28 17:00:00,North,1.0,0.984,-0.0177,1,0,0,0
SEG027,2024-05-29 08:00:00,North,1.0,1.286,-0.0094,1,0,0,1
SEG027,2024-05-29 11:00:00,North,1.0,3.354,-0.0161,1,1,1,1
SEG027,2024-05-30 16:00:00,North,1.0,2.063,-0.0133,1,0,0,1
SEG027,2024-05-31 17:00:00,North,1.0,0.869,-0.014,1,0,0,0
SEG027,2024-05-31 18:00:00,North,0.9798,0.752,-0.0218,1,0,0,0
SEG027,2024-06-06 18:00:00,North,0.9665,0.7,-0.0219,1,0,0,0
SEG027,2024-06-10 17:00:00,North,1.0,1.396,-0.0282,1,0,0,0
SEG027,2024-06-13 12:00:00,North,1.0,3.162,-0.0003,1,1,1,1
SEG027,2024-06-13 16:00:00,North,0.9895,1.94,-0.0249,1,0,0,0
SEG027,2024-06-14 17:00:00,North,1.0,0.869,-0.0092,1,0,0,0
SEG027,2024-06-14 18:00:00,North,1.0,0.982,-0.0017,1,0,0,0
SEG027,2024-06-18 16:00:00,North,0.9669,1.467,-0.0155,1,0,0,0
SEG027,2024-06-18 17:00:00,North,1.0,0.984,-0.0216,1,0,0,0
SEG027,2024-06-19 08:00:00,North,0.9317,0.502,-0.0005,1,0,0,0
SEG027,2024-06-19 16:00:00,North,0.9455,1.116,-0.0114,1,0,0,0
SEG027,2024-06-19 18:00:00,North,1.0,1.413,-0.0196,1,0,0,0
SEG027,2024-06-20 08:00:00,North,0.9924,0.992,-0.0146,1,0,0,0
SEG027,2024-06-21 17:00:00,North,0.9866,0.643,-0.0159,1,0,0,0
SEG027,2024-06-24 17:00:00,North,1.0,1.396,-0.0338,1,0,0,0
SEG027,2024-06-24 18:00:00,North,1.0,1.592,-0.0113,1,0,0,1
SEG027,2024-06-25 07:00:00,North,1.0,1.759,-0.0249,1,0,0,0
SEG027,2024-06-25 08:00:00,North,1.0,1.121,-0.0121,1,0,0,0
SEG027,2024-06-25 18:00:00,North,0.9736,1.118,-0.0119,1,0,0,0
SEG027,2024-06-26 19:00:00,North,1.0,2.413,-0.0033,1,0,0,1
SEG027,2024-06-27 16:00:00,North,0.9931,1.982,-0.0249,1,0,0,0
SEG027,2024-06-29 17:00:00,North,1.0,2.34,-0.0014,1,0,0,0
SEG027,2024-07-02 17:00:00,North,1.0,0.984,-0.0238,1,0,0,0
SEG027,2024-07-05 07:00:00,North,0.936,0.936,-0.0011,1,0,0,0
SEG027,2024-07-05 16:00:00,North,1.0,1.559,-0.0243,1,0,0,0
SEG027,2024-07-05 18:00:00,North,1.0,0.982,-0.0147,1,0,0,0
SEG027,2024-07-12 17:00:00,North,1.0,0.869,-0.0156,1,0,0,0
SEG027,2024-07-12 18:00:00,North,1.0,0.982,-0.0004,1,0,0,0
SEG027,2024-07-15 07:00:00,North,0.9522,1.96,-0.0067,1,0,0,0
SEG027,2024-07-16 15:00:00,North,1.0,2.908,-0.0174,1,0,0,1
SEG027,2024-07-16 17:00:00,North,1.0,0.984,-0.0126,1,0,0,0
SEG027,2024-07-16 18:00:00,North,1.0,1.386,-0.0184,1,0,0,0
SEG027,2024-07-18 18:00:00,North,0.9807,0.858,-0.0127,1,0,0,0
SEG027,2024-07-19 17:00:00,North,1.0,0.869,-0.0198,1,0,0,0
SEG027,2024-07-19 18:00:00,North,1.0,0.982,-0.0112,1,0,0,0
SEG027,2024-07-22 12:00:00,North,1.0,3.88,-0.0357,1,1,1,1
SEG027,2024-07-23 07:00:00,North,0.9949,1.713,-0.0164,1,0,0,0
SEG027,2024-07-24 16:00:00,North,0.9881,1.53,-0.0147,1,0,0,0
SEG027,2024-07-26 07:00:00,North,1.0,1.596,-0.0319,1,0,0,0
SEG027,2024-07-26 16:00:00,North,1.0,1.559,-0.0026,1,0,0,1
SEG027,2024-07-26 17:00:00,North,0.9933,0.756,-0.032,1,0,0,0
SEG027,2024-08-02 07:00:00,North,1.0,1.596,-0.0007,1,0,0,0
SEG027,2024-08-02 08:00:00,North,0.9808,0.738,-0.0345,1,0,0,0
SEG027,2024-08-02 12:00:00,North,1.0,2.583,-0.0093,1,0,0,1
SEG027,2024-08-02 18:00:00,North,0.9701,0.642,-0.0148,1,0,0,0
SEG027,2024-08-05 17:00:00,North,1.0,1.396,-0.0083,1,0,0,0
SEG027,2024-08-07 08:00:00,North,1.0,1.286,-0.0171,1,0,0,0
SEG027,2024-08-08 08:00:00,North,0.9854,0.913,-0.0187,1,0,0,0
SEG027,2024-08-08 15:00:00,North,1.0,2.273,-0.0056,1,0,0,0
SEG027,2024-08-08 17:00:00,North,1.0,1.092,-0.0241,1,0,0,0
SEG027,2024-08-08 18:00:00,North,1.0,1.072,-0.0138,1,0,0,0
SEG027,2024-08-13 18:00:00,North,1.0,1.386,-0.0076,1,0,0,0
SEG027,2024-08-14 17:00:00,North,0.985,0.95,-0.0205,1,0,0,0
SEG027,2024-08-14 18:00:00,North,1.0,1.413,-0.0305,1,0,0,0
SEG027,2024-08-16 08:00:00,North,0.9862,0.821,-0.0245,1,0,0,0
SEG027,2024-08-16 18:00:00,North,1.0,0.982,-0.0039,1,0,0,0
SEG027,2024-08-19 18:00:00,North,0.9612,1.132,-0.0208,1,0,0,0
SEG027,2024-08-20 07:00:00,North,1.0,1.759,-0.0154,1,0,0,1
SEG027,2024-08-21 10:00:00,North,0.9861,3.335,-0.0168,1,1,1,0
SEG027,2024-08-21 11:00:00,North,0.9447,2.838,-0.0141,1,0,0,0
SEG027,2024-08-21 17:00:00,North,1.0,1.117,-0.0004,1,0,0,0
SEG027,2024-08-22 08:00:00,North,1.0,1.077,-0.0208,1,0,0,0
SEG027,2024-08-26 18:00:00,North,1.0,1.592,-0.0046,1,0,0,0
SEG027,2024-08-28 08:00:00,North,0.9793,1.048,-0.0134,1,0,0,0
SEG027,2024-08-29 08:00:00,North,1.0,1.077,-0.0089,1,0,0,0
SEG027,2024-08-29 16:00:00,North,0.9869,1.91,-0.0239,1,0,0,0
SEG027,2024-08-30 07:00:00,North,0.9214,0.786,-0.007,1,0,0,0
SEG027,2024-09-02 17:00:00,North,0.9944,1.329,-0.0145,1,0,0,0
SEG027,2024-09-03 17:00:00,North,0.9854,0.815,-0.0149,1,0,0,0
SEG027,2024-09-04 08:00:00,North,0.9971,1.253,-0.0287,1,0,0,0
SEG027,2024-09-04 17:00:00,North,1.0,1.117,-0.0331,1,0,0,0
SEG027,2024-09-06 17:00:00,North,1.0,0.869,-0.0175,1,0,0,0
SEG027,2024-09-07 09:00:00,North,1.0,4.075,-0.0082,1,1,1,1
SEG027,2024-09-09 18:00:00,North,1.0,1.592,-0.0155,1,0,0,0
SEG027,2024-09-10 08:00:00,North,1.0,1.121,-0.0295,1,0,0,0
SEG027,2024-09-10 17:00:00,North,1.0,0.984,-0.0401,1,0,0,0
SEG027,2024-09-10 18:00:00,North,0.9337,0.712,-0.0023,1,0,0,0
SEG027,2024-09-12 15:00:00,North,1.0,2.273,-0.0031,1,0,0,1
SEG027,2024-09-12 18:00:00,North,1.0,1.072,-0.0227,1,0,0,1
SEG027,2024-09-12 19:00:00,North,1.0,2.711,-0.0016,1,0,0,0
SEG027,2024-09-13 08:00:00,North,1.0,1.032,-0.0229,1,0,0,1
SEG027,2024-09-13 17:00:00,North,0.9948,0.781,-0.0206,1,0,0,0
SEG027,2024-09-13 18:00:00,North,1.0,0.982,-0.0146,1,0,0,0
SEG027,2024-09-17 17:00:00,North,0.9362,0.246,-0.0185,1,0,0,0
SEG027,2024-09-18 09:00:00,North,1.0,2.206,-0.0108,1,0,0,1
SEG027,2024-09-18 16:00:00,North,0.928,0.946,-0.0061,1,0,0,0
SEG027,2024-09-18 17:00:00,North,0.9864,0.966,-0.0292,1,0,0,0
SEG027,2024-09-19 17:00:00,North,1.0,1.092,-0.0076,1,0,0,0
SEG027,2024-09-20 08:00:00,North,0.9854,0.808,-0.0092,1,0,0,0
SEG027,2024-09-23 17:00:00,North,1.0,1.396,-0.0141,1,0,0,0
SEG027,2024-09-23 18:00:00,North,0.9504,1.004,-0.0033,1,0,0,0
SEG027,2024-09-25 17:00:00,North,1.0,1.117,-0.0278,1,0,0,0
SEG027,2024-09-27 14:00:00,North,1.0,3.03,-0.0055,1,1,1,1
SEG027,2024-10-01 18:00:00,North,1.0,1.386,-0.0108,1,0,0,0
SEG027,2024-10-03 09:00:00,North,1.0,1.975,-0.0188,1,0,0,1
SEG027,2024-10-03 18:00:00,North,1.0,1.072,-0.0177,1,0,0,0
SEG027,2024-10-04 16:00:00,North,1.0,1.559,-0.0017,1,0,0,0
SEG027,2024-10-04 17:00:00,North,0.9972,0.822,-0.0078,1,0,0,0
SEG027,2024-10-08 08:00:00,North,1.0,1.121,-0.0259,1,0,0,0
SEG027,2024-10-10 18:00:00,North,1.0,1.072,-0.0024,1,0,0,0
SEG027,2024-10-11 18:00:00,North,1.0,0.982,-0.0062,1,0,0,0
SEG027,2024-10-16 17:00:00,North,1.0,1.117,-0.0165,1,0,0,1
SEG027,2024-10-18 08:00:00,North,0.9441,0.175,-0.0004,1,0,0,0
SEG027,2024-10-21 08:00:00,North,1.0,1.455,-0.0146,1,0,0,0
SEG027,2024-10-25 16:00:00,North,1.0,1.559,-0.0185,1,0,0,0
SEG027,2024-10-25 17:00:00,North,1.0,0.869,-0.0038,1,0,0,0
SEG027,2024-10-28 17:00:00,North,1.0,1.396,-0.0171,1,0,0,0
SEG027,2024-10-28 18:00:00,North,0.956,1.071,-0.0111,1,0,0,0
SEG027,2024-10-29 17:00:00,North,1.0,0.984,-0.016,1,0,0,0
SEG027,2024-10-31 17:00:00,North,1.0,1.092,-0.0121,1,0,0,0
SEG027,2024-11-05 08:00:00,North,1.0,1.121,-0.0792,1,0,0,0
SEG027,2024-11-06 18:00:00,North,1.0,1.413,-0.0101,1,0,0,0
SEG027,2024-11-08 08:00:00,North,0.9436,0.167,-0.0095,1,0,0,0
SEG027,2024-11-08 18:00:00,North,1.0,0.982,-0.0201,1,0,0,0
SEG027,2024-11-11 07:00:00,North,1.0,2.463,-0.0257,1,0,0,0
SEG027,2024-11-11 09:00:00,North,1.0,2.553,-0.0065,1,0,0,1
SEG027,2024-11-12 17:00:00,North,0.9498,0.403,-0.0048,1,0,0,0
SEG027,2024-11-12 18:00:00,North,1.0,1.386,-0.0074,1,0,0,1
SEG027,2024-11-13 08:00:00,North,0.9759,1.009,-0.0106,1,0,0,0
SEG027,2024-11-13 18:00:00,North,1.0,1.413,-0.0107,1,0,0,0
SEG027,2024-11-14 17:00:00,North,1.0,1.092,-0.0542,1,0,0,0
SEG027,2024-11-18 08:00:00,North,1.0,1.455,-0.007,1,0,0,1
SEG027,2024-11-18 16:00:00,North,0.9764,1.913,-0.0021,1,0,0,0
SEG027,2024-11-18 19:00:00,North,1.0,2.871,-0.007,1,0,0,0
SEG027,2024-11-19 17:00:00,North,1.0,0.984,-0.0014,1,0,0,1
SEG027,2024-11-19 18:00:00,North,1.0,1.386,-0.0187,1,0,0,0
SEG027,2024-11-21 07:00:00,North,0.9939,1.929,-0.0203,1,0,0,0
SEG027,2024-11-21 18:00:00,North,1.0,1.072,-0.0147,1,0,0,0
SEG027,2024-11-22 18:00:00,North,1.0,0.982,-0.0171,1,0,0,0
SEG027,2024-11-28 13:00:00,North,1.0,3.16,-0.0047,1,1,1,0
SEG027,2024-11-29 17:00:00,North,0.9844,0.606,-0.014,1,0,0,0
SEG027,2024-11-29 18:00:00,North,1.0,0.982,-0.0273,1,0,0,0
SEG027,2024-12-02 08:00:00,North,1.0,1.455,-0.0249,1,0,0,0
SEG027,2024-12-02 17:00:00,North,0.9318,0.586,-0.0076,1,0,0,0
SEG027,2024-12-03 22:00:00,North,1.0,5.928,-0.0024,1,1,1,1
SEG027,2024-12-04 09:00:00,North,1.0,2.206,-0.0094,1,0,0,1
SEG027,2024-12-04 16:00:00,North,1.0,1.646,-0.0156,1,0,0,0
SEG027,2024-12-04 17:00:00,North,1.0,1.117,-0.0344,1,0,0,0
SEG027,2024-12-05 07:00:00,North,0.9986,1.98,-0.0173,1,0,0,0
SEG027,2024-12-05 09:00:00,North,1.0,1.975,-0.0161,1,0,0,0
SEG027,2024-12-05 17:00:00,North,1.0,1.092,-0.0249,1,0,0,0
SEG027,2024-12-06 17:00:00,North,1.0,0.869,-0.0218,1,0,0,0
SEG027,2024-12-10 08:00:00,North,1.0,1.121,-0.0121,1,0,0,0
SEG027,2024-12-10 17:00:00,North,1.0,0.984,-0.0126,1,0,0,0
SEG027,2024-12-12 08:00:00,North,1.0,1.077,-0.0161,1,0,0,0
SEG027,2024-12-12 18:00:00,North,1.0,1.072,-0.0131,1,0,0,0
SEG027,2024-12-15 17:00:00,North,1.0,3.836,-0.0024,1,1,1,1
SEG027,2024-12-17 08:00:00,North,1.0,1.121,-0.0149,1,0,0,0
SEG027,2024-12-20 17:00:00,North,1.0,0.869,-0.0096,1,0,0,0
SEG027,2024-12-21 08:00:00,North,0.9487,2.255,-0.0105,1,0,0,0
SEG027,2024-12-24 18:00:00,North,1.0,1.386,-0.0118,1,0,0,0
SEG027,2024-12-25 17:00:00,North,1.0,1.117,-0.0084,1,0,0,0
SEG027,2024-12-26 18:00:00,North,0.996,1.027,-0.0247,1,0,0,0
SEG027,2024-12-27 08:00:00,North,1.0,1.032,-0.0032,1,0,0,0
SEG027,2024-12-27 18:00:00,North,1.0,0.982,-0.014,1,0,0,0
SEG028,2024-04-26 17:00:00,Central,1.0,2.673,-0.0347,1,0,0,1
SEG028,2024-04-29 09:00:00,Central,1.0,3.31,-0.0004,1,1,1,1
SEG028,2024-05-07 08:00:00,Central,0.9925,3.713,-0.0091,1,1,1,1
SEG028,2024-07-04 08:00:00,Central,1.0,2.148,-0.0095,1,0,0,1
SEG028,2024-07-12 08:00:00,Central,1.0,2.801,-0.0172,1,0,0,0
SEG028,2024-09-20 17:00:00,Central,1.0,2.673,-0.0025,1,0,0,0
SEG028,2024-10-31 08:00:00,Central,1.0,2.148,-0.0183,1,0,0,1
SEG028,2024-12-07 18:00:00,Central,1.0,4.097,-0.005,1,1,1,0
SEG029,2024-01-04 18:00:00,Central,0.9675,1.06,-0.0014,1,0,0,0
SEG029,2024-01-12 08:00:00,Central,0.9945,0.916,-0.0064,1,0,0,0
SEG029,2024-02-06 17:00:00,Central,0.9971,1.195,-0.0066,1,0,0,0
SEG029,2024-02-07 08:00:00,Central,1.0,1.558,-0.0055,1,0,0,0
SEG029,2024-02-21 17:00:00,Central,1.0,1.043,-0.0004,1,0,0,0
SEG029,2024-04-04 17:00:00,Central,1.0,1.028,-0.0043,1,0,0,0
SEG029,2024-04-08 17:00:00,Central,0.9851,1.19,-0.0015,1,0,0,0
SEG029,2024-04-24 16:00:00,Central,1.0,1.871,-0.0057,1,0,0,0
SEG029,2024-04-24 17:00:00,Central,1.0,1.043,-0.005,1,0,0,0
SEG029,2024-04-26 17:00:00,Central,1.0,0.869,-0.0004,1,0,0,0
SEG029,2024-05-02 07:00:00,Central,1.0,1.932,-0.0068,1,0,0,0
SEG029,2024-05-30 18:00:00,Central,0.9935,1.333,-0.0013,1,0,0,0
SEG029,2024-06-07 17:00:00,Central,0.9881,0.704,-0.0022,1,0,0,0
SEG029,2024-06-07 18:00:00,Central,0.9988,1.06,-0.0066,1,0,0,0
SEG029,2024-06-10 18:00:00,Central,1.0,1.615,-0.0075,1,0,0,0
SEG029,2024-06-11 08:00:00,Central,0.9608,1.24,-0.0014,1,0,0,0
SEG029,2024-06-13 17:00:00,Central,0.9898,0.909,-0.0004,1,0,0,0
SEG029,2024-06-17 17:00:00,Central,1.0,1.343,-0.0057,1,0,0,0
SEG029,2024-06-19 16:00:00,Central,1.0,1.871,-0.0059,1,0,0,0
SEG029,2024-06-21 07:00:00,Central,1.0,1.647,-0.0055,1,0,0,0
SEG029,2024-06-24 17:00:00,Central,1.0,1.343,-0.0041,1,0,0,0
SEG029,2024-07-04 08:00:00,Central,1.0,1.248,-0.0061,1,0,0,0
SEG029,2024-07-16 16:00:00,Central,1.0,1.872,-0.0011,1,0,0,0
SEG029,2024-07-18 17:00:00,Central,1.0,1.028,-0.0008,1,0,0,0
SEG029,2024-07-19 17:00:00,Central,1.0,0.869,-0.0073,1,0,0,0
SEG029,2024-07-29 18:00:00,Central,0.9984,1.597,-0.006,1,0,0,0
SEG029,2024-07-31 18:00:00,Central,1.0,1.446,-0.0059,1,0,0,0
SEG029,2024-08-01 08:00:00,Central,1.0,1.248,-0.0009,1,0,0,0
SEG029,2024-08-02 17:00:00,Central,1.0,0.869,-0.0059,1,0,0,0
SEG029,2024-08-02 18:00:00,Central,1.0,1.074,-0.0034,1,0,0,0
SEG029,2024-08-07 17:00:00,Central,1.0,1.043,-0.0004,1,0,0,0
SEG029,2024-08-08 17:00:00,Central,1.0,1.028,-0.0053,1,0,0,0
SEG029,2024-08-14 16:00:00,Central,0.9772,1.666,-0.0006,1,0,0,0
SEG029,2024-08-16 08:00:00,Central,1.0,0.978,-0.0011,1,0,0,0
SEG029,2024-08-20 17:00:00,Central,1.0,1.23,-0.0043,1,0,0,0
SEG029,2024-08-30 08:00:00,Central,1.0,0.978,-0.0039,1,0,0,0
SEG029,2024-09-02 17:00:00,Central,1.0,1.343,-0.0006,1,0,0,0
SEG029,2024-09-06 08:00:00,Central,1.0,0.978,-0.0004,1,0,0,0
SEG029,2024-09-06 17:00:00,Central,1.0,0.869,-0.0004,1,0,0,0
SEG029,2024-09-09 18:00:00,Central,1.0,1.615,-0.0004,1,0,0,0
SEG029,2024-09-11 17:00:00,Central,1.0,1.043,-0.0059,1,0,0,0
SEG029,2024-09-11 18:00:00,Central,1.0,1.446,-0.0013,1,0,0,0
SEG029,2024-09-12 08:00:00,Central,1.0,1.248,-0.0034,1,0,0,0
SEG029,2024-09-13 08:00:00,Central,0.978,0.73,-0.0014,1,0,0,0
SEG029,2024-09-18 16:00:00,Central,0.995,1.826,-0.0015,1,0,0,0
SEG029,2024-09-18 17:00:00,Central,0.9669,0.628,-0.0005,1,0,0,0
SEG029,2024-09-18 18:00:00,Central,1.0,1.446,-0.0013,1,0,0,0
SEG029,2024-09-19 08:00:00,Central,1.0,1.248,-0.0002,1,0,0,0
SEG029,2024-09-19 17:00:00,Central,1.0,1.028,-0.0006,1,0,0,0
SEG029,2024-09-23 17:00:00,Central,0.9931,1.272,-0.0045,1,0,0,0
SEG029,2024-09-25 17:00:00,Central,1.0,1.043,-0.0039,1,0,0,0
SEG029,2024-09-27 08:00:00,Central,1.0,0.978,-0.0064,1,0,0,0
SEG029,2024-10-02 08:00:00,Central,1.0,1.558,-0.0034,1,0,0,0
SEG029,2024-10-04 08:00:00,Central,1.0,0.978,-0.0015,1,0,0,0
SEG029,2024-10-04 17:00:00,Central,1.0,0.869,-0.0061,1,0,0,0
SEG029,2024-10-07 08:00:00,Central,1.0,1.55,-0.0013,1,0,0,0
SEG029,2024-10-08 09:00:00,Central,1.0,2.474,-0.0041,1,0,0,0
SEG029,2024-10-08 17:00:00,Central,0.9956,1.176,-0.0013,1,0,0,0
SEG029,2024-10-11 07:00:00,Central,1.0,1.647,-0.0083,1,0,0,0
SEG029,2024-10-11 18:00:00,Central,1.0,1.074,-0.0094,1,0,0,0
SEG029,2024-10-16 17:00:00,Central,0.9915,0.937,-0.0015,1,0,0,0
SEG029,2024-10-17 08:00:00,Central,1.0,1.248,-0.0059,1,0,0,0
SEG029,2024-10-24 17:00:00,Central,1.0,1.028,-0.0022,1,0,0,0
SEG029,2024-11-06 17:00:00,Central,1.0,1.043,-0.0059,1,0,0,0
SEG029,2024-11-06 18:00:00,Central,1.0,1.446,-0.0034,1,0,0,0
SEG029,2024-11-08 08:00:00,Central,1.0,0.978,-0.0024,1,0,0,0
SEG029,2024-11-08 18:00:00,Central,1.0,1.074,-0.0034,1,0,0,0
SEG029,2024-11-14 17:00:00,Central,1.0,1.028,-0.0028,1,0,0,0
SEG029,2024-11-19 18:00:00,Central,1.0,1.419,-0.0005,1,0,0,0
SEG029,2024-11-20 08:00:00,Central,0.992,1.468,-0.0015,1,0,0,0
SEG029,2024-11-22 08:00:00,Central,1.0,0.978,-0.0034,1,0,0,0
SEG029,2024-11-22 16:00:00,Central,1.0,1.916,-0.0004,1,0,0,0
SEG029,2024-11-28 08:00:00,Central,1.0,1.248,-0.0006,1,0,0,0
SEG029,2024-11-29 08:00:00,Central,1.0,0.978,-0.0033,1,0,0,0
SEG029,2024-12-02 08:00:00,Central,1.0,1.55,-0.0017,1,0,0,0
SEG029,2024-12-17 08:00:00,Central,1.0,1.771,-0.0005,1,0,0,0
SEG029,2024-12-27 08:00:00,Central,1.0,0.978,-0.0066,1,0,0,0
SEG029,2024-12-27 16:00:00,Central,1.0,1.916,-0.0057,1,0,0,0
SEG030,2024-02-21 17:00:00,North,1.0,1.073,-0.0102,1,0,0,0
SEG030,2024-05-06 09:00:00,North,1.0,2.646,-0.0023,1,0,0,1
SEG030,2024-05-14 14:00:00,North,1.0,3.042,-0.0067,1,1,1,0
SEG030,2024-07-12 17:00:00,North,1.0,0.818,-0.0041,1,0,0,0
SEG030,2024-07-30 18:00:00,North,1.0,1.68,-0.0108,1,0,0,0
SEG030,2024-10-12 22:00:00,North,1.0,5.874,-0.0135,1,1,1,1
SEG030,2024-12-26 17:00:00,North,1.0,1.099,-0.0037,1,0,0,0
SEG031,2024-01-01 17:00:00,West,0.9079,1.664,-0.0046,1,0,0,0
SEG031,2024-01-02 16:00:00,West,1.0,3.411,-0.0298,1,1,1,1
SEG031,2024-01-02 17:00:00,West,1.0,2.237,-0.0168,1,0,0,0
SEG031,2024-01-05 08:00:00,West,0.987,1.701,-0.0433,1,0,0,0
SEG031,2024-01-05 17:00:00,West,1.0,2.099,-0.0522,1,0,0,1
SEG031,2024-01-05 18:00:00,West,1.0,2.161,-0.0455,1,0,0,0
SEG031,2024-01-12 16:00:00,West,1.0,2.863,-0.0653,1,0,0,1
SEG031,2024-01-12 17:00:00,West,1.0,2.099,-0.0451,1,0,0,0
SEG031,2024-01-15 16:00:00,West,1.0,3.932,-0.0564,1,1,1,1
SEG031,2024-01-15 17:00:00,West,1.0,2.605,-0.0435,1,0,0,0
SEG031,2024-01-18 07:00:00,West,1.0,3.796,-0.0385,1,1,1,1
SEG031,2024-01-18 08:00:00,West,1.0,2.545,-0.0464,1,0,0,0
SEG031,2024-01-18 09:00:00,West,1.0,2.915,-0.0217,1,0,0,0
SEG031,2024-01-31 17:00:00,West,0.9567,1.719,-0.0417,1,0,0,0
SEG031,2024-02-03 22:00:00,West,1.0,4.466,-0.0381,1,1,1,1
SEG031,2024-02-13 17:00:00,West,1.0,2.237,-0.0559,1,0,0,1
SEG031,2024-02-14 19:00:00,West,1.0,4.578,-0.0631,1,1,1,1
SEG031,2024-02-14 21:00:00,West,1.0,6.076,-0.0423,1,1,1,1
SEG031,2024-02-15 16:00:00,West,0.9315,2.722,-0.0071,1,0,0,1
SEG031,2024-02-16 09:00:00,West,1.0,2.318,-0.058,1,0,0,1
SEG031,2024-02-23 08:00:00,West,1.0,1.82,-0.0471,1,0,0,1
SEG031,2024-02-28 08:00:00,West,0.9821,2.408,-0.0459,1,0,0,1
SEG031,2024-03-05 22:00:00,West,1.0,4.708,-0.0589,1,1,1,1
SEG031,2024-03-06 14:00:00,West,1.0,4.352,-0.0622,1,1,1,1
SEG031,2024-03-06 15:00:00,West,1.0,3.422,-0.0245,1,1,1,0
SEG031,2024-03-07 05:00:00,West,1.0,3.806,-0.047,1,1,1,1
SEG031,2024-03-07 06:00:00,West,1.0,3.532,-0.0037,1,1,1,0
SEG031,2024-03-09 20:00:00,West,1.0,3.201,-0.0486,1,1,1,1
SEG031,2024-03-11 07:00:00,West,1.0,4.187,-0.0517,1,1,1,1
SEG031,2024-03-11 08:00:00,West,1.0,2.403,-0.0483,1,0,0,0
SEG031,2024-03-14 08:00:00,West,0.9278,1.741,-0.0375,1,0,0,0
SEG031,2024-03-15 13:00:00,West,1.0,4.009,-0.0565,1,1,1,1
SEG031,2024-03-16 19:00:00,West,1.0,3.759,-0.0389,1,1,1,1
SEG031,2024-03-17 10:00:00,West,1.0,4.556,-0.0446,1,1,1,1
SEG031,2024-03-23 15:00:00,West,1.0,5.815,-0.0529,1,1,1,1
SEG031,2024-03-23 16:00:00,West,1.0,5.036,-0.0245,1,1,1,0
SEG031,2024-03-26 17:00:00,West,0.9148,1.401,-0.0187,1,0,0,0
SEG031,2024-04-07 11:00:00,West,1.0,6.414,-0.0723,1,1,1,1
SEG031,2024-04-09 10:00:00,West,1.0,5.377,-0.0709,1,1,1,1
SEG031,2024-04-09 11:00:00,West,1.0,5.069,-0.0495,1,1,1,0
SEG031,2024-04-12 08:00:00,West,1.0,1.82,-0.0471,1,0,0,1
SEG031,2024-04-16 14:00:00,West,1.0,4.479,-0.0413,1,1,1,1
SEG031,2024-04-16 15:00:00,West,1.0,4.781,-0.029,1,1,1,0
SEG031,2024-04-19 17:00:00,West,1.0,2.099,-0.0558,1,0,0,1
SEG031,2024-04-19 18:00:00,West,1.0,2.161,-0.0093,1,0,0,0
SEG031,2024-04-19 19:00:00,West,0.9422,3.622,-0.0079,1,1,1,0
SEG031,2024-04-23 16:00:00,West,0.9332,2.691,-0.0163,1,0,0,1
SEG031,2024-04-25 06:00:00,West,1.0,3.532,-0.0754,1,1,1,1
SEG031,2024-05-03 08:00:00,West,1.0,1.82,-0.0298,1,0,0,1
SEG031,2024-05-03 09:00:00,West,1.0,2.318,-0.0602,1,0,0,0
SEG031,2024-05-03 17:00:00,West,0.878,0.809,-0.0048,1,0,0,0
SEG031,2024-05-06 09:00:00,West,0.9362,2.592,-0.0043,1,0,0,1
SEG031,2024-05-08 08:00:00,West,1.0,2.589,-0.0373,1,0,0,1
SEG031,2024-05-08 09:00:00,West,1.0,3.908,-0.006,1,1,1,0
SEG031,2024-05-08 16:00:00,West,1.0,2.668,-0.0426,1,0,0,1
SEG031,2024-05-08 17:00:00,West,1.0,2.123,-0.0747,1,0,0,0
SEG031,2024-05-11 20:00:00,West,1.0,3.201,-0.0139,1,1,1,1
SEG031,2024-05-12 19:00:00,West,1.0,5.817,-0.0589,1,1,1,1
SEG031,2024-05-16 12:00:00,West,1.0,4.092,-0.0455,1,1,1,1
SEG031,2024-05-16 13:00:00,West,1.0,4.654,-0.075,1,1,1,0
SEG031,2024-05-20 12:00:00,West,1.0,5.216,-0.0327,1,1,1,1
SEG031,2024-05-20 13:00:00,West,1.0,5.082,-0.0455,1,1,1,0
SEG031,2024-05-21 22:00:00,West,1.0,4.708,-0.0643,1,1,1,1
SEG031,2024-05-22 16:00:00,West,0.9159,1.955,-0.0069,1,0,0,1
SEG031,2024-05-25 21:00:00,West,1.0,5.827,-0.0321,1,1,1,1
SEG031,2024-06-03 08:00:00,West,1.0,2.403,-0.0793,1,0,0,1
SEG031,2024-06-04 08:00:00,West,1.0,2.404,-0.0589,1,0,0,1
SEG031,2024-06-05 07:00:00,West,1.0,3.259,-0.0834,1,1,1,1
SEG031,2024-06-07 17:00:00,West,0.9089,1.135,-0.0363,1,0,0,0
SEG031,2024-06-07 18:00:00,West,0.9784,1.965,-0.0547,1,0,0,0
SEG031,2024-06-16 08:00:00,West,1.0,4.761,-0.0288,1,1,1,1
SEG031,2024-06-18 19:00:00,West,1.0,3.868,-0.0393,1,1,1,1
SEG031,2024-06-18 20:00:00,West,0.9938,4.845,-0.014,1,1,1,0
SEG031,2024-06-21 08:00:00,West,1.0,1.82,-0.0388,1,0,0,1
SEG031,2024-06-21 10:00:00,West,1.0,2.844,-0.0391,1,0,0,1
SEG031,2024-06-21 11:00:00,West,1.0,3.034,-0.0507,1,1,1,0
SEG031,2024-06-24 17:00:00,West,1.0,2.605,-0.0358,1,0,0,1
SEG031,2024-06-24 18:00:00,West,1.0,2.508,-0.0035,1,0,0,0
SEG031,2024-06-25 08:00:00,West,0.9492,1.891,-0.0245,1,0,0,0
SEG031,2024-06-26 15:00:00,West,1.0,3.422,-0.0608,1,1,1,1
SEG031,2024-06-26 16:00:00,West,1.0,2.668,-0.0288,1,0,0,0
SEG031,2024-06-26 17:00:00,West,1.0,2.123,-0.0767,1,0,0,0
SEG031,2024-07-04 09:00:00,West,1.0,2.915,-0.0339,1,0,0,1
SEG031,2024-07-09 12:00:00,West,1.0,4.171,-0.0346,1,1,1,1
SEG031,2024-07-09 13:00:00,West,1.0,3.672,-0.0745,1,1,1,0
SEG031,2024-07-12 08:00:00,West,0.9364,1.238,-0.0493,1,0,0,0
SEG031,2024-07-12 11:00:00,West,1.0,3.034,-0.0148,1,1,1,1
SEG031,2024-07-12 12:00:00,West,1.0,3.027,-0.0448,1,1,1,0
SEG031,2024-07-12 18:00:00,West,0.8679,0.963,-0.003,1,0,0,0
SEG031,2024-07-15 08:00:00,West,1.0,2.403,-0.0408,1,0,0,1
SEG031,2024-07-16 08:00:00,West,1.0,2.404,-0.0346,1,0,0,1
SEG031,2024-07-16 09:00:00,West,1.0,4.678,-0.0311,1,1,1,0
SEG031,2024-07-16 17:00:00,West,0.9207,1.459,-0.0124,1,0,0,0
SEG031,2024-07-19 16:00:00,West,1.0,2.863,-0.0353,1,0,0,1
SEG031,2024-07-21 12:00:00,West,1.0,5.476,-0.0589,1,1,1,1
SEG031,2024-07-23 07:00:00,West,1.0,4.075,-0.0117,1,1,1,1
SEG031,2024-07-23 08:00:00,West,0.9683,2.084,-0.0144,1,0,0,0
SEG031,2024-07-26 08:00:00,West,1.0,1.82,-0.0462,1,0,0,1
SEG031,2024-07-26 09:00:00,West,1.0,2.318,-0.0365,1,0,0,0
SEG031,2024-08-02 17:00:00,West,0.9924,2.019,-0.0224,1,0,0,0
SEG031,2024-08-03 19:00:00,West,1.0,3.759,-0.0529,1,1,1,1
SEG031,2024-08-05 18:00:00,West,0.9129,1.722,-0.0032,1,0,0,0
SEG031,2024-08-15 15:00:00,West,1.0,4.434,-0.0566,1,1,1,1
SEG031,2024-08-15 23:00:00,West,0.8837,4.941,-0.0165,1,1,1,1
SEG031,2024-08-16 08:00:00,West,0.9248,1.131,-0.0229,1,0,0,0
SEG031,2024-08-17 09:00:00,West,1.0,4.048,-0.047,1,1,1,1
SEG031,2024-08-19 18:00:00,West,1.0,2.508,-0.0487,1,0,0,1
SEG031,2024-08-21 17:00:00,West,0.8875,1.073,-0.0229,1,0,0,0
SEG031,2024-08-29 05:00:00,West,1.0,3.806,-0.0215,1,1,1,1
SEG031,2024-09-03 18:00:00,West,1.0,3.019,-0.0758,1,1,1,1
SEG031,2024-09-03 19:00:00,West,1.0,3.868,-0.033,1,1,1,0
SEG031,2024-09-04 16:00:00,West,1.0,2.668,-0.0434,1,0,0,1
SEG031,2024-09-04 17:00:00,West,1.0,2.123,-0.0804,1,0,0,0
SEG031,2024-09-09 05:00:00,West,1.0,6.455,-0.0371,1,1,1,1
SEG031,2024-09-18 11:00:00,West,1.0,5.459,-0.0252,1,1,1,1
SEG031,2024-09-18 12:00:00,West,1.0,4.79,-0.0258,1,1,1,0
SEG031,2024-09-23 09:00:00,West,1.0,3.154,-0.0675,1,1,1,1
SEG031,2024-09-27 07:00:00,West,1.0,2.983,-0.0121,1,0,0,1
SEG031,2024-09-27 08:00:00,West,1.0,1.82,-0.003,1,0,0,0
SEG031,2024-09-27 09:00:00,West,1.0,2.318,-0.0257,1,0,0,1
SEG031,2024-09-27 10:00:00,West,1.0,2.844,-0.0066,1,0,0,0
SEG031,2024-09-27 18:00:00,West,1.0,2.161,-0.0685,1,0,0,1
SEG031,2024-09-28 22:00:00,West,1.0,4.466,-0.0356,1,1,1,1
SEG031,2024-10-02 07:00:00,West,1.0,3.259,-0.0632,1,1,1,1
SEG031,2024-10-02 08:00:00,West,1.0,2.589,-0.0564,1,0,0,0
SEG031,2024-10-02 09:00:00,West,1.0,3.908,-0.047,1,1,1,0
SEG031,2024-10-04 12:00:00,West,1.0,3.027,-0.0371,1,1,1,1
SEG031,2024-10-05 09:00:00,West,1.0,4.048,-0.0824,1,1,1,1
SEG031,2024-10-11 17:00:00,West,1.0,2.099,-0.0541,1,0,0,1
SEG031,2024-10-11 18:00:00,West,1.0,2.161,-0.0576,1,0,0,0
SEG031,2024-10-12 20:00:00,West,1.0,3.201,-0.0704,1,1,1,1
SEG031,2024-10-21 08:00:00,West,1.0,2.403,-0.0168,1,0,0,1
SEG031,2024-10-21 09:00:00,West,1.0,3.154,-0.0414,1,1,1,0
SEG031,2024-10-22 08:00:00,West,0.901,1.404,-0.0138,1,0,0,0
SEG031,2024-10-22 13:00:00,West,1.0,3.672,-0.0535,1,1,1,1
SEG031,2024-10-22 14:00:00,West,0.9655,4.156,-0.0213,1,1,1,0
SEG031,2024-10-23 18:00:00,West,1.0,3.424,-0.0287,1,1,1,1
SEG031,2024-10-25 20:00:00,West,1.0,4.983,-0.0186,1,1,1,1
SEG031,2024-10-27 10:00:00,West,1.0,4.556,-0.0754,1,1,1,1
SEG031,2024-10-31 08:00:00,West,0.9219,1.675,-0.0382,1,0,0,0
SEG031,2024-10-31 17:00:00,West,0.9068,1.653,-0.0036,1,0,0,0
SEG031,2024-11-01 06:00:00,West,1.0,5.254,-0.0344,1,1,1,1
SEG031,2024-11-01 07:00:00,West,1.0,2.983,-0.0319,1,0,0,0
SEG031,2024-11-06 14:00:00,West,1.0,4.352,-0.0381,1,1,1,1
SEG031,2024-11-06 15:00:00,West,1.0,3.422,-0.054,1,1,1,0
SEG031,2024-11-09 18:00:00,West,1.0,4.386,-0.0493,1,1,1,1
SEG031,2024-11-13 06:00:00,West,1.0,4.161,-0.05,1,1,1,1
SEG031,2024-11-13 07:00:00,West,1.0,3.259,-0.0471,1,1,1,0
SEG031,2024-11-13 08:00:00,West,1.0,2.589,-0.0551,1,0,0,0
SEG031,2024-11-15 10:00:00,West,1.0,2.844,-0.0393,1,0,0,1
SEG031,2024-11-18 17:00:00,West,0.9528,2.123,-0.0072,1,0,0,0
SEG031,2024-11-18 18:00:00,West,1.0,2.508,-0.0597,1,0,0,1
SEG031,2024-11-18 19:00:00,West,1.0,4.782,-0.0723,1,1,1,0
SEG031,2024-11-19 17:00:00,West,1.0,2.237,-0.0761,1,0,0,1
SEG031,2024-11-21 08:00:00,West,0.9402,1.879,-0.0187,1,0,0,1
SEG031,2024-11-22 17:00:00,West,0.8998,1.039,-0.0236,1,0,0,0
SEG031,2024-11-28 05:00:00,West,1.0,3.806,-0.0326,1,1,1,1
SEG031,2024-12-01 20:00:00,West,1.0,6.129,-0.0541,1,1,1,1
SEG031,2024-12-02 08:00:00,West,1.0,2.403,-0.0026,1,0,0,1
SEG031,2024-12-04 17:00:00,West,0.9211,1.386,-0.0053,1,0,0,1
SEG031,2024-12-05 09:00:00,West,1.0,2.915,-0.0548,1,0,0,1
SEG031,2024-12-06 09:00:00,West,1.0,2.318,-0.0572,1,0,0,1
SEG031,2024-12-06 10:00:00,West,1.0,2.844,-0.0257,1,0,0,0
SEG031,2024-12-12 17:00:00,West,1.0,2.639,-0.0461,1,0,0,1
SEG031,2024-12-12 18:00:00,West,1.0,3.194,-0.0389,1,1,1,0
SEG031,2024-12-12 19:00:00,West,0.9283,4.179,-0.0236,1,1,1,0
SEG031,2024-12-17 08:00:00,West,0.976,2.162,-0.0349,1,0,0,0
SEG031,2024-12-17 12:00:00,West,1.0,4.171,-0.044,1,1,1,1
SEG031,2024-12-18 06:00:00,West,1.0,4.161,-0.0418,1,1,1,1
SEG031,2024-12-20 11:00:00,West,1.0,3.034,-0.0622,1,1,1,1
SEG031,2024-12-20 12:00:00,West,1.0,3.027,-0.0372,1,1,1,0
SEG031,2024-12-23 18:00:00,West,0.9273,1.852,-0.0701,1,0,0,0
SEG032,2024-01-08 20:00:00,North,1.0,5.949,-0.0675,1,1,1,1
SEG032,2024-01-09 10:00:00,North,1.0,6.077,-0.0913,1,1,1,1
SEG032,2024-01-12 06:00:00,North,1.0,6.046,-0.0929,1,1,1,1
SEG032,2024-01-18 09:00:00,North,1.0,4.289,-0.0899,1,1,1,1
SEG032,2024-01-30 16:00:00,North,1.0,5.081,-0.068,1,1,1,1
SEG032,2024-01-30 17:00:00,North,0.9149,3.072,-0.0376,1,1,1,0
SEG032,2024-02-19 17:00:00,North,1.0,5.181,-0.0881,1,1,1,1
SEG032,2024-02-19 18:00:00,North,0.8764,4.725,-0.0572,1,1,1,0
SEG032,2024-02-22 17:00:00,North,1.0,4.991,-0.0753,1,1,1,1
SEG032,2024-02-22 18:00:00,North,0.9086,4.92,-0.0294,1,1,1,0
SEG032,2024-02-28 12:00:00,North,1.0,6.087,-0.0609,1,1,1,1
SEG032,2024-02-29 21:00:00,North,0.946,6.264,-0.0821,1,1,1,1
SEG032,2024-03-08 10:00:00,North,1.0,4.456,-0.0941,1,1,1,1
SEG032,2024-03-28 09:00:00,North,1.0,4.289,-0.0941,1,1,1,1
SEG032,2024-04-02 08:00:00,North,1.0,5.585,-0.0937,1,1,1,1
SEG032,2024-04-03 09:00:00,North,1.0,5.982,-0.0634,1,1,1,1
SEG032,2024-04-09 17:00:00,North,1.0,3.708,-0.0941,1,1,1,1
SEG032,2024-04-09 18:00:00,North,0.9575,4.076,-0.0595,1,1,1,0
SEG032,2024-04-11 12:00:00,North,1.0,6.192,-0.0899,1,1,1,1
SEG032,2024-04-12 22:00:00,North,1.0,6.419,-0.0858,1,1,1,1
SEG032,2024-04-29 09:00:00,North,1.0,5.873,-0.0634,1,1,1,1
SEG032,2024-05-17 13:00:00,North,1.0,5.872,-0.0804,1,1,1,1
SEG032,2024-05-20 21:00:00,North,0.984,5.978,-0.0885,1,1,1,1
SEG032,2024-06-14 14:00:00,North,1.0,4.444,-0.0893,1,1,1,1
SEG032,2024-06-24 11:00:00,North,1.0,6.443,-0.0753,1,1,1,1
SEG032,2024-07-02 17:00:00,North,1.0,3.708,-0.0574,1,1,1,1
SEG032,2024-07-02 18:00:00,North,0.9364,3.898,-0.0542,1,1,1,0
SEG032,2024-07-27 19:00:00,North,1.0,6.197,-0.061,1,1,1,1
SEG032,2024-08-04 07:00:00,North,1.0,6.261,-0.0898,1,1,1,1
SEG032,2024-08-12 13:00:00,North,1.0,6.431,-0.0884,1,1,1,1
SEG032,2024-08-14 17:00:00,North,0.8383,2.572,-0.0377,1,0,0,1
SEG032,2024-08-21 17:00:00,North,1.0,3.819,-0.0859,1,1,1,1
SEG032,2024-08-31 14:00:00,North,1.0,6.052,-0.0901,1,1,1,1
SEG032,2024-09-09 19:00:00,North,1.0,4.661,-0.0941,1,1,1,1
SEG032,2024-09-23 19:00:00,North,1.0,4.661,-0.0941,1,1,1,1
SEG032,2024-10-02 18:00:00,North,1.0,3.758,-0.0726,1,1,1,1
SEG032,2024-10-16 13:00:00,North,1.0,6.254,-0.0634,1,1,1,1
SEG032,2024-11-01 10:00:00,North,1.0,4.456,-0.0906,1,1,1,1
SEG032,2024-11-05 07:00:00,North,1.0,5.71,-0.0822,1,1,1,1
SEG032,2024-11-06 17:00:00,North,1.0,3.819,-0.0858,1,1,1,1
SEG032,2024-11-06 18:00:00,North,0.9661,3.512,-0.0586,1,1,1,0
SEG032,2024-11-06 19:00:00,North,1.0,5.145,-0.0888,1,1,1,1
SEG032,2024-11-15 14:00:00,North,1.0,4.444,-0.0941,1,1,1,1
SEG032,2024-12-10 12:00:00,North,1.0,6.319,-0.0772,1,1,1,1
SEG032,2024-12-19 07:00:00,North,1.0,5.595,-0.0804,1,1,1,1
SEG032,2024-12-19 08:00:00,North,1.0,5.467,-0.0766,1,1,1,0
SEG032,2024-12-21 09:00:00,North,1.0,5.844,-0.0941,1,1,1,1
SEG032,2024-12-29 08:00:00,North,1.0,5.39,-0.0815,1,1,1,1
SEG033,2024-05-01 21:00:00,South,1.0,4.189,-0.0031,1,1,1,1
SEG034,2024-01-02 07:00:00,East,1.0,2.377,-0.0359,1,0,0,1
SEG034,2024-01-04 07:00:00,East,1.0,2.106,-0.0151,1,0,0,0
SEG034,2024-01-05 17:00:00,East,0.9414,0.428,-0.028,1,0,0,0
SEG034,2024-01-07 10:00:00,East,1.0,5.815,-0.0169,1,1,1,1
SEG034,2024-01-08 17:00:00,East,1.0,1.551,-0.0092,1,0,0,1
SEG034,2024-01-10 14:00:00,East,1.0,3.75,-0.038,1,1,1,1
SEG034,2024-01-10 16:00:00,East,1.0,2.214,-0.0058,1,0,0,0
SEG034,2024-01-19 08:00:00,East,1.0,1.302,-0.0051,1,0,0,0
SEG034,2024-01-19 17:00:00,East,0.9674,0.698,-0.0003,1,0,0,0
SEG034,2024-01-20 07:00:00,East,1.0,4.071,-0.0156,1,1,1,1
SEG034,2024-01-20 12:00:00,East,1.0,3.423,-0.0018,1,1,1,1
SEG034,2024-01-29 08:00:00,East,1.0,1.745,-0.0107,1,0,0,1
SEG034,2024-01-29 09:00:00,East,0.96,2.801,-0.0038,1,0,0,0
SEG034,2024-02-06 09:00:00,East,0.9133,1.638,-0.0018,1,0,0,0
SEG034,2024-02-08 17:00:00,East,1.0,1.555,-0.0503,1,0,0,1
SEG034,2024-02-14 16:00:00,East,1.0,2.214,-0.0202,1,0,0,1
SEG034,2024-02-16 08:00:00,East,0.9773,1.029,-0.0119,1,0,0,0
SEG034,2024-02-16 09:00:00,East,1.0,2.427,-0.0072,1,0,0,0
SEG034,2024-02-22 17:00:00,East,0.971,1.209,-0.0107,1,0,0,0
SEG034,2024-02-23 17:00:00,East,0.9877,0.909,-0.0125,1,0,0,0
SEG034,2024-02-26 14:00:00,East,1.0,3.506,-0.0125,1,1,1,0
SEG034,2024-03-01 17:00:00,East,0.9658,0.681,-0.0268,1,0,0,0
SEG034,2024-03-04 18:00:00,East,1.0,1.54,-0.0204,1,0,0,0
SEG034,2024-03-05 08:00:00,East,0.9564,1.328,-0.0222,1,0,0,0
SEG034,2024-03-06 16:00:00,East,0.9553,1.74,-0.009,1,0,0,0
SEG034,2024-03-11 17:00:00,East,1.0,1.551,-0.0123,1,0,0,1
SEG034,2024-03-15 17:00:00,East,1.0,1.037,-0.0468,1,0,0,1
SEG034,2024-03-15 18:00:00,East,1.0,1.471,-0.0462,1,0,0,0
SEG034,2024-03-17 09:00:00,East,1.0,3.388,-0.0037,1,1,1,1
SEG034,2024-03-18 17:00:00,East,1.0,1.551,-0.0098,1,0,0,0
SEG034,2024-03-20 08:00:00,East,0.9584,1.173,-0.0159,1,0,0,0
SEG034,2024-03-21 17:00:00,East,1.0,1.555,-0.0133,1,0,0,0
SEG034,2024-03-22 08:00:00,East,0.9999,1.301,-0.019,1,0,0,0
SEG034,2024-03-22 17:00:00,East,0.9602,0.623,-0.0117,1,0,0,0
SEG034,2024-03-29 07:00:00,East,0.9894,2.052,-0.0076,1,0,0,0
SEG034,2024-03-29 17:00:00,East,1.0,1.037,-0.0191,1,0,0,0
SEG034,2024-03-29 18:00:00,East,1.0,1.471,-0.0142,1,0,0,0
SEG034,2024-04-04 12:00:00,East,1.0,4.248,-0.0032,1,1,1,1
SEG034,2024-04-10 16:00:00,East,1.0,2.214,-0.01,1,0,0,0
SEG034,2024-04-12 08:00:00,East,1.0,1.302,-0.0089,1,0,0,1
SEG034,2024-04-19 08:00:00,East,1.0,1.302,-0.0038,1,0,0,1
SEG034,2024-04-19 09:00:00,East,1.0,2.427,-0.0387,1,0,0,0
SEG034,2024-04-19 10:00:00,East,0.9702,3.343,-0.0055,1,1,1,0
SEG034,2024-04-23 08:00:00,East,1.0,1.883,-0.0116,1,0,0,0
SEG034,2024-04-24 17:00:00,East,0.9726,1.162,-0.0204,1,0,0,0
SEG034,2024-04-25 08:00:00,East,0.9703,1.361,-0.0056,1,0,0,0
SEG034,2024-04-27 17:00:00,East,0.9311,2.055,-0.0093,1,0,0,1
SEG034,2024-04-28 08:00:00,East,0.9987,2.819,-0.0117,1,0,0,0
SEG034,2024-04-30 20:00:00,East,1.0,4.351,-0.0068,1,1,1,1
SEG034,2024-05-01 09:00:00,East,1.0,2.39,-0.0008,1,0,0,1
SEG034,2024-05-02 06:00:00,East,1.0,3.592,-0.0289,1,1,1,1
SEG034,2024-05-03 17:00:00,East,1.0,1.037,-0.019,1,0,0,0
SEG034,2024-05-03 18:00:00,East,1.0,1.471,-0.0159,1,0,0,0
SEG034,2024-05-06 08:00:00,East,1.0,1.745,-0.0055,1,0,0,1
SEG034,2024-05-07 17:00:00,East,0.9689,1.401,-0.0016,1,0,0,0
SEG034,2024-05-10 16:00:00,East,1.0,1.876,-0.0146,1,0,0,0
SEG034,2024-05-10 17:00:00,East,1.0,1.037,-0.0745,1,0,0,0
SEG034,2024-05-17 08:00:00,East,0.9879,1.156,-0.0046,1,0,0,0
SEG034,2024-05-20 17:00:00,East,0.9736,1.299,-0.0166,1,0,0,0
SEG034,2024-05-21 07:00:00,East,1.0,2.377,-0.0093,1,0,0,0
SEG034,2024-05-24 17:00:00,East,1.0,1.037,-0.0082,1,0,0,0
SEG034,2024-06-01 13:00:00,East,1.0,3.015,-0.0156,1,1,1,1
SEG034,2024-06-05 09:00:00,East,1.0,2.39,-0.0427,1,0,0,1
SEG034,2024-06-14 08:00:00,East,1.0,1.302,-0.0207,1,0,0,1
SEG034,2024-06-17 17:00:00,East,1.0,1.551,-0.0218,1,0,0,1
SEG034,2024-06-17 18:00:00,East,1.0,1.54,-0.0014,1,0,0,1
SEG034,2024-06-18 17:00:00,East,1.0,1.746,-0.0158,1,0,0,0
SEG034,2024-06-19 18:00:00,East,1.0,2.364,-0.0046,1,0,0,0
SEG034,2024-06-19 23:00:00,East,1.0,6.377,-0.0135,1,1,1,1
SEG034,2024-06-21 17:00:00,East,1.0,1.037,-0.0093,1,0,0,0
SEG034,2024-06-28 15:00:00,East,1.0,3.455,-0.0267,1,1,1,1
SEG034,2024-06-29 09:00:00,East,1.0,2.716,-0.0048,1,0,0,0
SEG034,2024-07-12 08:00:00,East,1.0,1.302,-0.0098,1,0,0,0
SEG034,2024-07-12 18:00:00,East,0.9894,1.355,-0.0201,1,0,0,0
SEG034,2024-07-15 17:00:00,East,0.997,1.523,-0.0137,1,0,0,0
SEG034,2024-07-19 17:00:00,East,0.9762,0.79,-0.0284,1,0,0,0
SEG034,2024-07-19 18:00:00,East,1.0,1.471,-0.0204,1,0,0,0
SEG034,2024-07-22 17:00:00,East,1.0,1.551,-0.0041,1,0,0,1
SEG034,2024-07-24 08:00:00,East,0.9372,0.964,-0.0038,1,0,0,0
SEG034,2024-07-26 17:00:00,East,1.0,1.037,-0.0193,1,0,0,1
SEG034,2024-07-27 15:00:00,East,1.0,3.987,-0.0042,1,1,1,1
SEG034,2024-07-31 17:00:00,East,1.0,1.505,-0.0139,1,0,0,0
SEG034,2024-08-02 07:00:00,East,1.0,2.154,-0.0188,1,0,0,1
SEG034,2024-08-02 17:00:00,East,1.0,1.037,-0.029,1,0,0,0
SEG034,2024-08-02 18:00:00,East,0.9951,1.418,-0.0168,1,0,0,0
SEG034,2024-08-05 18:00:00,East,0.9853,1.401,-0.0126,1,0,0,0
SEG034,2024-08-06 17:00:00,East,1.0,1.746,-0.015,1,0,0,0
SEG034,2024-08-14 17:00:00,East,1.0,1.505,-0.0046,1,0,0,0
SEG034,2024-08-16 08:00:00,East,0.9858,1.131,-0.0206,1,0,0,0
SEG034,2024-08-21 17:00:00,East,1.0,1.505,-0.0273,1,0,0,0
SEG034,2024-08-28 17:00:00,East,1.0,1.505,-0.0126,1,0,0,0
SEG034,2024-08-29 16:00:00,East,0.9551,2.035,-0.0252,1,0,0,0
SEG034,2024-08-30 08:00:00,East,1.0,1.302,-0.0018,1,0,0,1
SEG034,2024-09-03 14:00:00,East,1.0,3.903,-0.0184,1,1,1,1
SEG034,2024-09-03 17:00:00,East,1.0,1.746,-0.0552,1,0,0,0
SEG034,2024-09-09 17:00:00,East,1.0,1.551,-0.0475,1,0,0,1
SEG034,2024-09-10 12:00:00,East,1.0,3.794,-0.0129,1,1,1,1
SEG034,2024-09-10 17:00:00,East,1.0,1.746,-0.0135,1,0,0,0
SEG034,2024-09-11 08:00:00,East,1.0,1.584,-0.0001,1,0,0,1
SEG034,2024-09-16 16:00:00,East,1.0,2.632,-0.0302,1,0,0,1
SEG034,2024-09-17 07:00:00,East,1.0,2.377,-0.0107,1,0,0,1
SEG034,2024-09-17 08:00:00,East,1.0,1.883,-0.0258,1,0,0,0
SEG034,2024-09-17 09:00:00,East,1.0,2.331,-0.0026,1,0,0,0
SEG034,2024-09-18 17:00:00,East,1.0,1.505,-0.0265,1,0,0,0
SEG034,2024-09-19 17:00:00,East,1.0,1.555,-0.0106,1,0,0,0
SEG034,2024-09-20 08:00:00,East,1.0,1.302,-0.0263,1,0,0,0
SEG034,2024-09-23 18:00:00,East,0.9392,0.967,-0.0045,1,0,0,0
SEG034,2024-10-03 18:00:00,East,0.9798,1.406,-0.0145,1,0,0,0
SEG034,2024-10-07 08:00:00,East,1.0,1.745,-0.0087,1,0,0,0
SEG034,2024-10-08 15:00:00,East,1.0,3.784,-0.0076,1,1,1,1
SEG034,2024-10-08 17:00:00,East,1.0,1.746,-0.0089,1,0,0,0
SEG034,2024-10-09 13:00:00,East,1.0,3.757,-0.017,1,1,1,1
SEG034,2024-10-10 17:00:00,East,1.0,1.555,-0.0204,1,0,0,0
SEG034,2024-10-11 07:00:00,East,0.9624,1.792,-0.0273,1,0,0,0
SEG034,2024-10-11 18:00:00,East,1.0,1.471,-0.0354,1,0,0,0
SEG034,2024-10-17 17:00:00,East,1.0,1.555,-0.0108,1,0,0,1
SEG034,2024-10-17 18:00:00,East,1.0,1.598,-0.0091,1,0,0,0
SEG034,2024-10-20 08:00:00,East,1.0,2.828,-0.0001,1,0,0,1
SEG034,2024-10-23 17:00:00,East,0.9937,1.426,-0.019,1,0,0,0
SEG034,2024-10-25 17:00:00,East,1.0,1.037,-0.0197,1,0,0,0
SEG034,2024-10-28 15:00:00,East,1.0,4.413,-0.002,1,1,1,0
SEG034,2024-10-31 08:00:00,East,1.0,1.721,-0.0142,1,0,0,0
SEG034,2024-11-06 18:00:00,East,0.9657,1.942,-0.0056,1,0,0,0
SEG034,2024-11-11 19:00:00,East,1.0,2.922,-0.0309,1,0,0,0
SEG034,2024-11-12 18:00:00,East,0.9859,2.634,-0.0072,1,0,0,0
SEG034,2024-11-15 08:00:00,East,0.9749,1.0,-0.0174,1,0,0,0
SEG034,2024-11-15 17:00:00,East,0.9514,0.532,-0.0178,1,0,0,0
SEG034,2024-11-18 16:00:00,East,0.936,1.945,-0.0059,1,0,0,0
SEG034,2024-11-18 18:00:00,East,1.0,1.54,-0.0164,1,0,0,1
SEG034,2024-11-19 17:00:00,East,0.9609,1.312,-0.0074,1,0,0,0
SEG034,2024-11-21 16:00:00,East,1.0,2.513,-0.0197,1,0,0,0
SEG034,2024-11-26 17:00:00,East,0.9736,1.453,-0.0107,1,0,0,0
SEG034,2024-11-29 18:00:00,East,1.0,1.471,-0.0121,1,0,0,1
SEG034,2024-11-29 19:00:00,East,1.0,3.105,-0.0151,1,1,1,0
SEG034,2024-12-04 08:00:00,East,0.9783,1.37,-0.0119,1,0,0,0
SEG034,2024-12-05 17:00:00,East,1.0,1.555,-0.0088,1,0,0,1
SEG034,2024-12-05 18:00:00,East,1.0,1.598,-0.0105,1,0,0,0
SEG034,2024-12-06 17:00:00,East,1.0,1.037,-0.0225,1,0,0,0
SEG034,2024-12-07 16:00:00,East,1.0,3.578,-0.0129,1,1,1,1
SEG034,2024-12-09 16:00:00,East,1.0,2.632,-0.0202,1,0,0,1
SEG034,2024-12-11 17:00:00,East,0.9565,0.96,-0.0011,1,0,0,0
SEG034,2024-12-12 18:00:00,East,1.0,1.598,-0.0296,1,0,0,0
SEG034,2024-12-13 08:00:00,East,0.9599,0.82,-0.0097,1,0,0,0
SEG034,2024-12-19 06:00:00,East,1.0,3.592,-0.0215,1,1,1,1
SEG034,2024-12-23 18:00:00,East,1.0,1.54,-0.0263,1,0,0,0
SEG034,2024-12-25 17:00:00,East,1.0,1.505,-0.0197,1,0,0,0
SEG034,2024-12-27 06:00:00,East,1.0,4.98,-0.0499,1,1,1,1
SEG034,2024-12-27 08:00:00,East,1.0,1.302,-0.0371,1,0,0,0
SEG034,2024-12-27 16:00:00,East,1.0,1.876,-0.0101,1,0,0,1
SEG034,2024-12-27 18:00:00,East,1.0,1.471,-0.0202,1,0,0,1
SEG035,2024-01-01 14:00:00,West,1.0,3.581,-0.0116,1,1,1,1
SEG035,2024-01-17 08:00:00,West,1.0,5.01,-0.0074,1,1,1,1
SEG035,2024-01-30 18:00:00,West,1.0,3.17,-0.011,1,1,1,1
SEG035,2024-01-30 19:00:00,West,1.0,3.539,-0.006,1,1,1,0
SEG035,2024-02-06 11:00:00,West,1.0,6.015,-0.0764,1,1,1,1
SEG035,2024-02-09 09:00:00,West,1.0,3.466,-0.0044,1,1,1,1
SEG035,2024-02-09 16:00:00,West,1.0,3.737,-0.0068,1,1,1,1
SEG035,2024-02-13 15:00:00,West,1.0,5.111,-0.0026,1,1,1,1
SEG035,2024-02-23 12:00:00,West,1.0,2.999,-0.004,1,0,0,1
SEG035,2024-02-29 19:00:00,West,1.0,3.588,-0.0008,1,1,1,1
SEG035,2024-03-13 14:00:00,West,1.0,5.906,-0.0145,1,1,1,1
SEG035,2024-03-13 17:00:00,West,1.0,3.085,-0.0093,1,1,1,1
SEG035,2024-04-17 16:00:00,West,1.0,3.742,-0.0658,1,1,1,1
SEG035,2024-04-26 20:00:00,West,1.0,4.491,-0.0132,1,1,1,1
SEG035,2024-04-29 07:00:00,West,1.0,3.146,-0.0085,1,1,1,1
SEG035,2024-05-06 18:00:00,West,1.0,3.533,-0.0181,1,1,1,1
SEG035,2024-05-10 13:00:00,West,1.0,3.953,-0.0284,1,1,1,1
SEG035,2024-06-01 20:00:00,West,1.0,4.795,-0.0549,1,1,1,1
SEG035,2024-06-03 16:00:00,West,1.0,4.928,-0.062,1,1,1,1
SEG035,2024-07-18 18:00:00,West,1.0,2.667,-0.0102,1,0,0,0
SEG035,2024-08-11 06:00:00,West,1.0,4.884,-0.0162,1,1,1,1
SEG035,2024-08-16 08:00:00,West,1.0,3.179,-0.0107,1,1,1,1
SEG035,2024-09-05 09:00:00,West,1.0,3.918,-0.0024,1,1,1,1
SEG035,2024-09-05 18:00:00,West,1.0,2.667,-0.0321,1,0,0,0
SEG035,2024-09-19 08:00:00,West,1.0,4.331,-0.0346,1,1,1,1
SEG035,2024-09-26 19:00:00,West,1.0,3.588,-0.0079,1,1,1,1
SEG035,2024-09-27 06:00:00,West,1.0,4.491,-0.0162,1,1,1,1
SEG035,2024-09-29 19:00:00,West,1.0,6.366,-0.0612,1,1,1,1
SEG035,2024-10-02 18:00:00,West,1.0,3.463,-0.0225,1,1,1,1
SEG035,2024-10-11 08:00:00,West,1.0,3.179,-0.0047,1,1,1,1
SEG035,2024-10-30 13:00:00,West,1.0,3.509,-0.0258,1,1,1,1
SEG035,2024-11-25 18:00:00,West,1.0,3.533,-0.014,1,1,1,1
SEG035,2024-11-27 12:00:00,West,1.0,3.832,-0.0004,1,1,1,1
SEG035,2024-12-04 11:00:00,West,1.0,3.895,-0.0092,1,1,1,1
SEG035,2024-12-12 10:00:00,West,1.0,5.932,-0.0274,1,1,1,1
SEG035,2024-12-23 06:00:00,West,1.0,3.899,-0.067,1,1,1,1
SEG035,2024-12-24 16:00:00,West,1.0,4.142,-0.009,1,1,1,1
SEG035,2024-12-25 17:00:00,West,1.0,3.085,-0.0248,1,1,1,0
SEG035,2024-12-28 08:00:00,West,1.0,4.005,-0.001,1,1,1,1
SEG036,2024-01-02 07:00:00,Central,1.0,5.161,-0.0366,1,1,1,1
SEG036,2024-01-02 08:00:00,Central,1.0,3.083,-0.0061,1,1,1,0
SEG036,2024-01-17 19:00:00,Central,1.0,5.428,-0.0549,1,1,1,1
SEG036,2024-01-23 17:00:00,Central,1.0,3.276,-0.0495,1,1,1,1
SEG036,2024-01-23 18:00:00,Central,1.0,2.933,-0.0297,1,0,0,0
SEG036,2024-01-29 11:00:00,Central,1.0,3.976,-0.0644,1,1,1,1
SEG036,2024-01-29 16:00:00,Central,1.0,3.192,-0.0478,1,1,1,1
SEG036,2024-01-30 09:00:00,Central,1.0,5.412,-0.0389,1,1,1,1
SEG036,2024-02-01 07:00:00,Central,1.0,4.948,-0.009,1,1,1,1
SEG036,2024-02-02 09:00:00,Central,1.0,4.098,-0.0509,1,1,1,0
SEG036,2024-02-02 18:00:00,Central,1.0,3.252,-0.0242,1,1,1,1
SEG036,2024-02-05 14:00:00,Central,1.0,4.378,-0.0414,1,1,1,1
SEG036,2024-02-21 06:00:00,Central,1.0,3.695,-0.0298,1,1,1,1
SEG036,2024-02-21 07:00:00,Central,1.0,3.35,-0.0156,1,1,1,0
SEG036,2024-02-24 18:00:00,Central,1.0,4.589,-0.0258,1,1,1,1
SEG036,2024-03-01 06:00:00,Central,1.0,5.736,-0.0355,1,1,1,1
SEG036,2024-03-07 15:00:00,Central,1.0,4.474,-0.0461,1,1,1,1
SEG036,2024-03-08 08:00:00,Central,1.0,3.728,-0.0293,1,1,1,0
SEG036,2024-03-13 08:00:00,Central,1.0,3.629,-0.0335,1,1,1,1
SEG036,2024-03-13 09:00:00,Central,1.0,4.176,-0.0251,1,1,1,0
SEG036,2024-03-15 09:00:00,Central,0.991,4.02,-0.0199,1,1,1,1
SEG036,2024-03-20 11:00:00,Central,1.0,5.976,-0.0046,1,1,1,1
SEG036,2024-03-21 15:00:00,Central,1.0,4.474,-0.0315,1,1,1,1
SEG036,2024-03-21 21:00:00,Central,1.0,4.523,-0.0213,1,1,1,1
SEG036,2024-03-25 16:00:00,Central,1.0,3.192,-0.0085,1,1,1,1
SEG036,2024-03-26 08:00:00,Central,1.0,3.083,-0.0203,1,1,1,1
SEG036,2024-04-01 13:00:00,Central,1.0,4.417,-0.0494,1,1,1,1
SEG036,2024-04-04 21:00:00,Central,1.0,4.523,-0.0528,1,1,1,1
SEG036,2024-04-05 10:00:00,Central,1.0,4.078,-0.0514,1,1,1,1
SEG036,2024-04-08 10:00:00,Central,1.0,4.287,-0.0648,1,1,1,1
SEG036,2024-04-25 12:00:00,Central,1.0,5.222,-0.0351,1,1,1,1
SEG036,2024-04-26 14:00:00,Central,1.0,4.519,-0.0116,1,1,1,1
SEG036,2024-04-26 15:00:00,Central,0.932,5.763,-0.033,1,1,1,0
SEG036,2024-05-07 18:00:00,Central,0.9411,2.53,-0.0171,1,0,0,1
SEG036,2024-05-09 16:00:00,Central,1.0,3.713,-0.0522,1,1,1,1
SEG036,2024-05-14 11:00:00,Central,1.0,5.836,-0.0412,1,1,1,1
SEG036,2024-05-21 17:00:00,Central,1.0,3.276,-0.0117,1,1,1,1
SEG036,2024-05-22 15:00:00,Central,1.0,5.736,-0.0267,1,1,1,1
SEG036,2024-05-31 17:00:00,Central,1.0,4.222,-0.029,1,1,1,1
SEG036,2024-06-07 19:00:00,Central,1.0,5.631,-0.0292,1,1,1,1
SEG036,2024-06-08 17:00:00,Central,0.9623,3.78,-0.0117,1,1,1,1
SEG036,2024-06-17 18:00:00,Central,1.0,4.137,-0.0137,1,1,1,1
SEG036,2024-06-18 08:00:00,Central,1.0,3.083,-0.0251,1,1,1,1
SEG036,2024-07-07 18:00:00,Central,1.0,5.689,-0.0004,1,1,1,1
SEG036,2024-07-15 06:00:00,Central,1.0,6.438,-0.0214,1,1,1,1
SEG036,2024-07-15 07:00:00,Central,1.0,5.819,-0.0703,1,1,1,0
SEG036,2024-07-15 08:00:00,Central,0.9806,4.802,-0.0394,1,1,1,0
SEG036,2024-07-29 11:00:00,Central,1.0,3.976,-0.0301,1,1,1,1
SEG036,2024-07-29 14:00:00,Central,1.0,4.378,-0.0186,1,1,1,1
SEG036,2024-08-12 17:00:00,Central,1.0,5.053,-0.0466,1,1,1,1
SEG036,2024-08-21 06:00:00,Central,1.0,3.695,-0.0446,1,1,1,1
SEG036,2024-08-28 09:00:00,Central,1.0,4.176,-0.0128,1,1,1,1
SEG036,2024-08-31 17:00:00,Central,1.0,4.073,-0.051,1,1,1,1
SEG036,2024-09-01 15:00:00,Central,1.0,6.071,-0.0033,1,1,1,1
SEG036,2024-09-02 10:00:00,Central,1.0,4.287,-0.0329,1,1,1,1
SEG036,2024-09-03 15:00:00,Central,1.0,4.491,-0.0456,1,1,1,1
SEG036,2024-09-08 07:00:00,Central,1.0,5.652,-0.0349,1,1,1,1
SEG036,2024-09-10 15:00:00,Central,0.9196,3.861,-0.0095,1,1,1,1
SEG036,2024-09-10 18:00:00,Central,1.0,2.933,-0.044,1,0,0,1
SEG036,2024-09-11 13:00:00,Central,1.0,4.058,-0.0396,1,1,1,1
SEG036,2024-09-13 13:00:00,Central,1.0,4.473,-0.0351,1,1,1,1
SEG036,2024-09-21 10:00:00,Central,1.0,5.864,-0.0072,1,1,1,1
SEG036,2024-10-08 13:00:00,Central,1.0,4.478,-0.0507,1,1,1,1
SEG036,2024-10-16 07:00:00,Central,1.0,3.35,-0.0377,1,1,1,1
SEG036,2024-10-16 08:00:00,Central,1.0,3.629,-0.0217,1,1,1,0
SEG036,2024-10-19 20:00:00,Central,1.0,5.798,-0.0309,1,1,1,1
SEG036,2024-10-21 16:00:00,Central,1.0,3.192,-0.0447,1,1,1,1
SEG036,2024-11-04 12:00:00,Central,1.0,4.409,-0.0463,1,1,1,1
SEG036,2024-11-04 18:00:00,Central,1.0,4.137,-0.0232,1,1,1,1
SEG036,2024-11-04 19:00:00,Central,1.0,4.693,-0.0372,1,1,1,0
SEG036,2024-11-05 08:00:00,Central,1.0,3.083,-0.0342,1,1,1,1
SEG036,2024-11-22 22:00:00,Central,1.0,6.41,-0.039,1,1,1,1
SEG036,2024-11-26 16:00:00,Central,1.0,3.698,-0.0255,1,1,1,1
SEG036,2024-11-26 17:00:00,Central,1.0,3.276,-0.0234,1,1,1,0
SEG036,2024-11-27 07:00:00,Central,1.0,3.35,-0.0341,1,1,1,1
SEG036,2024-11-27 12:00:00,Central,0.9316,4.506,-0.0274,1,1,1,1
SEG036,2024-11-28 08:00:00,Central,1.0,4.978,-0.0413,1,1,1,1
SEG036,2024-12-03 22:00:00,Central,1.0,4.797,-0.0418,1,1,1,1
SEG036,2024-12-17 22:00:00,Central,0.988,4.723,-0.0553,1,1,1,1
SEG036,2024-12-19 16:00:00,Central,1.0,3.713,-0.0031,1,1,1,1
SEG036,2024-12-24 16:00:00,Central,1.0,3.698,-0.0096,1,1,1,1
SEG037,2024-05-07 08:00:00,North,1.0,3.532,-0.0031,1,1,1,0
SEG037,2024-10-12 10:00:00,North,1.0,4.284,-0.0096,1,1,1,1
SEG038,2024-02-19 18:00:00,North,1.0,2.605,-0.0065,1,0,0,1
SEG038,2024-03-07 17:00:00,North,1.0,2.552,-0.0174,1,0,0,0
SEG038,2024-04-05 19:00:00,North,1.0,3.524,-0.0087,1,1,1,1
SEG038,2024-04-16 16:00:00,North,1.0,2.484,-0.0081,1,0,0,1
SEG038,2024-04-18 19:00:00,North,1.0,3.415,-0.0439,1,1,1,1
SEG038,2024-04-19 14:00:00,North,1.0,3.824,-0.0017,1,1,1,1
SEG038,2024-05-02 09:00:00,North,1.0,3.146,-0.0124,1,1,1,0
SEG038,2024-05-03 08:00:00,North,1.0,1.99,-0.0017,1,0,0,1
SEG038,2024-05-16 07:00:00,North,1.0,2.81,-0.0041,1,0,0,1
SEG038,2024-05-16 08:00:00,North,1.0,2.797,-0.0038,1,0,0,0
SEG038,2024-06-01 16:00:00,North,1.0,3.933,-0.0008,1,1,1,1
SEG038,2024-11-18 17:00:00,North,1.0,3.064,-0.0111,1,1,1,0
SEG038,2024-11-18 18:00:00,North,1.0,2.605,-0.0038,1,0,0,0
SEG038,2024-11-29 08:00:00,North,0.9904,1.916,-0.0092,1,0,0,0
SEG038,2024-12-18 15:00:00,North,1.0,4.078,-0.0026,1,1,1,0
SEG038,2024-12-27 15:00:00,North,1.0,4.256,-0.0108,1,1,1,1
SEG039,2024-01-17 20:00:00,South,1.0,4.367,-0.0188,1,1,1,1
SEG039,2024-01-26 19:00:00,South,1.0,4.48,-0.0035,1,1,1,1
SEG039,2024-03-07 08:00:00,South,1.0,2.736,-0.0026,1,0,0,0
SEG039,2024-08-07 12:00:00,South,1.0,3.924,-0.0092,1,1,1,1
SEG039,2024-08-12 15:00:00,South,1.0,4.264,-0.0158,1,1,1,1
SEG039,2024-12-21 17:00:00,South,1.0,3.596,-0.0022,1,1,1,1
SEG039,2024-12-27 14:00:00,South,1.0,3.693,-0.0094,1,1,1,1
SEG040,2024-01-01 17:00:00,South,1.0,1.814,-0.0012,1,0,0,0
SEG040,2024-01-04 08:00:00,South,0.974,1.312,-0.0054,1,0,0,0
SEG040,2024-01-04 14:00:00,South,1.0,2.858,-0.0118,1,0,0,1
SEG040,2024-02-02 07:00:00,South,1.0,1.82,-0.0025,1,0,0,1
SEG040,2024-02-02 10:00:00,South,1.0,3.22,-0.0064,1,1,1,1
SEG040,2024-02-07 18:00:00,South,1.0,1.863,-0.0003,1,0,0,1
SEG040,2024-02-14 08:00:00,South,1.0,1.703,-0.0031,1,0,0,1
SEG040,2024-02-14 17:00:00,South,0.9703,1.081,-0.005,1,0,0,0
SEG040,2024-02-28 17:00:00,South,1.0,1.395,-0.0049,1,0,0,0
SEG040,2024-02-28 18:00:00,South,1.0,1.863,-0.0044,1,0,0,1
SEG040,2024-02-29 16:00:00,South,1.0,2.443,-0.0458,1,0,0,1
SEG040,2024-03-07 16:00:00,South,1.0,2.443,-0.0115,1,0,0,1
SEG040,2024-03-07 18:00:00,South,1.0,1.989,-0.0359,1,0,0,0
SEG040,2024-03-08 07:00:00,South,1.0,1.82,-0.0008,1,0,0,0
SEG040,2024-03-17 13:00:00,South,1.0,6.179,-0.0022,1,1,1,1
SEG040,2024-03-18 12:00:00,South,1.0,3.36,-0.0084,1,1,1,1
SEG040,2024-03-20 00:00:00,South,1.0,6.412,-0.002,1,1,1,1
SEG040,2024-03-22 08:00:00,South,0.9587,0.821,-0.008,1,0,0,0
SEG040,2024-03-22 14:00:00,South,1.0,3.663,-0.0031,1,1,1,1
SEG040,2024-03-22 17:00:00,South,0.9965,1.293,-0.012,1,0,0,0
SEG040,2024-03-24 19:00:00,South,1.0,4.511,-0.0055,1,1,1,1
SEG040,2024-03-31 08:00:00,South,1.0,4.005,-0.0096,1,1,1,1
SEG040,2024-04-04 11:00:00,South,1.0,3.569,-0.0117,1,1,1,1
SEG040,2024-04-08 09:00:00,South,1.0,3.373,-0.0029,1,1,1,1
SEG040,2024-04-08 12:00:00,South,1.0,3.36,-0.0093,1,1,1,1
SEG040,2024-04-08 20:00:00,South,1.0,4.872,-0.0506,1,1,1,1
SEG040,2024-04-12 08:00:00,South,1.0,1.269,-0.0358,1,0,0,0
SEG040,2024-04-24 17:00:00,South,0.9701,1.078,-0.003,1,0,0,0
SEG040,2024-04-28 08:00:00,South,1.0,4.005,-0.0047,1,1,1,0
SEG040,2024-04-30 18:00:00,South,1.0,2.044,-0.003,1,0,0,0
SEG040,2024-04-30 21:00:00,South,1.0,4.359,-0.0093,1,1,1,1
SEG040,2024-05-02 07:00:00,South,1.0,2.37,-0.0055,1,0,0,1
SEG040,2024-05-02 08:00:00,South,1.0,1.644,-0.0386,1,0,0,0
SEG040,2024-05-10 17:00:00,South,1.0,1.338,-0.0001,1,0,0,1
SEG040,2024-05-11 17:00:00,South,1.0,3.328,-0.0058,1,1,1,1
SEG040,2024-05-13 17:00:00,South,0.9418,1.18,-0.0075,1,0,0,0
SEG040,2024-05-14 21:00:00,South,1.0,4.359,-0.0258,1,1,1,1
SEG040,2024-05-18 09:00:00,South,1.0,4.211,-0.0022,1,1,1,1
SEG040,2024-05-20 10:00:00,South,1.0,3.74,-0.0445,1,1,1,1
SEG040,2024-05-23 17:00:00,South,1.0,1.404,-0.0198,1,0,0,0
SEG040,2024-05-25 17:00:00,South,1.0,3.328,-0.0138,1,1,1,1
SEG040,2024-05-27 11:00:00,South,1.0,3.544,-0.047,1,1,1,1
SEG040,2024-05-30 17:00:00,South,1.0,1.404,-0.0138,1,0,0,1
SEG040,2024-06-01 15:00:00,South,1.0,5.316,-0.0019,1,1,1,1
SEG040,2024-06-05 17:00:00,South,1.0,1.395,-0.0318,1,0,0,1
SEG040,2024-06-07 06:00:00,South,1.0,3.147,-0.0248,1,1,1,1
SEG040,2024-06-15 22:00:00,South,0.9942,5.555,-0.0013,1,1,1,1
SEG040,2024-06-18 08:00:00,South,1.0,2.056,-0.0116,1,0,0,1
SEG040,2024-06-18 09:00:00,South,1.0,2.673,-0.0156,1,0,0,0
SEG040,2024-06-20 19:00:00,South,1.0,3.074,-0.0476,1,1,1,1
SEG040,2024-06-21 17:00:00,South,0.9751,1.017,-0.0014,1,0,0,0
SEG040,2024-06-21 18:00:00,South,1.0,1.621,-0.0206,1,0,0,1
SEG040,2024-06-21 19:00:00,South,1.0,3.05,-0.0007,1,1,1,0
SEG040,2024-06-24 15:00:00,South,1.0,3.934,-0.0597,1,1,1,1
SEG040,2024-06-30 18:00:00,South,1.0,4.397,-0.005,1,1,1,1
SEG040,2024-07-16 17:00:00,South,0.9994,1.653,-0.0064,1,0,0,0
SEG040,2024-07-17 18:00:00,South,0.9717,1.554,-0.0025,1,0,0,1
SEG040,2024-07-19 17:00:00,South,1.0,1.338,-0.0127,1,0,0,0
SEG040,2024-07-20 18:00:00,South,0.9457,2.766,-0.0021,1,0,0,1
SEG040,2024-07-23 08:00:00,South,1.0,2.056,-0.0084,1,0,0,0
SEG040,2024-08-02 08:00:00,South,1.0,1.269,-0.0045,1,0,0,1
SEG040,2024-08-05 17:00:00,South,1.0,1.814,-0.0041,1,0,0,0
SEG040,2024-08-06 09:00:00,South,1.0,2.673,-0.0076,1,0,0,0
SEG040,2024-08-07 08:00:00,South,0.928,0.931,-0.0004,1,0,0,0
SEG040,2024-08-09 08:00:00,South,1.0,1.269,-0.0087,1,0,0,0
SEG040,2024-08-14 17:00:00,South,1.0,1.395,-0.012,1,0,0,0
SEG040,2024-08-21 17:00:00,South,0.9917,1.307,-0.0616,1,0,0,0
SEG040,2024-08-28 17:00:00,South,1.0,1.395,-0.0272,1,0,0,0
SEG040,2024-08-30 15:00:00,South,1.0,3.233,-0.0064,1,1,1,1
SEG040,2024-09-09 08:00:00,South,1.0,1.773,-0.0459,1,0,0,1
SEG040,2024-09-19 19:00:00,South,0.9993,3.067,-0.0045,1,1,1,1
SEG040,2024-09-20 17:00:00,South,1.0,1.338,-0.0011,1,0,0,0
SEG040,2024-09-23 17:00:00,South,1.0,1.814,-0.0713,1,0,0,0
SEG040,2024-09-25 17:00:00,South,1.0,1.395,-0.0216,1,0,0,0
SEG040,2024-09-27 07:00:00,South,1.0,1.82,-0.0479,1,0,0,0
SEG040,2024-10-03 08:00:00,South,0.9609,1.145,-0.0023,1,0,0,0
SEG040,2024-10-07 08:00:00,South,1.0,1.773,-0.0134,1,0,0,0
SEG040,2024-10-08 16:00:00,South,1.0,2.439,-0.0668,1,0,0,1
SEG040,2024-10-10 17:00:00,South,1.0,1.404,-0.0003,1,0,0,0
SEG040,2024-10-14 16:00:00,South,1.0,2.614,-0.0056,1,0,0,1
SEG040,2024-10-15 23:00:00,South,1.0,6.226,-0.0094,1,1,1,1
SEG040,2024-10-18 08:00:00,South,1.0,1.269,-0.0041,1,0,0,0
SEG040,2024-10-25 17:00:00,South,0.9528,0.729,-0.0037,1,0,0,0
SEG040,2024-11-06 15:00:00,South,1.0,3.974,-0.0583,1,1,1,1
SEG040,2024-11-06 16:00:00,South,1.0,2.792,-0.0372,1,0,0,0
SEG040,2024-11-06 18:00:00,South,0.9842,1.691,-0.0073,1,0,0,0
SEG040,2024-11-08 09:00:00,South,1.0,1.914,-0.019,1,0,0,1
SEG040,2024-11-08 10:00:00,South,1.0,3.22,-0.0358,1,1,1,0
SEG040,2024-11-11 08:00:00,South,1.0,1.773,-0.0029,1,0,0,1
SEG040,2024-11-12 18:00:00,South,1.0,2.044,-0.0082,1,0,0,0
SEG040,2024-11-14 13:00:00,South,1.0,3.785,-0.0149,1,1,1,1
SEG040,2024-11-19 17:00:00,South,0.9982,1.64,-0.0207,1,0,0,0
SEG040,2024-11-21 17:00:00,South,1.0,1.404,-0.0236,1,0,0,0
SEG040,2024-11-22 15:00:00,South,1.0,3.233,-0.0091,1,1,1,1
SEG040,2024-11-22 18:00:00,South,0.9741,1.324,-0.044,1,0,0,0
SEG040,2024-11-27 08:00:00,South,1.0,1.703,-0.005,1,0,0,1
SEG040,2024-11-29 08:00:00,South,1.0,1.269,-0.014,1,0,0,0
SEG040,2024-11-30 11:00:00,South,1.0,4.327,-0.0061,1,1,1,1
SEG040,2024-12-03 17:00:00,South,0.9959,1.614,-0.0059,1,0,0,0
SEG040,2024-12-04 08:00:00,South,1.0,1.703,-0.051,1,0,0,0
SEG040,2024-12-05 14:00:00,South,1.0,2.858,-0.0138,1,0,0,1
SEG040,2024-12-12 17:00:00,South,1.0,1.404,-0.0423,1,0,0,0
SEG040,2024-12-13 17:00:00,South,1.0,1.338,-0.0189,1,0,0,0
SEG040,2024-12-17 08:00:00,South,0.9355,1.346,-0.0018,1,0,0,0
SEG040,2024-12-19 07:00:00,South,1.0,2.37,-0.0167,1,0,0,1
SEG040,2024-12-20 17:00:00,South,0.9931,1.249,-0.0065,1,0,0,0
SEG040,2024-12-23 18:00:00,South,1.0,2.177,-0.0514,1,0,0,1
SEG040,2024-12-27 08:00:00,South,0.9949,1.214,-0.0076,1,0,0,0
SEG040,2024-12-29 14:00:00,South,1.0,5.382,-0.0357,1,1,1,1
SEG041,2024-01-04 17:00:00,Central,1.0,4.508,-0.0386,1,1,1,1
SEG041,2024-02-02 12:00:00,Central,1.0,3.301,-0.0108,1,1,1,1
SEG041,2024-02-09 12:00:00,Central,1.0,3.301,-0.0069,1,1,1,1
SEG041,2024-02-16 10:00:00,Central,1.0,5.863,-0.0104,1,1,1,1
SEG041,2024-03-17 15:00:00,Central,1.0,4.859,-0.0423,1,1,1,1
SEG041,2024-03-17 18:00:00,Central,1.0,5.547,-0.0344,1,1,1,1
SEG041,2024-04-21 08:00:00,Central,1.0,6.041,-0.0028,1,1,1,1
SEG041,2024-04-27 07:00:00,Central,1.0,4.388,-0.0314,1,1,1,1
SEG041,2024-05-09 14:00:00,Central,1.0,5.524,-0.0686,1,1,1,1
SEG041,2024-05-13 19:00:00,Central,1.0,5.943,-0.0206,1,1,1,1
SEG041,2024-05-25 09:00:00,Central,1.0,5.863,-0.0065,1,1,1,1
SEG041,2024-06-21 18:00:00,Central,1.0,4.166,-0.0062,1,1,1,1
SEG041,2024-07-21 09:00:00,Central,0.9874,6.151,-0.0155,1,1,1,1
SEG041,2024-08-05 06:00:00,Central,1.0,6.039,-0.0383,1,1,1,1
SEG041,2024-08-12 17:00:00,Central,1.0,5.361,-0.0351,1,1,1,1
SEG041,2024-09-19 07:00:00,Central,1.0,4.551,-0.0205,1,1,1,1
SEG041,2024-10-09 07:00:00,Central,1.0,4.606,-0.0519,1,1,1,1
SEG041,2024-11-06 20:00:00,Central,1.0,5.765,-0.0009,1,1,1,1
SEG041,2024-11-19 15:00:00,Central,1.0,6.096,-0.0191,1,1,1,1
SEG041,2024-11-29 18:00:00,Central,1.0,4.166,-0.0341,1,1,1,1
SEG041,2024-12-04 07:00:00,Central,1.0,4.606,-0.0107,1,1,1,1
SEG041,2024-12-04 08:00:00,Central,1.0,4.777,-0.0287,1,1,1,0
SEG041,2024-12-29 12:00:00,Central,1.0,6.488,-0.02,1,1,1,1
SEG042,2024-01-19 06:00:00,West,1.0,4.584,-0.0913,1,1,1,1
SEG042,2024-01-23 20:00:00,West,1.0,5.879,-0.0916,1,1,1,1
SEG042,2024-01-25 18:00:00,West,1.0,4.821,-0.0959,1,1,1,1
SEG042,2024-01-25 19:00:00,West,0.8255,4.967,-0.0164,1,1,1,0
SEG042,2024-02-05 16:00:00,West,1.0,3.662,-0.0748,1,1,1,1
SEG042,2024-02-05 17:00:00,West,1.0,4.105,-0.0675,1,1,1,0
SEG042,2024-02-11 17:00:00,West,1.0,4.179,-0.0937,1,1,1,1
SEG042,2024-02-19 14:00:00,West,1.0,6.374,-0.0814,1,1,1,1
SEG042,2024-02-19 15:00:00,West,1.0,4.544,-0.0618,1,1,1,0
SEG042,2024-03-04 10:00:00,West,1.0,6.062,-0.0797,1,1,1,1
SEG042,2024-03-28 21:00:00,West,1.0,4.643,-0.0924,1,1,1,1
SEG042,2024-04-04 16:00:00,West,1.0,4.184,-0.0755,1,1,1,1
SEG042,2024-04-04 17:00:00,West,1.0,4.11,-0.0685,1,1,1,0
SEG042,2024-04-14 17:00:00,West,1.0,4.179,-0.0891,1,1,1,1
SEG042,2024-04-28 16:00:00,West,1.0,6.571,-0.0937,1,1,1,1
SEG042,2024-05-10 18:00:00,West,1.0,5.314,-0.0936,1,1,1,1
SEG042,2024-05-10 19:00:00,West,0.8792,5.103,-0.0502,1,1,1,0
SEG042,2024-05-22 17:00:00,West,1.0,3.411,-0.0859,1,1,1,1
SEG042,2024-05-22 18:00:00,West,1.0,4.654,-0.0588,1,1,1,0
SEG042,2024-05-27 06:00:00,West,1.0,4.578,-0.0632,1,1,1,1
SEG042,2024-05-27 07:00:00,West,1.0,3.802,-0.0793,1,1,1,0
SEG042,2024-06-09 07:00:00,West,1.0,6.404,-0.0864,1,1,1,1
SEG042,2024-06-09 08:00:00,West,0.778,3.38,-0.0156,1,1,1,0
SEG042,2024-06-27 05:00:00,West,0.8704,5.976,-0.0481,1,1,1,1
SEG042,2024-07-05 20:00:00,West,1.0,6.283,-0.0941,1,1,1,1
SEG042,2024-07-13 09:00:00,West,1.0,5.477,-0.0961,1,1,1,1
SEG042,2024-07-13 10:00:00,West,0.7304,5.156,-0.005,1,1,1,0
SEG042,2024-07-18 09:00:00,West,1.0,4.95,-0.0961,1,1,1,1
SEG042,2024-07-18 10:00:00,West,1.0,5.88,-0.067,1,1,1,1
SEG042,2024-07-30 09:00:00,West,1.0,5.466,-0.0941,1,1,1,1
SEG042,2024-07-30 10:00:00,West,0.8426,5.264,-0.0432,1,1,1,0
SEG042,2024-08-03 15:00:00,West,1.0,6.318,-0.0896,1,1,1,1
SEG042,2024-08-03 16:00:00,West,0.8841,5.828,-0.0162,1,1,1,0
SEG042,2024-08-07 11:00:00,West,1.0,6.138,-0.0765,1,1,1,1
SEG042,2024-08-18 19:00:00,West,1.0,6.363,-0.0941,1,1,1,1
SEG042,2024-09-03 12:00:00,West,1.0,5.95,-0.0941,1,1,1,1
SEG042,2024-09-05 21:00:00,West,1.0,4.643,-0.0891,1,1,1,1
SEG042,2024-09-16 06:00:00,West,1.0,4.578,-0.0856,1,1,1,1
SEG042,2024-09-16 07:00:00,West,0.9339,3.32,-0.054,1,1,1,0
SEG042,2024-09-18 12:00:00,West,1.0,5.541,-0.0898,1,1,1,1
SEG042,2024-09-22 14:00:00,West,1.0,6.61,-0.0948,1,1,1,1
SEG042,2024-09-23 16:00:00,West,1.0,3.662,-0.0936,1,1,1,1
SEG042,2024-09-23 17:00:00,West,1.0,4.105,-0.0664,1,1,1,0
SEG042,2024-09-28 18:00:00,West,1.0,5.676,-0.0824,1,1,1,1
SEG042,2024-09-29 08:00:00,West,1.0,5.105,-0.0951,1,1,1,1
SEG042,2024-10-02 14:00:00,West,1.0,6.023,-0.069,1,1,1,1
SEG042,2024-10-02 15:00:00,West,0.8515,5.011,-0.0225,1,1,1,0
SEG042,2024-10-02 17:00:00,West,0.9008,2.629,-0.0633,1,0,0,0
SEG042,2024-10-08 15:00:00,West,1.0,5.899,-0.0884,1,1,1,1
SEG042,2024-10-20 20:00:00,West,0.9498,6.19,-0.0701,1,1,1,1
SEG042,2024-11-01 11:00:00,West,1.0,6.046,-0.0718,1,1,1,1
SEG042,2024-11-01 12:00:00,West,0.9235,4.161,-0.0427,1,1,1,0
SEG042,2024-11-04 15:00:00,West,1.0,4.544,-0.0888,1,1,1,1
SEG042,2024-11-04 16:00:00,West,1.0,3.662,-0.0505,1,1,1,0
SEG042,2024-11-11 09:00:00,West,0.7528,4.22,-0.0325,1,1,1,1
SEG042,2024-11-13 16:00:00,West,1.0,5.096,-0.0677,1,1,1,1
SEG042,2024-11-13 17:00:00,West,1.0,3.411,-0.0851,1,1,1,0
SEG042,2024-11-13 18:00:00,West,0.8063,2.783,-0.0075,1,0,0,0
SEG042,2024-11-13 21:00:00,West,1.0,6.168,-0.0937,1,1,1,1
SEG042,2024-11-14 16:00:00,West,1.0,4.184,-0.0948,1,1,1,1
SEG042,2024-11-14 17:00:00,West,1.0,4.11,-0.0595,1,1,1,0
SEG042,2024-11-14 18:00:00,West,0.7993,2.711,-0.0045,1,0,0,0
SEG042,2024-11-16 06:00:00,West,1.0,6.193,-0.0815,1,1,1,1
SEG042,2024-11-19 21:00:00,West,1.0,5.829,-0.0746,1,1,1,1
SEG042,2024-11-21 12:00:00,West,1.0,5.974,-0.0937,1,1,1,1
SEG042,2024-11-21 13:00:00,West,0.8843,5.476,-0.0016,1,1,1,0
SEG042,2024-11-22 06:00:00,West,1.0,4.584,-0.0913,1,1,1,1
SEG042,2024-11-25 07:00:00,West,1.0,3.802,-0.0936,1,1,1,1
SEG042,2024-12-13 12:00:00,West,1.0,4.785,-0.0898,1,1,1,1
SEG042,2024-12-26 07:00:00,West,1.0,5.232,-0.0646,1,1,1,1
SEG042,2024-12-26 08:00:00,West,1.0,4.925,-0.0822,1,1,1,0
SEG043,2024-02-24 16:00:00,South,1.0,6.12,-0.0144,1,1,1,1
SEG043,2024-02-26 15:00:00,South,1.0,4.962,-0.0455,1,1,1,1
SEG043,2024-03-20 07:00:00,South,1.0,3.792,-0.0067,1,1,1,1
SEG043,2024-04-02 09:00:00,South,1.0,6.085,-0.0134,1,1,1,1
SEG043,2024-04-06 18:00:00,South,1.0,5.703,-0.0145,1,1,1,1
SEG043,2024-04-24 16:00:00,South,1.0,4.918,-0.0189,1,1,1,1
SEG043,2024-05-10 08:00:00,South,1.0,4.056,-0.0065,1,1,1,1
SEG043,2024-05-14 07:00:00,South,1.0,3.772,-0.0473,1,1,1,1
SEG043,2024-05-23 18:00:00,South,1.0,5.668,-0.0044,1,1,1,1
SEG043,2024-05-27 17:00:00,South,1.0,5.324,-0.0052,1,1,1,1
SEG043,2024-06-05 14:00:00,South,1.0,6.093,-0.0015,1,1,1,1
SEG043,2024-06-12 12:00:00,South,1.0,6.299,-0.0046,1,1,1,1
SEG043,2024-06-28 08:00:00,South,1.0,4.056,-0.0204,1,1,1,1
SEG043,2024-07-22 08:00:00,South,1.0,3.673,-0.0247,1,1,1,1
SEG043,2024-08-09 06:00:00,South,1.0,4.948,-0.0277,1,1,1,1
SEG043,2024-09-13 13:00:00,South,1.0,4.614,-0.0431,1,1,1,1
SEG043,2024-10-03 09:00:00,South,1.0,3.878,-0.0011,1,1,1,1
SEG043,2024-10-10 12:00:00,South,1.0,5.77,-0.0528,1,1,1,1
SEG043,2024-10-27 16:00:00,South,1.0,6.494,-0.004,1,1,1,1
SEG043,2024-11-11 21:00:00,South,1.0,6.358,-0.012,1,1,1,1
SEG043,2024-11-24 09:00:00,South,1.0,6.212,-0.0018,1,1,1,1
SEG043,2024-12-07 07:00:00,South,1.0,5.894,-0.0054,1,1,1,1
SEG043,2024-12-11 07:00:00,South,1.0,3.792,-0.004,1,1,1,1
SEG043,2024-12-12 21:00:00,South,1.0,6.401,-0.0017,1,1,1,1
SEG043,2024-12-16 08:00:00,South,1.0,3.673,-0.0029,1,1,1,1
SEG043,2024-12-19 09:00:00,South,1.0,3.878,-0.0176,1,1,1,1
SEG044,2024-01-02 18:00:00,Central,1.0,1.474,-0.0071,1,0,0,0
SEG044,2024-01-12 08:00:00,Central,0.9983,0.866,-0.0043,1,0,0,0
SEG044,2024-01-18 08:00:00,Central,1.0,1.102,-0.0037,1,0,0,0
SEG044,2024-01-19 08:00:00,Central,0.9784,0.571,-0.0032,1,0,0,0
SEG044,2024-01-30 18:00:00,Central,1.0,1.474,-0.0057,1,0,0,0
SEG044,2024-02-02 18:00:00,Central,1.0,0.939,-0.0005,1,0,0,1
SEG044,2024-02-06 09:00:00,Central,1.0,2.268,-0.0018,1,0,0,0
SEG044,2024-02-08 17:00:00,Central,0.9848,0.75,-0.0065,1,0,0,0
SEG044,2024-02-16 08:00:00,Central,1.0,0.892,-0.0012,1,0,0,1
SEG044,2024-02-21 17:00:00,Central,1.0,1.358,-0.001,1,0,0,0
SEG044,2024-02-22 17:00:00,Central,1.0,0.921,-0.001,1,0,0,0
SEG044,2024-02-22 18:00:00,Central,0.9993,1.593,-0.0036,1,0,0,0
SEG044,2024-02-27 07:00:00,Central,1.0,2.234,-0.0071,1,0,0,1
SEG044,2024-03-11 17:00:00,Central,0.9909,1.059,-0.007,1,0,0,0
SEG044,2024-03-16 16:00:00,Central,1.0,3.6,-0.001,1,1,1,1
SEG044,2024-03-21 17:00:00,Central,0.9766,0.657,-0.0134,1,0,0,0
SEG044,2024-03-22 17:00:00,Central,1.0,0.68,-0.0081,1,0,0,0
SEG044,2024-04-03 08:00:00,Central,1.0,1.156,-0.0181,1,0,0,0
SEG044,2024-04-09 17:00:00,Central,1.0,1.45,-0.0079,1,0,0,0
SEG044,2024-04-20 17:00:00,Central,1.0,2.463,-0.0039,1,0,0,1
SEG044,2024-04-23 08:00:00,Central,1.0,1.501,-0.004,1,0,0,0
SEG044,2024-04-26 16:00:00,Central,1.0,1.296,-0.0035,1,0,0,1
SEG044,2024-05-02 08:00:00,Central,1.0,1.102,-0.0086,1,0,0,0
SEG044,2024-05-06 16:00:00,Central,1.0,1.723,-0.016,1,0,0,0
SEG044,2024-05-06 18:00:00,Central,1.0,1.56,-0.0081,1,0,0,0
SEG044,2024-05-13 17:00:00,Central,1.0,1.174,-0.0099,1,0,0,0
SEG044,2024-05-14 08:00:00,Central,0.9524,0.913,-0.0005,1,0,0,0
SEG044,2024-05-23 17:00:00,Central,1.0,0.921,-0.0054,1,0,0,0
SEG044,2024-05-24 16:00:00,Central,0.9954,1.249,-0.0355,1,0,0,0
SEG044,2024-05-25 19:00:00,Central,1.0,3.032,-0.01,1,1,1,1
SEG044,2024-05-31 08:00:00,Central,0.9974,0.853,-0.0002,1,0,0,0
SEG044,2024-05-31 17:00:00,Central,1.0,0.68,-0.0017,1,0,0,1
SEG044,2024-06-06 07:00:00,Central,1.0,2.057,-0.0025,1,0,0,1
SEG044,2024-06-28 17:00:00,Central,0.9876,0.53,-0.0118,1,0,0,0
SEG044,2024-07-01 18:00:00,Central,1.0,1.56,-0.0014,1,0,0,1
SEG044,2024-07-03 08:00:00,Central,0.9891,1.048,-0.0088,1,0,0,0
SEG044,2024-07-05 08:00:00,Central,1.0,0.892,-0.0041,1,0,0,0
SEG044,2024-07-17 18:00:00,Central,1.0,1.525,-0.0362,1,0,0,0
SEG044,2024-07-18 08:00:00,Central,1.0,1.102,-0.0041,1,0,0,0
SEG044,2024-07-18 17:00:00,Central,1.0,0.921,-0.0066,1,0,0,0
SEG044,2024-07-22 17:00:00,Central,0.9947,1.107,-0.0083,1,0,0,0
SEG044,2024-07-26 08:00:00,Central,1.0,0.892,-0.0079,1,0,0,0
SEG044,2024-07-29 17:00:00,Central,1.0,1.174,-0.001,1,0,0,0
SEG044,2024-08-02 17:00:00,Central,1.0,0.68,-0.0037,1,0,0,0
SEG044,2024-08-06 18:00:00,Central,1.0,1.474,-0.0025,1,0,0,1
SEG044,2024-08-08 17:00:00,Central,0.9981,0.899,-0.0061,1,0,0,0
SEG044,2024-08-09 09:00:00,Central,1.0,1.498,-0.0124,1,0,0,0
SEG044,2024-08-09 18:00:00,Central,0.991,0.836,-0.0206,1,0,0,0
SEG044,2024-08-16 08:00:00,Central,1.0,0.892,-0.001,1,0,0,0
SEG044,2024-08-23 08:00:00,Central,1.0,0.892,-0.0034,1,0,0,0
SEG044,2024-08-30 08:00:00,Central,0.9958,0.829,-0.0024,1,0,0,0
SEG044,2024-08-30 09:00:00,Central,0.9964,1.468,-0.0164,1,0,0,0
SEG044,2024-09-05 12:00:00,Central,1.0,2.928,-0.007,1,0,0,0
SEG044,2024-09-18 17:00:00,Central,1.0,1.358,-0.0041,1,0,0,0
SEG044,2024-09-19 17:00:00,Central,1.0,0.921,-0.0061,1,0,0,0
SEG044,2024-10-01 19:00:00,Central,1.0,2.206,-0.0079,1,0,0,0
SEG044,2024-10-03 18:00:00,Central,0.9938,1.527,-0.01,1,0,0,0
SEG044,2024-10-17 08:00:00,Central,1.0,1.102,-0.0041,1,0,0,0
SEG044,2024-10-30 17:00:00,Central,1.0,1.358,-0.0057,1,0,0,0
SEG044,2024-10-30 18:00:00,Central,0.9831,1.338,-0.0032,1,0,0,0
SEG044,2024-11-04 17:00:00,Central,1.0,1.174,-0.0127,1,0,0,0
SEG044,2024-11-07 17:00:00,Central,1.0,0.921,-0.0038,1,0,0,0
SEG044,2024-11-11 17:00:00,Central,1.0,1.174,-0.0025,1,0,0,0
SEG044,2024-12-05 08:00:00,Central,0.981,0.855,-0.0109,1,0,0,0
SEG044,2024-12-12 17:00:00,Central,1.0,0.921,-0.0079,1,0,0,0
SEG044,2024-12-18 08:00:00,Central,0.9551,0.711,-0.0032,1,0,0,0
SEG044,2024-12-19 17:00:00,Central,1.0,0.921,-0.0014,1,0,0,0
SEG044,2024-12-23 08:00:00,Central,0.9958,1.376,-0.0024,1,0,0,0
SEG044,2024-12-27 16:00:00,Central,0.9648,0.937,-0.0247,1,0,0,0
SEG044,2024-12-30 08:00:00,Central,1.0,1.428,-0.0092,1,0,0,1
SEG044,2024-12-30 18:00:00,Central,0.9837,1.383,-0.0028,1,0,0,0
SEG045,2024-01-18 16:00:00,East,1.0,5.135,-0.001,1,1,1,1
SEG045,2024-01-18 17:00:00,East,1.0,4.623,-0.0099,1,1,1,0
SEG045,2024-01-28 14:00:00,East,1.0,4.758,-0.0089,1,1,1,1
SEG045,2024-01-31 05:00:00,East,0.8981,6.414,-0.027,1,1,1,1
SEG045,2024-02-10 09:00:00,East,1.0,4.347,-0.0213,1,1,1,1
SEG045,2024-02-21 11:00:00,East,1.0,5.814,-0.0525,1,1,1,1
SEG045,2024-02-23 09:00:00,East,1.0,3.985,-0.0188,1,1,1,1
SEG045,2024-02-24 19:00:00,East,1.0,4.136,-0.0099,1,1,1,1
SEG045,2024-02-28 17:00:00,East,1.0,4.084,-0.0116,1,1,1,1
SEG045,2024-03-11 20:00:00,East,1.0,5.557,-0.0101,1,1,1,1
SEG045,2024-03-15 17:00:00,East,1.0,4.151,-0.0511,1,1,1,1
SEG045,2024-03-15 18:00:00,East,1.0,4.395,-0.0194,1,1,1,0
SEG045,2024-04-20 14:00:00,East,1.0,6.08,-0.056,1,1,1,1
SEG045,2024-04-21 16:00:00,East,1.0,6.112,-0.0099,1,1,1,1
SEG045,2024-05-08 16:00:00,East,1.0,5.405,-0.01,1,1,1,1
SEG045,2024-05-31 08:00:00,East,1.0,4.067,-0.0616,1,1,1,1
SEG045,2024-05-31 09:00:00,East,1.0,3.985,-0.0469,1,1,1,0
SEG045,2024-06-01 07:00:00,East,1.0,5.343,-0.0011,1,1,1,1
SEG045,2024-06-13 13:00:00,East,1.0,5.482,-0.0021,1,1,1,1
SEG045,2024-07-05 15:00:00,East,1.0,5.36,-0.0014,1,1,1,1
SEG045,2024-07-15 22:00:00,East,1.0,6.211,-0.0435,1,1,1,1
SEG045,2024-07-20 17:00:00,East,1.0,5.39,-0.0196,1,1,1,1
SEG045,2024-08-01 18:00:00,East,1.0,5.211,-0.0252,1,1,1,1
SEG045,2024-08-01 19:00:00,East,0.9121,5.834,-0.0213,1,1,1,0
SEG045,2024-08-02 19:00:00,East,1.0,4.831,-0.0609,1,1,1,1
SEG045,2024-08-26 18:00:00,East,1.0,4.474,-0.0459,1,1,1,1
SEG045,2024-08-28 20:00:00,East,1.0,5.862,-0.0072,1,1,1,1
SEG045,2024-09-07 19:00:00,East,1.0,4.136,-0.0352,1,1,1,1
SEG045,2024-10-01 19:00:00,East,1.0,5.702,-0.0362,1,1,1,1
SEG045,2024-10-03 09:00:00,East,1.0,4.602,-0.0527,1,1,1,1
SEG045,2024-10-11 22:00:00,East,1.0,6.543,-0.013,1,1,1,1
SEG045,2024-11-17 14:00:00,East,1.0,4.758,-0.009,1,1,1,1
SEG045,2024-11-25 19:00:00,East,1.0,4.414,-0.0609,1,1,1,1
SEG045,2024-12-02 14:00:00,East,1.0,4.497,-0.0092,1,1,1,1
SEG045,2024-12-15 10:00:00,East,1.0,6.21,-0.0174,1,1,1,1
SEG045,2024-12-27 11:00:00,East,1.0,5.456,-0.0099,1,1,1,1
SEG046,2024-01-01 08:00:00,East,0.9331,0.869,-0.0606,1,0,0,0
SEG046,2024-01-01 17:00:00,East,1.0,1.284,-0.0618,1,0,0,0
SEG046,2024-01-02 17:00:00,East,0.9372,0.593,-0.0556,1,0,0,0
SEG046,2024-01-02 18:00:00,East,0.9116,0.643,-0.0383,1,0,0,0
SEG046,2024-01-04 06:00:00,East,0.8614,4.061,-0.0173,1,1,1,0
SEG046,2024-01-04 07:00:00,East,0.9835,1.712,-0.0496,1,0,0,0
SEG046,2024-01-04 08:00:00,East,0.9717,0.881,-0.0143,1,0,0,0
SEG046,2024-01-04 17:00:00,East,0.8585,-0.508,-0.0227,1,0,0,0
SEG046,2024-01-04 18:00:00,East,0.9888,1.577,-0.0792,1,0,0,0
SEG046,2024-01-05 07:00:00,East,0.8669,0.234,-0.0306,1,0,0,0
SEG046,2024-01-05 08:00:00,East,0.9382,0.181,-0.0491,1,0,0,0
SEG046,2024-01-05 17:00:00,East,0.9368,-0.075,-0.0577,1,0,0,0
SEG046,2024-01-08 08:00:00,East,0.9211,0.731,-0.0686,1,0,0,0
SEG046,2024-01-08 12:00:00,East,0.9773,3.235,-0.0715,1,1,1,1
SEG046,2024-01-08 16:00:00,East,0.9558,1.927,-0.0035,1,0,0,1
SEG046,2024-01-08 17:00:00,East,0.9146,0.18,-0.0162,1,0,0,0
SEG046,2024-01-09 17:00:00,East,0.8424,-0.792,-0.0087,1,0,0,0
SEG046,2024-01-10 07:00:00,East,0.8073,0.476,-0.0328,1,0,0,0
SEG046,2024-01-10 08:00:00,East,0.9055,0.234,-0.022,1,0,0,0
SEG046,2024-01-10 17:00:00,East,0.9504,0.545,-0.0401,1,0,0,0
SEG046,2024-01-11 08:00:00,East,0.9334,0.449,-0.0699,1,0,0,0
SEG046,2024-01-11 17:00:00,East,0.7979,-1.273,-0.0237,1,0,0,0
SEG046,2024-01-12 16:00:00,East,1.0,1.515,-0.0903,1,0,0,1
SEG046,2024-01-12 17:00:00,East,1.0,0.887,-0.0772,1,0,0,0
SEG046,2024-01-12 18:00:00,East,1.0,1.196,-0.0799,1,0,0,0
SEG046,2024-01-15 08:00:00,East,0.9213,0.733,-0.0242,1,0,0,0
SEG046,2024-01-15 15:00:00,East,1.0,3.335,-0.0287,1,1,1,1
SEG046,2024-01-16 08:00:00,East,0.7611,-0.977,-0.0167,1,0,0,0
SEG046,2024-01-16 17:00:00,East,0.9746,1.139,-0.0716,1,0,0,0
SEG046,2024-01-17 17:00:00,East,0.9627,0.696,-0.0386,1,0,0,0
SEG046,2024-01-17 18:00:00,East,0.9301,0.826,-0.0171,1,0,0,0
SEG046,2024-01-18 07:00:00,East,0.9066,0.912,-0.0313,1,0,0,0
SEG046,2024-01-18 08:00:00,East,0.9564,0.708,-0.0596,1,0,0,0
SEG046,2024-01-18 17:00:00,East,0.8451,-0.677,-0.0144,1,0,0,0
SEG046,2024-01-19 07:00:00,East,1.0,1.68,-0.061,1,0,0,1
SEG046,2024-01-19 08:00:00,East,1.0,0.959,-0.0831,1,0,0,0
SEG046,2024-01-19 09:00:00,East,1.0,2.238,-0.0458,1,0,0,0
SEG046,2024-01-19 17:00:00,East,0.9074,-0.522,-0.0681,1,0,0,0
SEG046,2024-01-19 18:00:00,East,0.9439,0.503,-0.0195,1,0,0,0
SEG046,2024-01-20 08:00:00,East,0.8639,1.341,-0.014,1,0,0,0
SEG046,2024-01-22 08:00:00,East,0.8256,-0.373,-0.0069,1,0,0,0
SEG046,2024-01-23 06:00:00,East,1.0,4.746,-0.06,1,1,1,1
SEG046,2024-01-23 16:00:00,East,0.9167,1.18,-0.0451,1,0,0,0
SEG046,2024-01-23 17:00:00,East,0.8792,-0.254,-0.058,1,0,0,0
SEG046,2024-01-24 08:00:00,East,0.8224,-0.959,-0.018,1,0,0,0
SEG046,2024-01-24 18:00:00,East,0.8754,0.216,-0.0459,1,0,0,0
SEG046,2024-01-25 17:00:00,East,1.0,1.278,-0.0774,1,0,0,0
SEG046,2024-01-26 17:00:00,East,0.9114,-0.461,-0.0421,1,0,0,0
SEG046,2024-01-26 18:00:00,East,0.8955,-0.094,-0.0055,1,0,0,0
SEG046,2024-01-29 08:00:00,East,0.8921,0.396,-0.0244,1,0,0,0
SEG046,2024-01-29 09:00:00,East,1.0,2.803,-0.0941,1,0,0,1
SEG046,2024-01-29 17:00:00,East,0.9043,0.047,-0.0531,1,0,0,0
SEG046,2024-01-30 07:00:00,East,1.0,2.059,-0.0672,1,0,0,1
SEG046,2024-01-30 08:00:00,East,0.8407,-0.154,-0.0207,1,0,0,0
SEG046,2024-01-30 17:00:00,East,0.9204,0.347,-0.0056,1,0,0,0
SEG046,2024-01-31 08:00:00,East,0.9081,0.271,-0.0315,1,0,0,0
SEG046,2024-01-31 16:00:00,East,0.8132,0.184,-0.0436,1,0,0,0
SEG046,2024-02-01 17:00:00,East,1.0,1.278,-0.0782,1,0,0,0
SEG046,2024-02-01 18:00:00,East,0.9462,1.099,-0.0651,1,0,0,0
SEG046,2024-02-02 07:00:00,East,0.8767,0.34,-0.0156,1,0,0,0
SEG046,2024-02-02 08:00:00,East,1.0,0.959,-0.0758,1,0,0,1
SEG046,2024-02-02 17:00:00,East,0.7957,-2.221,-0.014,1,0,0,0
SEG046,2024-02-05 17:00:00,East,0.9481,0.613,-0.052,1,0,0,0
SEG046,2024-02-06 16:00:00,East,0.9404,1.408,-0.0191,1,0,0,0
SEG046,2024-02-06 17:00:00,East,0.8697,-0.393,-0.041,1,0,0,0
SEG046,2024-02-07 07:00:00,East,0.8744,1.324,-0.0056,1,0,0,0
SEG046,2024-02-07 08:00:00,East,0.9139,0.354,-0.0291,1,0,0,0
SEG046,2024-02-08 17:00:00,East,0.963,0.811,-0.0338,1,0,0,0
SEG046,2024-02-08 18:00:00,East,0.8861,0.425,-0.0462,1,0,0,0
SEG046,2024-02-09 08:00:00,East,0.8464,-0.974,-0.0227,1,0,0,0
SEG046,2024-02-09 16:00:00,East,0.8914,0.507,-0.031,1,0,0,0
SEG046,2024-02-09 17:00:00,East,0.9991,0.873,-0.0682,1,0,0,0
SEG046,2024-02-09 18:00:00,East,0.9125,0.116,-0.0136,1,0,0,0
SEG046,2024-02-12 18:00:00,East,0.9279,0.794,-0.0427,1,0,0,0
SEG046,2024-02-13 17:00:00,East,0.9217,0.366,-0.0334,1,0,0,0
SEG046,2024-02-14 08:00:00,East,0.8908,0.023,-0.0304,1,0,0,0
SEG046,2024-02-14 17:00:00,East,1.0,1.154,-0.0401,1,0,0,0
SEG046,2024-02-14 18:00:00,East,0.8783,0.248,-0.034,1,0,0,0
SEG046,2024-02-15 08:00:00,East,0.8477,-0.515,-0.0189,1,0,0,0
SEG046,2024-02-15 16:00:00,East,0.8075,-0.077,-0.0034,1,0,0,0
SEG046,2024-02-15 17:00:00,East,0.8397,-0.745,-0.0047,1,0,0,0
SEG046,2024-02-16 07:00:00,East,0.8942,0.53,-0.0246,1,0,0,0
SEG046,2024-02-16 08:00:00,East,0.9298,0.076,-0.0562,1,0,0,0
SEG046,2024-02-16 17:00:00,East,0.8159,-1.914,-0.0489,1,0,0,0
SEG046,2024-02-16 18:00:00,East,1.0,1.196,-0.0621,1,0,0,0
SEG046,2024-02-18 17:00:00,East,1.0,4.587,-0.0917,1,1,1,1
SEG046,2024-02-19 08:00:00,East,0.8912,0.385,-0.023,1,0,0,0
SEG046,2024-02-19 12:00:00,East,1.0,3.453,-0.0734,1,1,1,1
SEG046,2024-02-20 08:00:00,East,0.8334,-0.229,-0.0209,1,0,0,0
SEG046,2024-02-20 09:00:00,East,1.0,2.539,-0.05,1,0,0,1
SEG046,2024-02-20 16:00:00,East,0.9188,1.2,-0.0291,1,0,0,0
SEG046,2024-02-20 17:00:00,East,0.8798,-0.246,-0.0255,1,0,0,0
SEG046,2024-02-20 18:00:00,East,0.8368,-0.202,-0.0227,1,0,0,0
SEG046,2024-02-21 07:00:00,East,0.8904,1.526,-0.0643,1,0,0,0
SEG046,2024-02-21 08:00:00,East,0.8642,-0.359,-0.0089,1,0,0,0
SEG046,2024-02-21 16:00:00,East,0.7829,-0.109,-0.0146,1,0,0,0
SEG046,2024-02-21 17:00:00,East,0.8856,-0.249,-0.0047,1,0,0,0
SEG046,2024-02-22 07:00:00,East,0.9157,1.007,-0.0425,1,0,0,0
SEG046,2024-02-22 08:00:00,East,0.895,0.017,-0.0349,1,0,0,0
SEG046,2024-02-22 16:00:00,East,0.8878,0.749,-0.0634,1,0,0,0
SEG046,2024-02-22 17:00:00,East,0.9805,1.032,-0.079,1,0,0,0
SEG046,2024-02-22 18:00:00,East,0.86,0.132,-0.0509,1,0,0,0
SEG046,2024-02-23 08:00:00,East,0.9168,-0.088,-0.0366,1,0,0,0
SEG046,2024-02-23 09:00:00,East,0.8303,0.417,-0.0072,1,0,0,0
SEG046,2024-02-23 17:00:00,East,0.8956,-0.702,-0.0463,1,0,0,0
SEG046,2024-02-23 18:00:00,East,0.9465,0.536,-0.064,1,0,0,0
SEG046,2024-02-27 08:00:00,East,0.8392,-0.169,-0.0087,1,0,0,0
SEG046,2024-02-27 18:00:00,East,0.8275,-0.307,-0.0079,1,0,0,0
SEG046,2024-02-28 08:00:00,East,0.904,0.212,-0.0105,1,0,0,0
SEG046,2024-02-28 17:00:00,East,0.9731,0.824,-0.0338,1,0,0,0
SEG046,2024-02-28 18:00:00,East,0.8855,0.328,-0.0329,1,0,0,0
SEG046,2024-02-29 07:00:00,East,0.8564,0.39,-0.014,1,0,0,0
SEG046,2024-02-29 08:00:00,East,1.0,1.199,-0.0782,1,0,0,0
SEG046,2024-02-29 09:00:00,East,0.8793,1.144,-0.0328,1,0,0,0
SEG046,2024-02-29 18:00:00,East,0.8383,-0.111,-0.0079,1,0,0,0
SEG046,2024-03-01 08:00:00,East,1.0,0.959,-0.0651,1,0,0,0
SEG046,2024-03-01 16:00:00,East,1.0,1.515,-0.0804,1,0,0,1
SEG046,2024-03-01 17:00:00,East,0.8865,-0.84,-0.0569,1,0,0,0
SEG046,2024-03-01 18:00:00,East,0.9058,0.033,-0.0483,1,0,0,0
SEG046,2024-03-04 18:00:00,East,0.9393,0.913,-0.0727,1,0,0,0
SEG046,2024-03-05 17:00:00,East,0.8235,-1.068,-0.0021,1,0,0,0
SEG046,2024-03-05 18:00:00,East,0.8321,-0.255,-0.0216,1,0,0,0
SEG046,2024-03-05 21:00:00,East,1.0,5.079,-0.0642,1,1,1,1
SEG046,2024-03-06 08:00:00,East,1.0,1.59,-0.0489,1,0,0,0
SEG046,2024-03-06 16:00:00,East,0.891,0.937,-0.0149,1,0,0,0
SEG046,2024-03-06 18:00:00,East,1.0,1.605,-0.0748,1,0,0,0
SEG046,2024-03-07 07:00:00,East,0.9211,1.063,-0.0397,1,0,0,0
SEG046,2024-03-07 08:00:00,East,0.9107,0.194,-0.0477,1,0,0,0
SEG046,2024-03-08 07:00:00,East,0.8484,0.033,-0.0135,1,0,0,0
SEG046,2024-03-08 17:00:00,East,0.9332,-0.13,-0.0323,1,0,0,0
SEG046,2024-03-08 18:00:00,East,0.9078,0.058,-0.0518,1,0,0,0
SEG046,2024-03-09 14:00:00,East,1.0,5.16,-0.0584,1,1,1,1
SEG046,2024-03-09 15:00:00,East,1.0,5.237,-0.0708,1,1,1,0
SEG046,2024-03-11 08:00:00,East,0.937,0.915,-0.0738,1,0,0,0
SEG046,2024-03-11 09:00:00,East,0.7795,0.541,-0.003,1,0,0,0
SEG046,2024-03-12 16:00:00,East,0.8234,0.282,-0.0266,1,0,0,0
SEG046,2024-03-13 08:00:00,East,1.0,1.59,-0.0765,1,0,0,0
SEG046,2024-03-13 15:00:00,East,1.0,3.904,-0.0767,1,1,1,1
SEG046,2024-03-13 16:00:00,East,1.0,1.991,-0.0669,1,0,0,0
SEG046,2024-03-13 17:00:00,East,0.9001,-0.071,-0.0266,1,0,0,0
SEG046,2024-03-14 08:00:00,East,0.9992,1.19,-0.0745,1,0,0,0
SEG046,2024-03-14 17:00:00,East,0.8671,-0.4,-0.0138,1,0,0,0
SEG046,2024-03-18 17:00:00,East,0.8166,-1.087,-0.0166,1,0,0,0
SEG046,2024-03-19 07:00:00,East,0.8872,0.964,-0.0298,1,0,0,0
SEG046,2024-03-19 17:00:00,East,0.8843,-0.18,-0.0076,1,0,0,0
SEG046,2024-03-20 07:00:00,East,0.8479,0.989,-0.0222,1,0,0,0
SEG046,2024-03-20 08:00:00,East,1.0,1.59,-0.0782,1,0,0,0
SEG046,2024-03-21 07:00:00,East,0.905,0.895,-0.0323,1,0,0,0
SEG046,2024-03-21 16:00:00,East,0.9427,1.314,-0.0206,1,0,0,0
SEG046,2024-03-21 18:00:00,East,0.81,-0.429,-0.0134,1,0,0,0
SEG046,2024-03-22 08:00:00,East,0.9173,-0.082,-0.0814,1,0,0,0
SEG046,2024-03-22 16:00:00,East,1.0,1.515,-0.0819,1,0,0,0
SEG046,2024-03-22 17:00:00,East,0.9731,0.477,-0.0301,1,0,0,0
SEG046,2024-03-22 18:00:00,East,0.977,0.912,-0.052,1,0,0,0
SEG046,2024-03-25 18:00:00,East,0.8981,0.484,-0.0037,1,0,0,0
SEG046,2024-03-26 17:00:00,East,0.9189,0.325,-0.077,1,0,0,0
SEG046,2024-03-26 18:00:00,East,0.9892,1.52,-0.0503,1,0,0,0
SEG046,2024-03-27 10:00:00,East,1.0,3.213,-0.0559,1,1,1,1
SEG046,2024-03-27 11:00:00,East,1.0,3.737,-0.0856,1,1,1,0
SEG046,2024-03-27 12:00:00,East,1.0,2.931,-0.0783,1,0,0,0
SEG046,2024-03-27 18:00:00,East,0.9475,1.02,-0.0609,1,0,0,0
SEG046,2024-03-28 07:00:00,East,0.859,0.417,-0.027,1,0,0,0
SEG046,2024-03-28 17:00:00,East,0.974,0.95,-0.0713,1,0,0,0
SEG046,2024-03-29 07:00:00,East,0.9141,0.747,-0.0674,1,0,0,0
SEG046,2024-03-29 13:00:00,East,1.0,3.65,-0.0665,1,1,1,1
SEG046,2024-03-29 14:00:00,East,0.8851,2.732,-0.031,1,0,0,0
SEG046,2024-03-29 16:00:00,East,1.0,1.515,-0.0851,1,0,0,1
SEG046,2024-03-29 17:00:00,East,1.0,0.887,-0.0811,1,0,0,0
SEG046,2024-03-29 18:00:00,East,0.9672,0.791,-0.0735,1,0,0,0
SEG046,2024-03-30 07:00:00,East,1.0,3.297,-0.0824,1,1,1,1
SEG046,2024-03-30 08:00:00,East,1.0,2.699,-0.0813,1,0,0,0
SEG046,2024-04-01 08:00:00,East,0.7991,-0.679,-0.0278,1,0,0,0
SEG046,2024-04-01 15:00:00,East,1.0,3.335,-0.0772,1,1,1,1
SEG046,2024-04-01 16:00:00,East,1.0,2.387,-0.0712,1,0,0,0
SEG046,2024-04-01 17:00:00,East,1.0,1.284,-0.0804,1,0,0,0
SEG046,2024-04-01 18:00:00,East,0.9538,1.064,-0.0455,1,0,0,0
SEG046,2024-04-02 08:00:00,East,0.8949,0.407,-0.0102,1,0,0,0
SEG046,2024-04-03 08:00:00,East,0.9169,0.397,-0.033,1,0,0,0
SEG046,2024-04-03 13:00:00,East,1.0,3.135,-0.0623,1,1,1,1
SEG046,2024-04-03 14:00:00,East,0.9346,3.008,-0.0617,1,1,1,0
SEG046,2024-04-03 17:00:00,East,0.8554,-0.619,-0.0213,1,0,0,0
SEG046,2024-04-04 16:00:00,East,0.9042,0.918,-0.0503,1,0,0,0
SEG046,2024-04-04 17:00:00,East,0.8478,-0.643,-0.0354,1,0,0,0
SEG046,2024-04-05 08:00:00,East,0.8287,-1.197,-0.0204,1,0,0,0
SEG046,2024-04-08 17:00:00,East,1.0,1.284,-0.075,1,0,0,0
SEG046,2024-04-08 18:00:00,East,0.9854,1.393,-0.0796,1,0,0,0
SEG046,2024-04-09 07:00:00,East,0.8999,1.087,-0.0312,1,0,0,0
SEG046,2024-04-09 08:00:00,East,0.9861,1.351,-0.0344,1,0,0,0
SEG046,2024-04-09 17:00:00,East,0.8822,-0.211,-0.0089,1,0,0,0
SEG046,2024-04-10 16:00:00,East,0.8738,0.77,-0.0493,1,0,0,0
SEG046,2024-04-11 11:00:00,East,1.0,3.405,-0.0545,1,1,1,1
SEG046,2024-04-11 17:00:00,East,0.798,-1.272,-0.0084,1,0,0,0
SEG046,2024-04-12 08:00:00,East,1.0,0.959,-0.074,1,0,0,0
SEG046,2024-04-12 17:00:00,East,0.9516,0.15,-0.0694,1,0,0,0
SEG046,2024-04-12 18:00:00,East,0.8911,-0.148,-0.016,1,0,0,0
SEG046,2024-04-12 19:00:00,East,1.0,2.993,-0.0345,1,0,0,1
SEG046,2024-04-12 20:00:00,East,0.869,3.543,-0.0385,1,1,1,0
SEG046,2024-04-15 08:00:00,East,0.8994,0.48,-0.008,1,0,0,0
SEG046,2024-04-15 17:00:00,East,0.8971,-0.046,-0.0565,1,0,0,0
SEG046,2024-04-17 08:00:00,East,0.831,-0.835,-0.0174,1,0,0,0
SEG046,2024-04-17 13:00:00,East,1.0,3.135,-0.0897,1,1,1,1
SEG046,2024-04-17 14:00:00,East,1.0,3.631,-0.072,1,1,1,0
SEG046,2024-04-17 16:00:00,East,0.8491,0.531,-0.0562,1,0,0,0
SEG046,2024-04-17 17:00:00,East,0.8948,-0.136,-0.0082,1,0,0,0
SEG046,2024-04-17 18:00:00,East,0.8908,0.388,-0.028,1,0,0,0
SEG046,2024-04-18 09:00:00,East,0.8598,0.952,-0.0042,1,0,0,0
SEG046,2024-04-19 06:00:00,East,0.9351,3.088,-0.0373,1,1,1,0
SEG046,2024-04-19 07:00:00,East,1.0,1.68,-0.0665,1,0,0,0
SEG046,2024-04-19 08:00:00,East,1.0,0.959,-0.0452,1,0,0,0
SEG046,2024-04-19 09:00:00,East,0.8827,0.98,-0.0288,1,0,0,0
SEG046,2024-04-19 17:00:00,East,1.0,0.887,-0.075,1,0,0,0
SEG046,2024-04-22 17:00:00,East,1.0,1.284,-0.0816,1,0,0,1
SEG046,2024-04-23 18:00:00,East,0.8613,0.075,-0.0568,1,0,0,0
SEG046,2024-04-24 16:00:00,East,1.0,1.991,-0.0524,1,0,0,1
SEG046,2024-04-24 17:00:00,East,1.0,1.154,-0.0773,1,0,0,0
SEG046,2024-04-24 18:00:00,East,1.0,1.605,-0.062,1,0,0,0
SEG046,2024-04-25 07:00:00,East,0.8762,0.596,-0.0461,1,0,0,0
SEG046,2024-04-25 08:00:00,East,0.8159,-0.873,-0.0112,1,0,0,0
SEG046,2024-04-25 17:00:00,East,0.8746,-0.305,-0.0318,1,0,0,0
SEG046,2024-04-26 08:00:00,East,0.9491,0.319,-0.0501,1,0,0,0
SEG046,2024-04-26 09:00:00,East,0.8041,0.136,-0.0073,1,0,0,0
SEG046,2024-04-26 16:00:00,East,0.8657,0.268,-0.0263,1,0,0,0
SEG046,2024-04-26 17:00:00,East,0.9825,0.62,-0.0546,1,0,0,0
SEG046,2024-04-26 18:00:00,East,0.9337,0.378,-0.0525,1,0,0,0
SEG046,2024-04-27 19:00:00,East,1.0,3.445,-0.0698,1,1,1,1
SEG046,2024-04-29 07:00:00,East,0.8097,0.621,-0.0231,1,0,0,0
SEG046,2024-04-29 17:00:00,East,0.8764,-0.314,-0.0531,1,0,0,0
SEG046,2024-04-29 18:00:00,East,0.8939,0.44,-0.001,1,0,0,0
SEG046,2024-04-30 07:00:00,East,0.836,0.466,-0.0218,1,0,0,0
SEG046,2024-04-30 08:00:00,East,0.9133,0.598,-0.0204,1,0,0,0
SEG046,2024-04-30 16:00:00,East,0.8978,0.998,-0.0026,1,0,0,0
SEG046,2024-04-30 17:00:00,East,0.8046,-1.344,-0.0064,1,0,0,0
SEG046,2024-04-30 18:00:00,East,1.0,1.642,-0.0762,1,0,0,0
SEG046,2024-05-01 17:00:00,East,0.8655,-0.496,-0.0351,1,0,0,0
SEG046,2024-05-02 07:00:00,East,1.0,1.884,-0.0429,1,0,0,1
SEG046,2024-05-02 08:00:00,East,1.0,1.199,-0.0678,1,0,0,0
SEG046,2024-05-02 09:00:00,East,1.0,2.333,-0.0644,1,0,0,0
SEG046,2024-05-02 17:00:00,East,0.886,-0.161,-0.0475,1,0,0,0
SEG046,2024-05-03 17:00:00,East,1.0,0.887,-0.075,1,0,0,0
SEG046,2024-05-03 18:00:00,East,0.8635,-0.489,-0.0439,1,0,0,0
SEG046,2024-05-06 18:00:00,East,0.8721,0.213,-0.0063,1,0,0,0
SEG046,2024-05-07 17:00:00,East,0.9621,0.956,-0.0565,1,0,0,0
SEG046,2024-05-08 18:00:00,East,0.9048,0.544,-0.0201,1,0,0,0
SEG046,2024-05-09 07:00:00,East,0.8493,0.316,-0.0535,1,0,0,0
SEG046,2024-05-09 08:00:00,East,0.9045,0.124,-0.0175,1,0,0,0
SEG046,2024-05-09 16:00:00,East,0.8433,0.292,-0.0197,1,0,0,0
SEG046,2024-05-10 08:00:00,East,1.0,0.959,-0.0819,1,0,0,0
SEG046,2024-05-10 16:00:00,East,1.0,1.515,-0.0801,1,0,0,0
SEG046,2024-05-10 17:00:00,East,1.0,0.887,-0.0682,1,0,0,0
SEG046,2024-05-10 18:00:00,East,0.9431,0.494,-0.0326,1,0,0,0
SEG046,2024-05-11 18:00:00,East,0.8034,1.092,-0.0166,1,0,0,0
SEG046,2024-05-13 08:00:00,East,0.8934,0.411,-0.0462,1,0,0,0
SEG046,2024-05-13 16:00:00,East,1.0,2.387,-0.0664,1,0,0,0
SEG046,2024-05-13 17:00:00,East,0.9237,0.297,-0.0423,1,0,0,0
SEG046,2024-05-14 08:00:00,East,0.8606,0.052,-0.0072,1,0,0,0
SEG046,2024-05-15 07:00:00,East,0.7841,0.183,-0.0013,1,0,0,0
SEG046,2024-05-15 08:00:00,East,0.9967,1.543,-0.0175,1,0,0,0
SEG046,2024-05-15 17:00:00,East,0.8962,-0.119,-0.0398,1,0,0,0
SEG046,2024-05-16 07:00:00,East,0.8279,0.093,-0.0159,1,0,0,0
SEG046,2024-05-16 08:00:00,East,0.8367,-0.639,-0.0231,1,0,0,0
SEG046,2024-05-16 12:00:00,East,0.8108,1.405,-0.0149,1,0,0,0
SEG046,2024-05-17 08:00:00,East,0.8325,-1.149,-0.0212,1,0,0,0
SEG046,2024-05-17 16:00:00,East,0.7717,-0.604,-0.0534,1,0,0,0
SEG046,2024-05-17 17:00:00,East,0.8587,-1.263,-0.0152,1,0,0,0
SEG046,2024-05-17 18:00:00,East,0.9629,0.738,-0.0689,1,0,0,0
SEG046,2024-05-20 08:00:00,East,0.8361,-0.252,-0.0278,1,0,0,0
SEG046,2024-05-20 17:00:00,East,0.8938,-0.089,-0.0086,1,0,0,0
SEG046,2024-05-20 18:00:00,East,0.8106,-0.427,-0.0493,1,0,0,0
SEG046,2024-05-21 18:00:00,East,0.9434,1.002,-0.0489,1,0,0,0
SEG046,2024-05-22 08:00:00,East,0.8893,0.001,-0.0137,1,0,0,0
SEG046,2024-05-22 17:00:00,East,0.9234,0.214,-0.0428,1,0,0,0
SEG046,2024-05-23 17:00:00,East,0.9705,0.905,-0.043,1,0,0,0
SEG046,2024-05-23 18:00:00,East,0.8673,0.214,-0.0187,1,0,0,0
SEG046,2024-05-24 08:00:00,East,0.9046,-0.241,-0.0267,1,0,0,0
SEG046,2024-05-24 17:00:00,East,0.9082,-0.51,-0.0195,1,0,0,0
SEG046,2024-05-27 08:00:00,East,0.8594,0.018,-0.0306,1,0,0,0
SEG046,2024-05-27 09:00:00,East,0.7285,0.017,-0.0033,1,0,0,0
SEG046,2024-05-27 18:00:00,East,0.8737,0.23,-0.0536,1,0,0,0
SEG046,2024-05-28 12:00:00,East,0.8055,2.16,-0.0161,1,0,0,0
SEG046,2024-05-28 17:00:00,East,0.9575,0.889,-0.037,1,0,0,0
SEG046,2024-05-28 18:00:00,East,1.0,1.642,-0.0854,1,0,0,1
SEG046,2024-05-29 08:00:00,East,0.8718,-0.25,-0.0336,1,0,0,0
SEG046,2024-05-29 17:00:00,East,0.9554,0.607,-0.0718,1,0,0,0
SEG046,2024-05-29 18:00:00,East,0.9141,0.647,-0.0261,1,0,0,0
SEG046,2024-05-30 07:00:00,East,0.8739,0.572,-0.0662,1,0,0,0
SEG046,2024-05-30 08:00:00,East,0.9122,0.211,-0.0352,1,0,0,0
SEG046,2024-05-30 09:00:00,East,0.8472,0.828,-0.0207,1,0,0,0
SEG046,2024-05-30 17:00:00,East,0.9605,0.779,-0.0675,1,0,0,0
SEG046,2024-05-30 18:00:00,East,0.9461,1.098,-0.041,1,0,0,0
SEG046,2024-05-30 19:00:00,East,0.8834,2.372,-0.0502,1,0,0,0
SEG046,2024-05-31 08:00:00,East,1.0,0.959,-0.0551,1,0,0,0
SEG046,2024-05-31 09:00:00,East,0.7792,-0.131,-0.0196,1,0,0,0
SEG046,2024-05-31 17:00:00,East,0.9177,-0.365,-0.0022,1,0,0,0
SEG046,2024-05-31 18:00:00,East,1.0,1.196,-0.0714,1,0,0,0
SEG046,2024-06-01 19:00:00,East,1.0,3.445,-0.0829,1,1,1,1
SEG046,2024-06-01 20:00:00,East,0.988,5.206,-0.0871,1,1,1,0
SEG046,2024-06-03 08:00:00,East,0.883,0.29,-0.0455,1,0,0,0
SEG046,2024-06-04 07:00:00,East,0.8985,1.073,-0.0358,1,0,0,0
SEG046,2024-06-04 08:00:00,East,0.8554,-0.001,-0.0061,1,0,0,0
SEG046,2024-06-04 17:00:00,East,0.9375,0.597,-0.058,1,0,0,0
SEG046,2024-06-05 07:00:00,East,0.9515,2.298,-0.0638,1,0,0,0
SEG046,2024-06-05 17:00:00,East,0.8116,-1.156,-0.0037,1,0,0,0
SEG046,2024-06-05 18:00:00,East,0.8187,-0.416,-0.0073,1,0,0,0
SEG046,2024-06-06 08:00:00,East,0.8343,-0.666,-0.0212,1,0,0,0
SEG046,2024-06-06 17:00:00,East,0.9531,0.686,-0.018,1,0,0,0
SEG046,2024-06-06 18:00:00,East,1.0,1.703,-0.0782,1,0,0,0
SEG046,2024-06-07 07:00:00,East,0.8367,-0.094,-0.0195,1,0,0,0
SEG046,2024-06-07 08:00:00,East,0.9422,0.232,-0.0378,1,0,0,0
SEG046,2024-06-07 09:00:00,East,0.7978,0.069,-0.0273,1,0,0,0
SEG046,2024-06-07 16:00:00,East,0.8218,-0.139,-0.0178,1,0,0,0
SEG046,2024-06-07 17:00:00,East,0.8015,-2.133,-0.0125,1,0,0,0
SEG046,2024-06-08 18:00:00,East,1.0,3.296,-0.0489,1,1,1,1
SEG046,2024-06-10 16:00:00,East,0.845,0.774,-0.0002,1,0,0,0
SEG046,2024-06-10 17:00:00,East,0.9067,0.078,-0.0044,1,0,0,0
SEG046,2024-06-10 18:00:00,East,0.9116,0.624,-0.0315,1,0,0,0
SEG046,2024-06-11 07:00:00,East,0.9438,1.513,-0.079,1,0,0,0
SEG046,2024-06-11 08:00:00,East,0.8614,0.061,-0.022,1,0,0,0
SEG046,2024-06-12 08:00:00,East,0.9341,0.644,-0.0489,1,0,0,0
SEG046,2024-06-12 12:00:00,East,1.0,2.931,-0.0642,1,0,0,1
SEG046,2024-06-12 13:00:00,East,1.0,3.135,-0.0406,1,1,1,0
SEG046,2024-06-12 14:00:00,East,0.8815,2.502,-0.0289,1,0,0,0
SEG046,2024-06-12 17:00:00,East,0.9276,0.266,-0.0711,1,0,0,0
SEG046,2024-06-13 08:00:00,East,0.8677,-0.29,-0.0466,1,0,0,0
SEG046,2024-06-13 12:00:00,East,1.0,3.198,-0.0762,1,1,1,1
SEG046,2024-06-13 17:00:00,East,0.8841,-0.185,-0.0463,1,0,0,0
SEG046,2024-06-14 08:00:00,East,0.9243,0.007,-0.0486,1,0,0,0
SEG046,2024-06-14 16:00:00,East,0.9114,0.693,-0.0684,1,0,0,0
SEG046,2024-06-14 17:00:00,East,1.0,0.887,-0.0619,1,0,0,0
SEG046,2024-06-17 08:00:00,East,0.825,-0.38,-0.0189,1,0,0,0
SEG046,2024-06-17 17:00:00,East,0.8273,-0.949,-0.0163,1,0,0,0
SEG046,2024-06-18 08:00:00,East,1.0,1.495,-0.07,1,0,0,1
SEG046,2024-06-19 08:00:00,East,0.947,0.829,-0.0211,1,0,0,0
SEG046,2024-06-19 09:00:00,East,1.0,3.622,-0.0671,1,1,1,1
SEG046,2024-06-19 10:00:00,East,1.0,3.213,-0.081,1,1,1,0
SEG046,2024-06-19 11:00:00,East,0.931,3.09,-0.0673,1,1,1,0
SEG046,2024-06-19 16:00:00,East,0.9056,1.078,-0.0328,1,0,0,0
SEG046,2024-06-19 17:00:00,East,0.9425,0.449,-0.0631,1,0,0,0
SEG046,2024-06-20 08:00:00,East,0.8114,-0.924,-0.004,1,0,0,0
SEG046,2024-06-20 17:00:00,East,0.9113,0.158,-0.0484,1,0,0,0
SEG046,2024-06-21 07:00:00,East,0.8416,-0.041,-0.0121,1,0,0,0
SEG046,2024-06-21 08:00:00,East,0.9568,0.416,-0.052,1,0,0,0
SEG046,2024-06-21 17:00:00,East,1.0,0.887,-0.0787,1,0,0,0
SEG046,2024-06-21 18:00:00,East,1.0,1.196,-0.0487,1,0,0,0
SEG046,2024-06-24 07:00:00,East,0.8226,0.794,-0.0056,1,0,0,0
SEG046,2024-06-24 08:00:00,East,0.9328,0.866,-0.0179,1,0,0,0
SEG046,2024-06-24 09:00:00,East,0.8396,1.157,-0.0085,1,0,0,0
SEG046,2024-06-24 16:00:00,East,0.8533,0.86,-0.0065,1,0,0,0
SEG046,2024-06-24 17:00:00,East,1.0,1.284,-0.0581,1,0,0,0
SEG046,2024-06-25 07:00:00,East,0.9146,1.23,-0.0562,1,0,0,0
SEG046,2024-06-25 08:00:00,East,0.9211,0.678,-0.0288,1,0,0,0
SEG046,2024-06-25 17:00:00,East,0.8943,-0.034,-0.0262,1,0,0,0
SEG046,2024-06-26 08:00:00,East,0.79,-1.424,-0.0023,1,0,0,0
SEG046,2024-06-26 18:00:00,East,0.9669,1.236,-0.0269,1,0,0,0
SEG046,2024-06-27 08:00:00,East,0.9367,0.487,-0.0324,1,0,0,0
SEG046,2024-06-27 09:00:00,East,0.8552,0.907,-0.0086,1,0,0,0
SEG046,2024-06-27 16:00:00,East,0.8641,0.506,-0.0182,1,0,0,0
SEG046,2024-06-28 09:00:00,East,0.7833,-0.087,-0.0303,1,0,0,0
SEG046,2024-06-28 17:00:00,East,0.9625,0.316,-0.0067,1,0,0,0
SEG046,2024-06-28 18:00:00,East,0.9009,-0.027,-0.0567,1,0,0,0
SEG046,2024-06-30 09:00:00,East,1.0,5.101,-0.0929,1,1,1,1
SEG046,2024-06-30 10:00:00,East,0.9365,5.6,-0.0254,1,1,1,0
SEG046,2024-07-01 08:00:00,East,0.8627,0.056,-0.0019,1,0,0,0
SEG046,2024-07-01 09:00:00,East,1.0,2.803,-0.018,1,0,0,1
SEG046,2024-07-01 10:00:00,East,1.0,4.556,-0.0713,1,1,1,0
SEG046,2024-07-01 17:00:00,East,0.9497,0.634,-0.0204,1,0,0,0
SEG046,2024-07-01 18:00:00,East,0.9286,0.801,-0.0277,1,0,0,0
SEG046,2024-07-02 08:00:00,East,0.8178,-0.391,-0.0254,1,0,0,0
SEG046,2024-07-02 17:00:00,East,0.9352,0.564,-0.0334,1,0,0,0
SEG046,2024-07-03 08:00:00,East,0.9073,0.26,-0.0315,1,0,0,0
SEG046,2024-07-03 09:00:00,East,0.8443,1.534,-0.0168,1,0,0,1
SEG046,2024-07-03 17:00:00,East,0.8925,-0.165,-0.0231,1,0,0,0
SEG046,2024-07-04 08:00:00,East,0.9692,0.852,-0.0752,1,0,0,0
SEG046,2024-07-04 16:00:00,East,0.9753,1.65,-0.0808,1,0,0,0
SEG046,2024-07-04 17:00:00,East,0.8221,-0.968,-0.0148,1,0,0,0
SEG046,2024-07-04 18:00:00,East,0.8714,0.26,-0.0311,1,0,0,0
SEG046,2024-07-05 08:00:00,East,0.9581,0.432,-0.0082,1,0,0,0
SEG046,2024-07-05 15:00:00,East,0.8477,1.73,-0.0342,1,0,0,0
SEG046,2024-07-05 17:00:00,East,1.0,0.887,-0.0725,1,0,0,0
SEG046,2024-07-08 08:00:00,East,0.9572,1.148,-0.0684,1,0,0,0
SEG046,2024-07-08 18:00:00,East,0.8984,0.487,-0.0065,1,0,0,0
SEG046,2024-07-09 08:00:00,East,0.8855,0.31,-0.0641,1,0,0,0
SEG046,2024-07-09 16:00:00,East,0.9238,1.249,-0.0282,1,0,0,0
SEG046,2024-07-09 17:00:00,East,0.9012,0.067,-0.0277,1,0,0,0
SEG046,2024-07-09 18:00:00,East,0.8405,-0.16,-0.0109,1,0,0,0
SEG046,2024-07-10 08:00:00,East,0.9098,0.295,-0.0467,1,0,0,0
SEG046,2024-07-10 16:00:00,East,0.8559,0.597,-0.0254,1,0,0,0
SEG046,2024-07-10 18:00:00,East,0.811,-0.502,-0.0155,1,0,0,0
SEG046,2024-07-11 08:00:00,East,0.8315,-0.698,-0.0146,1,0,0,0
SEG046,2024-07-11 16:00:00,East,0.9626,1.519,-0.0762,1,0,0,0
SEG046,2024-07-12 07:00:00,East,0.9259,0.875,-0.0149,1,0,0,0
SEG046,2024-07-12 08:00:00,East,1.0,0.959,-0.0738,1,0,0,0
SEG046,2024-07-12 09:00:00,East,0.9834,2.06,-0.0662,1,0,0,0
SEG046,2024-07-12 17:00:00,East,0.9642,0.342,-0.0403,1,0,0,0
SEG046,2024-07-12 18:00:00,East,1.0,1.196,-0.0622,1,0,0,0
SEG046,2024-07-15 07:00:00,East,0.9097,1.959,-0.0566,1,0,0,0
SEG046,2024-07-15 08:00:00,East,1.0,1.643,-0.0819,1,0,0,0
SEG046,2024-07-15 17:00:00,East,0.9123,0.15,-0.0348,1,0,0,0
SEG046,2024-07-15 18:00:00,East,0.9434,0.956,-0.0767,1,0,0,0
SEG046,2024-07-16 07:00:00,East,0.9437,1.512,-0.0453,1,0,0,0
SEG046,2024-07-16 16:00:00,East,1.0,1.982,-0.0465,1,0,0,0
SEG046,2024-07-16 17:00:00,East,0.9779,1.187,-0.0316,1,0,0,0
SEG046,2024-07-16 18:00:00,East,0.7847,-0.79,-0.0117,1,0,0,0
SEG046,2024-07-17 07:00:00,East,0.9208,1.911,-0.0418,1,0,0,0
SEG046,2024-07-17 08:00:00,East,0.8371,-0.748,-0.0153,1,0,0,0
SEG046,2024-07-18 07:00:00,East,1.0,1.884,-0.0623,1,0,0,1
SEG046,2024-07-18 08:00:00,East,1.0,1.199,-0.0447,1,0,0,0
SEG046,2024-07-18 17:00:00,East,0.8654,-0.421,-0.0092,1,0,0,0
SEG046,2024-07-19 07:00:00,East,1.0,1.68,-0.032,1,0,0,1
SEG046,2024-07-19 08:00:00,East,1.0,0.959,-0.0778,1,0,0,0
SEG046,2024-07-19 17:00:00,East,1.0,0.887,-0.0657,1,0,0,0
SEG046,2024-07-19 18:00:00,East,0.8766,-0.327,-0.0285,1,0,0,0
SEG046,2024-07-20 08:00:00,East,0.8678,1.38,-0.0298,1,0,0,0
SEG046,2024-07-22 08:00:00,East,0.8883,0.352,-0.0105,1,0,0,0
SEG046,2024-07-22 17:00:00,East,0.9644,0.824,-0.0767,1,0,0,0
SEG046,2024-07-22 18:00:00,East,0.8524,0.008,-0.0231,1,0,0,0
SEG046,2024-07-23 07:00:00,East,0.9464,1.539,-0.0272,1,0,0,0
SEG046,2024-07-23 08:00:00,East,1.0,1.495,-0.0538,1,0,0,0
SEG046,2024-07-23 17:00:00,East,0.9197,0.337,-0.0654,1,0,0,0
SEG046,2024-07-24 08:00:00,East,0.9109,0.311,-0.0372,1,0,0,0
SEG046,2024-07-24 16:00:00,East,0.8881,0.909,-0.0257,1,0,0,0
SEG046,2024-07-25 12:00:00,East,1.0,3.198,-0.0871,1,1,1,1
SEG046,2024-07-25 13:00:00,East,1.0,3.962,-0.0868,1,1,1,0
SEG046,2024-07-25 17:00:00,East,0.9037,0.062,-0.0459,1,0,0,0
SEG046,2024-07-25 18:00:00,East,0.8326,-0.175,-0.0213,1,0,0,0
SEG046,2024-07-26 07:00:00,East,0.9958,1.634,-0.0834,1,0,0,0
SEG046,2024-07-26 08:00:00,East,1.0,0.959,-0.0539,1,0,0,0
SEG046,2024-07-26 17:00:00,East,0.9179,-0.362,-0.0603,1,0,0,0
SEG046,2024-07-26 18:00:00,East,0.9417,0.476,-0.0628,1,0,0,0
SEG046,2024-07-27 11:00:00,East,1.0,5.245,-0.0853,1,1,1,1
SEG046,2024-07-27 12:00:00,East,0.8562,3.017,-0.0303,1,1,1,0
SEG046,2024-07-29 07:00:00,East,0.8429,1.065,-0.0213,1,0,0,0
SEG046,2024-07-29 17:00:00,East,0.982,1.051,-0.0481,1,0,0,0
SEG046,2024-07-29 18:00:00,East,0.9118,0.627,-0.0359,1,0,0,0
SEG046,2024-07-30 16:00:00,East,0.8593,0.628,-0.0135,1,0,0,0
SEG046,2024-07-30 17:00:00,East,0.9168,0.295,-0.0514,1,0,0,0
SEG046,2024-07-30 18:00:00,East,0.9624,1.217,-0.0804,1,0,0,0
SEG046,2024-07-31 16:00:00,East,1.0,1.991,-0.0514,1,0,0,1
SEG046,2024-07-31 17:00:00,East,1.0,1.154,-0.0364,1,0,0,0
SEG046,2024-08-01 07:00:00,East,0.8944,0.785,-0.0068,1,0,0,0
SEG046,2024-08-01 16:00:00,East,0.8803,0.672,-0.0355,1,0,0,0
SEG046,2024-08-01 17:00:00,East,0.9046,0.074,-0.0178,1,0,0,0
SEG046,2024-08-01 18:00:00,East,0.9858,1.543,-0.07,1,0,0,0
SEG046,2024-08-02 07:00:00,East,0.8512,0.063,-0.0153,1,0,0,0
SEG046,2024-08-02 08:00:00,East,0.8283,-1.202,-0.0245,1,0,0,0
SEG046,2024-08-02 09:00:00,East,0.8029,0.123,-0.0046,1,0,0,0
SEG046,2024-08-02 16:00:00,East,0.8603,0.218,-0.0141,1,0,0,0
SEG046,2024-08-02 17:00:00,East,0.9112,-0.464,-0.0156,1,0,0,0
SEG046,2024-08-02 18:00:00,East,1.0,1.196,-0.0439,1,0,0,0
SEG046,2024-08-05 08:00:00,East,0.9688,1.282,-0.0449,1,0,0,0
SEG046,2024-08-05 16:00:00,East,0.8475,0.8,-0.0348,1,0,0,0
SEG046,2024-08-05 17:00:00,East,1.0,1.284,-0.0577,1,0,0,0
SEG046,2024-08-05 18:00:00,East,0.844,-0.079,-0.0116,1,0,0,0
SEG046,2024-08-06 07:00:00,East,0.8437,0.541,-0.022,1,0,0,0
SEG046,2024-08-06 18:00:00,East,1.0,1.642,-0.0284,1,0,0,0
SEG046,2024-08-07 08:00:00,East,0.9215,0.463,-0.0708,1,0,0,0
SEG046,2024-08-07 17:00:00,East,0.8714,-0.423,-0.0141,1,0,0,0
SEG046,2024-08-08 08:00:00,East,1.0,1.199,-0.0753,1,0,0,0
SEG046,2024-08-08 09:00:00,East,1.0,2.333,-0.0721,1,0,0,1
SEG046,2024-08-08 16:00:00,East,0.9084,0.961,-0.0685,1,0,0,0
SEG046,2024-08-08 17:00:00,East,0.9181,0.244,-0.0124,1,0,0,0
SEG046,2024-08-08 18:00:00,East,0.8905,0.474,-0.0641,1,0,0,0
SEG046,2024-08-09 07:00:00,East,0.8702,0.27,-0.0495,1,0,0,0
SEG046,2024-08-09 09:00:00,East,0.9185,1.364,-0.0438,1,0,0,0
SEG046,2024-08-09 17:00:00,East,0.9786,0.561,-0.079,1,0,0,0
SEG046,2024-08-10 06:00:00,East,1.0,5.649,-0.0838,1,1,1,1
SEG046,2024-08-10 07:00:00,East,0.9252,2.599,-0.0377,1,0,0,0
SEG046,2024-08-12 08:00:00,East,0.888,0.348,-0.0332,1,0,0,0
SEG046,2024-08-12 17:00:00,East,0.8892,-0.149,-0.004,1,0,0,0
SEG046,2024-08-13 08:00:00,East,0.8185,-0.383,-0.0385,1,0,0,0
SEG046,2024-08-13 13:00:00,East,1.0,3.961,-0.0853,1,1,1,1
SEG046,2024-08-13 16:00:00,East,0.8408,0.449,-0.0517,1,0,0,0
SEG046,2024-08-13 18:00:00,East,1.0,1.642,-0.0683,1,0,0,0
SEG046,2024-08-14 16:00:00,East,0.9651,1.653,-0.0345,1,0,0,0
SEG046,2024-08-14 17:00:00,East,0.9773,0.875,-0.0288,1,0,0,0
SEG046,2024-08-14 18:00:00,East,0.9176,0.686,-0.0362,1,0,0,0
SEG046,2024-08-15 07:00:00,East,0.8112,-0.081,-0.0134,1,0,0,0
SEG046,2024-08-15 10:00:00,East,1.0,3.347,-0.0853,1,1,1,1
SEG046,2024-08-15 11:00:00,East,0.8894,2.363,-0.0104,1,0,0,0
SEG046,2024-08-15 17:00:00,East,1.0,1.278,-0.0572,1,0,0,0
SEG046,2024-08-15 18:00:00,East,1.0,1.703,-0.0541,1,0,0,0
SEG046,2024-08-16 08:00:00,East,0.9855,0.777,-0.0738,1,0,0,0
SEG046,2024-08-16 09:00:00,East,0.9436,1.633,-0.0729,1,0,0,0
SEG046,2024-08-16 17:00:00,East,0.9672,0.388,-0.078,1,0,0,0
SEG046,2024-08-16 18:00:00,East,0.861,-0.52,-0.0127,1,0,0,0
SEG046,2024-08-19 08:00:00,East,0.7761,-0.945,-0.0028,1,0,0,0
SEG046,2024-08-19 17:00:00,East,0.9593,0.758,-0.0423,1,0,0,0
SEG046,2024-08-19 18:00:00,East,0.9513,1.038,-0.0758,1,0,0,0
SEG046,2024-08-20 09:00:00,East,0.8205,0.813,-0.0203,1,0,0,1
SEG046,2024-08-20 16:00:00,East,0.8711,0.741,-0.0169,1,0,0,0
SEG046,2024-08-20 18:00:00,East,0.9446,1.016,-0.0431,1,0,0,0
SEG046,2024-08-20 19:00:00,East,0.9433,3.066,-0.0716,1,1,1,0
SEG046,2024-08-21 07:00:00,East,0.782,0.157,-0.0036,1,0,0,0
SEG046,2024-08-21 08:00:00,East,0.834,-0.792,-0.0415,1,0,0,0
SEG046,2024-08-21 17:00:00,East,0.9452,0.482,-0.0428,1,0,0,0
SEG046,2024-08-22 07:00:00,East,0.7765,-0.442,-0.0116,1,0,0,0
SEG046,2024-08-22 08:00:00,East,0.9688,0.848,-0.0682,1,0,0,0
SEG046,2024-08-23 17:00:00,East,1.0,0.887,-0.073,1,0,0,0
SEG046,2024-08-24 07:00:00,East,1.0,3.297,-0.0851,1,1,1,1
SEG046,2024-08-26 17:00:00,East,0.8266,-0.958,-0.0052,1,0,0,0
SEG046,2024-08-26 18:00:00,East,0.8568,0.054,-0.0298,1,0,0,0
SEG046,2024-08-27 07:00:00,East,0.7629,-0.244,-0.0081,1,0,0,0
SEG046,2024-08-27 14:00:00,East,0.8494,2.815,-0.048,1,0,0,1
SEG046,2024-08-27 17:00:00,East,0.9741,1.132,-0.0703,1,0,0,0
SEG046,2024-08-27 18:00:00,East,0.8975,0.484,-0.0375,1,0,0,0
SEG046,2024-08-27 20:00:00,East,1.0,4.743,-0.0941,1,1,1,1
SEG046,2024-08-28 08:00:00,East,0.9018,0.181,-0.0267,1,0,0,0
SEG046,2024-08-28 18:00:00,East,0.8231,-0.367,-0.0148,1,0,0,0
SEG046,2024-08-29 08:00:00,East,0.9485,0.619,-0.049,1,0,0,0
SEG046,2024-08-29 09:00:00,East,0.8879,1.229,-0.0711,1,0,0,0
SEG046,2024-08-29 16:00:00,East,0.9804,1.702,-0.0546,1,0,0,0
SEG046,2024-08-29 17:00:00,East,0.9718,0.922,-0.0586,1,0,0,0
SEG046,2024-08-30 07:00:00,East,0.9321,0.942,-0.046,1,0,0,0
SEG046,2024-08-30 08:00:00,East,1.0,0.959,-0.0601,1,0,0,0
SEG046,2024-08-30 17:00:00,East,0.8424,-1.511,-0.0438,1,0,0,0
SEG046,2024-09-02 01:00:00,East,0.9171,6.485,-0.071,1,1,1,1
SEG046,2024-09-02 12:00:00,East,0.8197,1.721,-0.0218,1,0,0,0
SEG046,2024-09-02 16:00:00,East,1.0,2.387,-0.0521,1,0,0,1
SEG046,2024-09-02 17:00:00,East,0.8983,-0.031,-0.0128,1,0,0,0
SEG046,2024-09-02 18:00:00,East,0.9487,1.011,-0.0727,1,0,0,0
SEG046,2024-09-03 08:00:00,East,0.9347,0.819,-0.0451,1,0,0,0
SEG046,2024-09-03 18:00:00,East,0.9483,1.058,-0.0708,1,0,0,0
SEG046,2024-09-03 23:00:00,East,1.0,6.519,-0.0694,1,1,1,1
SEG046,2024-09-04 09:00:00,East,0.8082,1.05,-0.0329,1,0,0,0
SEG046,2024-09-05 07:00:00,East,0.8049,-0.146,-0.0094,1,0,0,0
SEG046,2024-09-05 12:00:00,East,0.7886,1.195,-0.0155,1,0,0,0
SEG046,2024-09-05 15:00:00,East,1.0,3.3,-0.0646,1,1,1,1
SEG046,2024-09-05 16:00:00,East,1.0,1.904,-0.0626,1,0,0,0
SEG046,2024-09-05 17:00:00,East,0.9064,0.096,-0.0614,1,0,0,0
SEG046,2024-09-05 18:00:00,East,0.9705,1.372,-0.0664,1,0,0,0
SEG046,2024-09-06 07:00:00,East,0.8173,-0.305,-0.0119,1,0,0,0
SEG046,2024-09-06 08:00:00,East,0.9554,0.398,-0.0397,1,0,0,0
SEG046,2024-09-06 17:00:00,East,1.0,0.887,-0.0572,1,0,0,0
SEG046,2024-09-06 18:00:00,East,0.8517,-0.635,-0.0256,1,0,0,0
SEG046,2024-09-09 09:00:00,East,0.8786,1.557,-0.0306,1,0,0,0
SEG046,2024-09-09 16:00:00,East,0.7829,0.128,-0.0238,1,0,0,0
SEG046,2024-09-10 08:00:00,East,1.0,1.495,-0.074,1,0,0,0
SEG046,2024-09-10 16:00:00,East,0.8321,0.366,-0.0112,1,0,0,0
SEG046,2024-09-10 17:00:00,East,0.9365,0.582,-0.0615,1,0,0,0
SEG046,2024-09-11 17:00:00,East,0.8705,-0.434,-0.034,1,0,0,0
SEG046,2024-09-12 07:00:00,East,0.8753,0.586,-0.0007,1,0,0,0
SEG046,2024-09-12 08:00:00,East,1.0,1.199,-0.0664,1,0,0,0
SEG046,2024-09-12 09:00:00,East,0.8668,1.021,-0.0279,1,0,0,0
SEG046,2024-09-12 17:00:00,East,0.7726,-1.592,-0.0203,1,0,0,0
SEG046,2024-09-12 18:00:00,East,0.862,0.155,-0.0219,1,0,0,0
SEG046,2024-09-13 08:00:00,East,0.9373,0.17,-0.0335,1,0,0,0
SEG046,2024-09-13 09:00:00,East,0.7906,-0.008,-0.0197,1,0,0,0
SEG046,2024-09-13 10:00:00,East,1.0,3.596,-0.051,1,1,1,1
SEG046,2024-09-13 16:00:00,East,0.8926,0.518,-0.0524,1,0,0,0
SEG046,2024-09-13 18:00:00,East,0.9923,1.101,-0.0804,1,0,0,0
SEG046,2024-09-16 08:00:00,East,0.8717,0.16,-0.0288,1,0,0,0
SEG046,2024-09-16 17:00:00,East,0.9458,0.583,-0.0733,1,0,0,0
SEG046,2024-09-16 18:00:00,East,0.9237,0.75,-0.0009,1,0,0,0
SEG046,2024-09-17 08:00:00,East,0.89,0.357,-0.0274,1,0,0,0
SEG046,2024-09-17 09:00:00,East,0.7603,0.234,-0.004,1,0,0,0
SEG046,2024-09-17 16:00:00,East,0.8772,0.8,-0.0329,1,0,0,1
SEG046,2024-09-17 17:00:00,East,0.8859,-0.157,-0.0438,1,0,0,0
SEG046,2024-09-18 08:00:00,East,0.8635,-0.369,-0.0116,1,0,0,0
SEG046,2024-09-18 12:00:00,East,1.0,2.931,-0.0893,1,0,0,1
SEG046,2024-09-18 17:00:00,East,1.0,1.154,-0.0747,1,0,0,1
SEG046,2024-09-18 18:00:00,East,1.0,1.605,-0.0767,1,0,0,0
SEG046,2024-09-19 08:00:00,East,0.9218,0.319,-0.0443,1,0,0,0
SEG046,2024-09-19 17:00:00,East,0.9094,0.134,-0.0126,1,0,0,0
SEG046,2024-09-19 18:00:00,East,0.9509,1.152,-0.046,1,0,0,0
SEG046,2024-09-19 19:00:00,East,0.7691,1.129,-0.0101,1,0,0,0
SEG046,2024-09-20 07:00:00,East,0.8307,-0.16,-0.0267,1,0,0,0
SEG046,2024-09-20 08:00:00,East,1.0,0.959,-0.0681,1,0,0,0
SEG046,2024-09-20 11:00:00,East,0.8806,2.756,-0.0105,1,0,0,0
SEG046,2024-09-20 17:00:00,East,1.0,0.887,-0.0499,1,0,0,0
SEG046,2024-09-20 18:00:00,East,0.9259,0.281,-0.0686,1,0,0,0
SEG046,2024-09-23 08:00:00,East,1.0,1.643,-0.0353,1,0,0,0
SEG046,2024-09-23 16:00:00,East,0.8507,0.833,-0.0139,1,0,0,0
SEG046,2024-09-23 17:00:00,East,1.0,1.284,-0.0449,1,0,0,0
SEG046,2024-09-23 18:00:00,East,1.0,1.545,-0.0572,1,0,0,0
SEG046,2024-09-24 08:00:00,East,0.782,-0.761,-0.0004,1,0,0,0
SEG046,2024-09-24 17:00:00,East,0.8658,-0.45,-0.0268,1,0,0,0
SEG046,2024-09-25 17:00:00,East,1.0,1.154,-0.0646,1,0,0,0
SEG046,2024-09-25 18:00:00,East,0.8906,0.385,-0.0257,1,0,0,0
SEG046,2024-09-25 19:00:00,East,1.0,3.348,-0.0853,1,1,1,1
SEG046,2024-09-26 08:00:00,East,0.9725,0.89,-0.0401,1,0,0,0
SEG046,2024-09-26 17:00:00,East,0.968,0.874,-0.0525,1,0,0,0
SEG046,2024-09-27 07:00:00,East,1.0,1.68,-0.0819,1,0,0,0
SEG046,2024-09-27 08:00:00,East,0.897,-0.337,-0.0525,1,0,0,0
SEG046,2024-09-27 09:00:00,East,0.8403,0.525,-0.0038,1,0,0,0
SEG046,2024-09-27 17:00:00,East,0.8844,-0.872,-0.0163,1,0,0,0
SEG046,2024-09-30 08:00:00,East,0.9011,0.5,-0.0657,1,0,0,0
SEG046,2024-09-30 17:00:00,East,0.8619,-0.502,-0.0012,1,0,0,0
SEG046,2024-09-30 19:00:00,East,0.809,1.779,-0.0091,1,0,0,0
SEG046,2024-10-01 08:00:00,East,1.0,1.495,-0.0819,1,0,0,0
SEG046,2024-10-01 18:00:00,East,0.9802,1.418,-0.076,1,0,0,0
SEG046,2024-10-02 08:00:00,East,0.8732,-0.23,-0.0608,1,0,0,0
SEG046,2024-10-02 16:00:00,East,0.9425,1.435,-0.0534,1,0,0,0
SEG046,2024-10-02 17:00:00,East,1.0,1.154,-0.0436,1,0,0,0
SEG046,2024-10-03 08:00:00,East,0.9925,1.115,-0.0533,1,0,0,0
SEG046,2024-10-03 12:00:00,East,0.8297,1.584,-0.0006,1,0,0,0
SEG046,2024-10-03 16:00:00,East,0.8853,0.724,-0.0347,1,0,0,0
SEG046,2024-10-03 18:00:00,East,0.9578,1.229,-0.0207,1,0,0,0
SEG046,2024-10-04 08:00:00,East,0.9301,0.08,-0.072,1,0,0,0
SEG046,2024-10-04 15:00:00,East,0.9365,2.75,-0.0506,1,0,0,1
SEG046,2024-10-04 16:00:00,East,1.0,1.515,-0.0718,1,0,0,0
SEG046,2024-10-04 17:00:00,East,1.0,0.887,-0.0625,1,0,0,0
SEG046,2024-10-04 18:00:00,East,0.8821,-0.259,-0.024,1,0,0,0
SEG046,2024-10-07 08:00:00,East,1.0,1.643,-0.0738,1,0,0,0
SEG046,2024-10-07 09:00:00,East,0.8619,1.386,-0.0423,1,0,0,0
SEG046,2024-10-07 17:00:00,East,0.9036,0.038,-0.0344,1,0,0,0
SEG046,2024-10-07 18:00:00,East,0.768,-0.871,-0.0205,1,0,0,0
SEG046,2024-10-08 08:00:00,East,0.994,1.433,-0.0652,1,0,0,0
SEG046,2024-10-08 16:00:00,East,0.8755,0.784,-0.041,1,0,0,0
SEG046,2024-10-08 17:00:00,East,1.0,1.51,-0.0441,1,0,0,0
SEG046,2024-10-09 07:00:00,East,1.0,2.911,-0.0483,1,0,0,1
SEG046,2024-10-09 08:00:00,East,1.0,1.59,-0.0702,1,0,0,0
SEG046,2024-10-09 09:00:00,East,0.8783,1.99,-0.0094,1,0,0,0
SEG046,2024-10-09 16:00:00,East,0.8522,0.561,-0.0389,1,0,0,0
SEG046,2024-10-09 17:00:00,East,1.0,1.154,-0.0632,1,0,0,0
SEG046,2024-10-10 08:00:00,East,1.0,1.199,-0.0551,1,0,0,0
SEG046,2024-10-10 15:00:00,East,1.0,3.3,-0.0436,1,1,1,1
SEG046,2024-10-10 16:00:00,East,0.935,1.235,-0.0381,1,0,0,0
SEG046,2024-10-10 19:00:00,East,0.8009,1.475,-0.0123,1,0,0,0
SEG046,2024-10-11 07:00:00,East,1.0,1.68,-0.0211,1,0,0,0
SEG046,2024-10-11 08:00:00,East,0.9364,0.159,-0.0536,1,0,0,0
SEG046,2024-10-11 09:00:00,East,1.0,2.238,-0.0622,1,0,0,1
SEG046,2024-10-11 17:00:00,East,1.0,0.887,-0.0702,1,0,0,1
SEG046,2024-10-11 18:00:00,East,1.0,1.196,-0.0729,1,0,0,0
SEG046,2024-10-11 19:00:00,East,0.923,2.189,-0.074,1,0,0,0
SEG046,2024-10-14 07:00:00,East,0.8419,1.052,-0.0272,1,0,0,0
SEG046,2024-10-14 08:00:00,East,0.7981,-0.691,-0.0221,1,0,0,0
SEG046,2024-10-14 17:00:00,East,0.9164,0.203,-0.0332,1,0,0,0
SEG046,2024-10-15 07:00:00,East,0.7743,-0.133,-0.0089,1,0,0,0
SEG046,2024-10-15 08:00:00,East,0.9132,0.597,-0.0358,1,0,0,0
SEG046,2024-10-15 17:00:00,East,1.0,1.51,-0.0851,1,0,0,1
SEG046,2024-10-15 18:00:00,East,0.8962,0.469,-0.0543,1,0,0,0
SEG046,2024-10-16 08:00:00,East,0.9428,0.769,-0.0118,1,0,0,0
SEG046,2024-10-16 16:00:00,East,1.0,1.991,-0.0481,1,0,0,1
SEG046,2024-10-16 17:00:00,East,1.0,1.154,-0.046,1,0,0,0
SEG046,2024-10-16 18:00:00,East,1.0,1.605,-0.0215,1,0,0,0
SEG046,2024-10-16 19:00:00,East,0.9116,2.414,-0.0373,1,0,0,0
SEG046,2024-10-17 08:00:00,East,1.0,1.199,-0.0769,1,0,0,0
SEG046,2024-10-17 17:00:00,East,0.988,1.126,-0.0738,1,0,0,0
SEG046,2024-10-18 17:00:00,East,0.9134,-0.431,-0.0265,1,0,0,0
SEG046,2024-10-18 18:00:00,East,0.8298,-0.905,-0.0144,1,0,0,0
SEG046,2024-10-21 08:00:00,East,0.7705,-1.01,-0.0086,1,0,0,0
SEG046,2024-10-21 18:00:00,East,0.846,-0.058,-0.022,1,0,0,0
SEG046,2024-10-22 07:00:00,East,0.9015,1.102,-0.0306,1,0,0,0
SEG046,2024-10-22 08:00:00,East,1.0,1.495,-0.0534,1,0,0,0
SEG046,2024-10-22 18:00:00,East,0.8297,-0.282,-0.0329,1,0,0,0
SEG046,2024-10-23 08:00:00,East,0.8344,-0.787,-0.0332,1,0,0,0
SEG046,2024-10-23 09:00:00,East,0.8311,1.357,-0.0104,1,0,0,0
SEG046,2024-10-23 16:00:00,East,0.8787,0.818,-0.0019,1,0,0,0
SEG046,2024-10-23 17:00:00,East,1.0,1.154,-0.0819,1,0,0,0
SEG046,2024-10-24 07:00:00,East,0.9604,1.472,-0.064,1,0,0,0
SEG046,2024-10-24 08:00:00,East,0.9336,0.452,-0.0527,1,0,0,0
SEG046,2024-10-24 16:00:00,East,0.9047,0.923,-0.028,1,0,0,0
SEG046,2024-10-24 17:00:00,East,0.9361,0.471,-0.0729,1,0,0,0
SEG046,2024-10-24 18:00:00,East,0.8436,-0.052,-0.0169,1,0,0,0
SEG046,2024-10-25 07:00:00,East,0.8679,0.245,-0.0215,1,0,0,0
SEG046,2024-10-25 08:00:00,East,1.0,0.959,-0.0771,1,0,0,0
SEG046,2024-10-25 09:00:00,East,0.9237,1.419,-0.0051,1,0,0,0
SEG046,2024-10-25 16:00:00,East,1.0,1.515,-0.046,1,0,0,0
SEG046,2024-10-25 17:00:00,East,1.0,0.887,-0.0785,1,0,0,0
SEG046,2024-10-25 18:00:00,East,1.0,1.196,-0.0737,1,0,0,0
SEG046,2024-10-28 07:00:00,East,0.8419,1.052,-0.0012,1,0,0,0
SEG046,2024-10-28 08:00:00,East,0.8412,-0.193,-0.0369,1,0,0,0
SEG046,2024-10-28 16:00:00,East,0.859,0.92,-0.0169,1,0,0,0
SEG046,2024-10-29 07:00:00,East,0.9608,1.678,-0.0519,1,0,0,0
SEG046,2024-10-29 08:00:00,East,0.9166,0.632,-0.0175,1,0,0,0
SEG046,2024-10-29 16:00:00,East,0.8896,0.919,-0.0343,1,0,0,0
SEG046,2024-10-29 17:00:00,East,0.9902,1.367,-0.0832,1,0,0,0
SEG046,2024-10-30 08:00:00,East,0.9314,0.605,-0.0594,1,0,0,0
SEG046,2024-10-30 17:00:00,East,1.0,1.154,-0.0812,1,0,0,1
SEG046,2024-10-31 07:00:00,East,1.0,1.884,-0.0282,1,0,0,1
SEG046,2024-10-31 08:00:00,East,1.0,1.199,-0.076,1,0,0,0
SEG046,2024-10-31 15:00:00,East,0.7631,0.835,-0.008,1,0,0,0
SEG046,2024-10-31 18:00:00,East,0.9431,1.064,-0.0602,1,0,0,0
SEG046,2024-11-01 06:00:00,East,1.0,3.648,-0.0806,1,1,1,1
SEG046,2024-11-01 07:00:00,East,0.9652,1.302,-0.0741,1,0,0,0
SEG046,2024-11-01 08:00:00,East,1.0,0.959,-0.0487,1,0,0,0
SEG046,2024-11-01 09:00:00,East,0.927,1.455,-0.0419,1,0,0,0
SEG046,2024-11-01 15:00:00,East,0.7814,0.968,-0.0139,1,0,0,0
SEG046,2024-11-01 16:00:00,East,0.8663,0.274,-0.0188,1,0,0,0
SEG046,2024-11-01 17:00:00,East,1.0,0.887,-0.079,1,0,0,0
SEG046,2024-11-01 18:00:00,East,0.9546,0.636,-0.0436,1,0,0,0
SEG046,2024-11-04 07:00:00,East,0.8761,1.509,-0.0097,1,0,0,0
SEG046,2024-11-04 08:00:00,East,0.901,0.498,-0.0457,1,0,0,0
SEG046,2024-11-04 17:00:00,East,1.0,1.284,-0.0711,1,0,0,0
SEG046,2024-11-04 18:00:00,East,0.9807,1.344,-0.076,1,0,0,0
SEG046,2024-11-05 07:00:00,East,0.9412,1.488,-0.0767,1,0,0,0
SEG046,2024-11-05 12:00:00,East,0.7545,1.483,-0.0167,1,0,0,0
SEG046,2024-11-05 18:00:00,East,0.8669,0.138,-0.0235,1,0,0,0
SEG046,2024-11-06 08:00:00,East,0.9536,0.924,-0.0669,1,0,0,0
SEG046,2024-11-06 10:00:00,East,0.812,1.597,-0.0361,1,0,0,0
SEG046,2024-11-06 17:00:00,East,1.0,1.154,-0.0827,1,0,0,0
SEG046,2024-11-06 18:00:00,East,0.8923,0.404,-0.0576,1,0,0,0
SEG046,2024-11-07 07:00:00,East,0.918,1.031,-0.034,1,0,0,0
SEG046,2024-11-07 08:00:00,East,1.0,1.199,-0.0897,1,0,0,1
SEG046,2024-11-07 09:00:00,East,1.0,2.333,-0.0814,1,0,0,0
SEG046,2024-11-07 10:00:00,East,1.0,3.347,-0.0524,1,1,1,0
SEG046,2024-11-07 11:00:00,East,0.8615,2.101,-0.0061,1,0,0,0
SEG046,2024-11-07 16:00:00,East,0.9846,1.746,-0.0493,1,0,0,0
SEG046,2024-11-07 17:00:00,East,1.0,1.278,-0.055,1,0,0,0
SEG046,2024-11-08 17:00:00,East,1.0,0.887,-0.0819,1,0,0,0
SEG046,2024-11-08 18:00:00,East,0.8937,-0.116,-0.0729,1,0,0,0
SEG046,2024-11-11 08:00:00,East,1.0,1.643,-0.0627,1,0,0,0
SEG046,2024-11-11 09:00:00,East,0.859,1.356,-0.024,1,0,0,0
SEG046,2024-11-11 17:00:00,East,0.9262,0.33,-0.0399,1,0,0,0
SEG046,2024-11-11 18:00:00,East,1.0,1.545,-0.0637,1,0,0,0
SEG046,2024-11-12 09:00:00,East,0.7841,0.463,-0.0235,1,0,0,0
SEG046,2024-11-12 16:00:00,East,0.9093,1.109,-0.0498,1,0,0,0
SEG046,2024-11-12 17:00:00,East,0.9697,1.067,-0.05,1,0,0,0
SEG046,2024-11-12 18:00:00,East,1.0,1.642,-0.074,1,0,0,0
SEG046,2024-11-13 06:00:00,East,1.0,4.524,-0.0714,1,1,1,1
SEG046,2024-11-13 08:00:00,East,0.9599,1.014,-0.0179,1,0,0,0
SEG046,2024-11-13 17:00:00,East,1.0,1.154,-0.0562,1,0,0,0
SEG046,2024-11-13 18:00:00,East,0.9856,1.444,-0.0787,1,0,0,0
SEG046,2024-11-14 07:00:00,East,0.8784,0.619,-0.0372,1,0,0,0
SEG046,2024-11-14 08:00:00,East,1.0,1.199,-0.0467,1,0,0,0
SEG046,2024-11-14 16:00:00,East,0.8122,-0.028,-0.0259,1,0,0,0
SEG046,2024-11-14 17:00:00,East,1.0,1.278,-0.0732,1,0,0,0
SEG046,2024-11-15 08:00:00,East,0.982,0.733,-0.0827,1,0,0,0
SEG046,2024-11-15 09:00:00,East,0.8525,0.656,-0.0021,1,0,0,0
SEG046,2024-11-15 17:00:00,East,1.0,0.887,-0.0819,1,0,0,0
SEG046,2024-11-15 18:00:00,East,0.9595,0.696,-0.063,1,0,0,0
SEG046,2024-11-16 08:00:00,East,0.9402,2.102,-0.0593,1,0,0,0
SEG046,2024-11-18 08:00:00,East,0.9633,1.219,-0.0515,1,0,0,0
SEG046,2024-11-18 17:00:00,East,1.0,1.284,-0.0738,1,0,0,0
SEG046,2024-11-18 18:00:00,East,0.9732,1.266,-0.0422,1,0,0,0
SEG046,2024-11-19 08:00:00,East,0.9765,1.252,-0.0489,1,0,0,0
SEG046,2024-11-19 09:00:00,East,1.0,2.539,-0.0782,1,0,0,0
SEG046,2024-11-19 17:00:00,East,0.9761,1.161,-0.0215,1,0,0,0
SEG046,2024-11-20 08:00:00,East,0.9071,0.257,-0.0237,1,0,0,0
SEG046,2024-11-20 17:00:00,East,0.9641,0.713,-0.0708,1,0,0,0
SEG046,2024-11-21 07:00:00,East,0.9024,0.868,-0.0548,1,0,0,0
SEG046,2024-11-21 08:00:00,East,0.9037,0.115,-0.061,1,0,0,0
SEG046,2024-11-21 17:00:00,East,0.9334,0.437,-0.0066,1,0,0,0
SEG046,2024-11-21 18:00:00,East,0.8938,0.511,-0.0198,1,0,0,0
SEG046,2024-11-22 07:00:00,East,0.8591,0.149,-0.0398,1,0,0,0
SEG046,2024-11-22 08:00:00,East,0.9721,0.608,-0.0586,1,0,0,0
SEG046,2024-11-22 16:00:00,East,0.9276,0.843,-0.0113,1,0,0,0
SEG046,2024-11-22 17:00:00,East,1.0,0.887,-0.0622,1,0,0,0
SEG046,2024-11-22 18:00:00,East,0.9938,1.119,-0.0422,1,0,0,0
SEG046,2024-11-23 08:00:00,East,0.8656,1.358,-0.0173,1,0,0,0
SEG046,2024-11-25 07:00:00,East,0.8447,1.089,-0.0178,1,0,0,0
SEG046,2024-11-25 08:00:00,East,1.0,1.643,-0.0718,1,0,0,0
SEG046,2024-11-25 09:00:00,East,0.8859,1.632,-0.067,1,0,0,0
SEG046,2024-11-25 12:00:00,East,0.8279,1.8,-0.0149,1,0,0,0
SEG046,2024-11-25 17:00:00,East,0.9849,1.089,-0.0834,1,0,0,0
SEG046,2024-11-25 18:00:00,East,0.9119,0.628,-0.0424,1,0,0,0
SEG046,2024-11-26 08:00:00,East,0.979,1.278,-0.0493,1,0,0,0
SEG046,2024-11-26 16:00:00,East,0.84,0.442,-0.0171,1,0,0,0
SEG046,2024-11-26 17:00:00,East,1.0,1.51,-0.0658,1,0,0,0
SEG046,2024-11-26 18:00:00,East,1.0,1.642,-0.0582,1,0,0,0
SEG046,2024-11-26 19:00:00,East,0.7868,1.294,-0.0164,1,0,0,0
SEG046,2024-11-27 16:00:00,East,0.8157,0.208,-0.0003,1,0,0,0
SEG046,2024-11-27 17:00:00,East,1.0,1.154,-0.0822,1,0,0,0
SEG046,2024-11-27 18:00:00,East,1.0,1.605,-0.0718,1,0,0,0
SEG046,2024-11-28 07:00:00,East,0.8942,0.783,-0.036,1,0,0,0
SEG046,2024-11-28 17:00:00,East,1.0,1.278,-0.0757,1,0,0,0
SEG046,2024-11-28 18:00:00,East,1.0,1.703,-0.0794,1,0,0,1
SEG046,2024-11-28 19:00:00,East,0.9404,2.992,-0.0369,1,0,0,0
SEG046,2024-11-29 07:00:00,East,0.9656,1.306,-0.0761,1,0,0,0
SEG046,2024-11-29 08:00:00,East,1.0,0.959,-0.0819,1,0,0,0
SEG046,2024-11-29 15:00:00,East,0.8762,2.058,-0.0214,1,0,0,0
SEG046,2024-11-29 16:00:00,East,0.9671,1.21,-0.0782,1,0,0,0
SEG046,2024-11-29 17:00:00,East,0.9047,-0.563,-0.0293,1,0,0,0
SEG046,2024-11-29 18:00:00,East,1.0,1.196,-0.0718,1,0,0,0
SEG046,2024-11-29 19:00:00,East,1.0,2.993,-0.0678,1,0,0,0
SEG046,2024-11-30 12:00:00,East,1.0,4.373,-0.0733,1,1,1,1
SEG046,2024-12-02 08:00:00,East,1.0,1.643,-0.0591,1,0,0,0
SEG046,2024-12-02 09:00:00,East,0.8245,1.002,-0.013,1,0,0,0
SEG046,2024-12-02 17:00:00,East,0.9781,1.001,-0.0757,1,0,0,0
SEG046,2024-12-02 18:00:00,East,0.8899,0.399,-0.0459,1,0,0,0
SEG046,2024-12-03 09:00:00,East,0.8996,1.573,-0.0466,1,0,0,0
SEG046,2024-12-03 16:00:00,East,0.9292,1.301,-0.0514,1,0,0,0
SEG046,2024-12-03 17:00:00,East,1.0,1.51,-0.059,1,0,0,1
SEG046,2024-12-03 18:00:00,East,0.9266,0.813,-0.0723,1,0,0,0
SEG046,2024-12-04 07:00:00,East,0.8326,0.796,-0.0179,1,0,0,0
SEG046,2024-12-04 08:00:00,East,1.0,1.59,-0.028,1,0,0,0
SEG046,2024-12-04 17:00:00,East,0.8626,-0.531,-0.0505,1,0,0,0
SEG046,2024-12-04 18:00:00,East,1.0,1.605,-0.078,1,0,0,1
SEG046,2024-12-05 08:00:00,East,0.9003,0.077,-0.0689,1,0,0,0
SEG046,2024-12-05 09:00:00,East,0.888,1.23,-0.0241,1,0,0,0
SEG046,2024-12-05 17:00:00,East,0.946,0.596,-0.0319,1,0,0,0
SEG046,2024-12-06 08:00:00,East,0.9946,0.891,-0.0834,1,0,0,0
SEG046,2024-12-06 16:00:00,East,0.9263,0.831,-0.0311,1,0,0,0
SEG046,2024-12-06 17:00:00,East,1.0,0.887,-0.0765,1,0,0,0
SEG046,2024-12-06 18:00:00,East,0.9146,0.142,-0.0396,1,0,0,0
SEG046,2024-12-07 09:00:00,East,0.7813,2.045,-0.0098,1,0,0,0
SEG046,2024-12-07 17:00:00,East,0.8386,1.306,-0.014,1,0,0,0
SEG046,2024-12-09 19:00:00,East,0.7885,1.524,-0.0103,1,0,0,0
SEG046,2024-12-10 16:00:00,East,0.879,0.817,-0.0255,1,0,0,0
SEG046,2024-12-10 17:00:00,East,0.8404,-0.821,-0.0202,1,0,0,0
SEG046,2024-12-10 18:00:00,East,0.8925,0.427,-0.0168,1,0,0,0
SEG046,2024-12-11 07:00:00,East,0.8857,1.467,-0.0175,1,0,0,0
SEG046,2024-12-11 08:00:00,East,0.9465,0.822,-0.0116,1,0,0,0
SEG046,2024-12-11 15:00:00,East,0.8597,2.307,-0.0362,1,0,0,0
SEG046,2024-12-11 17:00:00,East,0.8994,-0.08,-0.0423,1,0,0,0
SEG046,2024-12-11 18:00:00,East,1.0,1.605,-0.075,1,0,0,0
SEG046,2024-12-12 17:00:00,East,0.9837,1.072,-0.0615,1,0,0,0
SEG046,2024-12-12 18:00:00,East,0.9953,1.65,-0.0723,1,0,0,0
SEG046,2024-12-13 08:00:00,East,0.9926,0.866,-0.0608,1,0,0,0
SEG046,2024-12-13 10:00:00,East,0.9056,2.594,-0.0337,1,0,0,0
SEG046,2024-12-13 16:00:00,East,0.941,0.967,-0.0337,1,0,0,0
SEG046,2024-12-13 17:00:00,East,0.8692,-1.103,-0.0352,1,0,0,0
SEG046,2024-12-13 18:00:00,East,0.9914,1.09,-0.0707,1,0,0,0
SEG046,2024-12-16 07:00:00,East,0.8713,1.445,-0.0295,1,0,0,0
SEG046,2024-12-16 17:00:00,East,0.9069,0.08,-0.0627,1,0,0,0
SEG046,2024-12-17 08:00:00,East,1.0,1.495,-0.0765,1,0,0,0
SEG046,2024-12-17 16:00:00,East,0.8136,0.188,-0.0026,1,0,0,0
SEG046,2024-12-17 17:00:00,East,1.0,1.51,-0.075,1,0,0,0
SEG046,2024-12-17 18:00:00,East,0.8625,0.089,-0.0195,1,0,0,0
SEG046,2024-12-18 08:00:00,East,1.0,1.59,-0.0446,1,0,0,0
SEG046,2024-12-18 16:00:00,East,0.8646,0.681,-0.0069,1,0,0,0
SEG046,2024-12-18 17:00:00,East,0.9134,0.092,-0.0322,1,0,0,0
SEG046,2024-12-19 08:00:00,East,0.9377,0.498,-0.0291,1,0,0,0
SEG046,2024-12-19 16:00:00,East,0.9464,1.353,-0.0745,1,0,0,0
SEG046,2024-12-19 17:00:00,East,0.9435,0.565,-0.0343,1,0,0,0
SEG046,2024-12-20 07:00:00,East,0.9146,0.752,-0.0375,1,0,0,0
SEG046,2024-12-20 08:00:00,East,0.972,0.607,-0.075,1,0,0,0
SEG046,2024-12-20 09:00:00,East,0.8709,0.853,-0.0177,1,0,0,0
SEG046,2024-12-20 16:00:00,East,0.9831,1.358,-0.0728,1,0,0,0
SEG046,2024-12-20 17:00:00,East,1.0,0.887,-0.0716,1,0,0,0
SEG046,2024-12-21 17:00:00,East,0.8666,1.618,-0.0168,1,0,0,0
SEG046,2024-12-23 08:00:00,East,0.885,0.314,-0.0321,1,0,0,0
SEG046,2024-12-23 16:00:00,East,0.7871,0.172,-0.0011,1,0,0,0
SEG046,2024-12-23 17:00:00,East,1.0,1.284,-0.0759,1,0,0,0
SEG046,2024-12-23 18:00:00,East,1.0,1.545,-0.0762,1,0,0,1
SEG046,2024-12-23 19:00:00,East,0.9516,3.551,-0.0474,1,1,1,0
SEG046,2024-12-24 07:00:00,East,0.7845,-0.034,-0.0294,1,0,0,0
SEG046,2024-12-24 08:00:00,East,0.931,0.781,-0.0456,1,0,0,0
SEG046,2024-12-24 09:00:00,East,1.0,2.539,-0.0802,1,0,0,1
SEG046,2024-12-24 10:00:00,East,1.0,3.98,-0.0488,1,1,1,0
SEG046,2024-12-24 11:00:00,East,1.0,4.808,-0.0724,1,1,1,0
SEG046,2024-12-24 12:00:00,East,0.8111,2.234,-0.0048,1,0,0,0
SEG046,2024-12-24 17:00:00,East,0.9393,0.623,-0.0342,1,0,0,0
SEG046,2024-12-24 18:00:00,East,0.9319,0.873,-0.0565,1,0,0,0
SEG046,2024-12-25 08:00:00,East,0.9731,1.204,-0.0777,1,0,0,0
SEG046,2024-12-25 17:00:00,East,1.0,1.154,-0.0488,1,0,0,0
SEG046,2024-12-25 18:00:00,East,1.0,1.605,-0.0768,1,0,0,1
SEG046,2024-12-26 08:00:00,East,0.9528,0.668,-0.0703,1,0,0,0
SEG046,2024-12-26 17:00:00,East,1.0,1.278,-0.0761,1,0,0,0
SEG046,2024-12-26 18:00:00,East,0.9644,1.303,-0.0488,1,0,0,0
SEG046,2024-12-26 19:00:00,East,0.8038,1.507,-0.0071,1,0,0,0
SEG046,2024-12-27 07:00:00,East,0.9294,0.913,-0.0698,1,0,0,0
SEG046,2024-12-27 08:00:00,East,0.8637,-0.756,-0.0185,1,0,0,0
SEG046,2024-12-27 16:00:00,East,0.9945,1.464,-0.0786,1,0,0,0
SEG046,2024-12-27 18:00:00,East,1.0,1.196,-0.0582,1,0,0,0
SEG046,2024-12-28 16:00:00,East,1.0,4.076,-0.0536,1,1,1,1
SEG046,2024-12-28 17:00:00,East,1.0,3.106,-0.0812,1,1,1,0
SEG046,2024-12-30 07:00:00,East,0.8986,1.81,-0.0617,1,0,0,0
SEG046,2024-12-30 16:00:00,East,0.9709,2.084,-0.0477,1,0,0,0
SEG046,2024-12-30 17:00:00,East,0.9543,0.693,-0.0214,1,0,0,0
SEG046,2024-12-30 18:00:00,East,0.95,1.024,-0.0671,1,0,0,0
SEG047,2024-01-01 09:00:00,East,1.0,4.377,-0.0232,1,1,1,1
SEG047,2024-01-08 12:00:00,East,1.0,2.916,-0.0177,1,0,0,1
SEG047,2024-01-08 13:00:00,East,0.9771,5.643,-0.0277,1,1,1,0
SEG047,2024-01-10 10:00:00,East,1.0,5.334,-0.0461,1,1,1,1
SEG047,2024-01-12 07:00:00,East,1.0,4.13,-0.026,1,1,1,1
SEG047,2024-01-17 20:00:00,East,1.0,5.903,-0.0099,1,1,1,1
SEG047,2024-01-25 09:00:00,East,1.0,3.692,-0.0136,1,1,1,1
SEG047,2024-02-08 15:00:00,East,1.0,4.731,-0.0255,1,1,1,1
SEG047,2024-02-08 18:00:00,East,1.0,2.892,-0.0133,1,0,0,1
SEG047,2024-02-10 07:00:00,East,1.0,4.712,-0.0003,1,1,1,1
SEG047,2024-02-20 11:00:00,East,0.9876,4.438,-0.0103,1,1,1,1
SEG047,2024-02-23 19:00:00,East,1.0,4.688,-0.047,1,1,1,1
SEG047,2024-02-27 17:00:00,East,1.0,3.031,-0.0308,1,1,1,1
SEG047,2024-02-27 18:00:00,East,1.0,3.151,-0.0607,1,1,1,0
SEG047,2024-03-12 18:00:00,East,1.0,3.151,-0.0028,1,1,1,1
SEG047,2024-03-25 12:00:00,East,1.0,2.916,-0.0207,1,0,0,1
SEG047,2024-04-09 18:00:00,East,1.0,3.151,-0.032,1,1,1,1
SEG047,2024-04-18 14:00:00,East,0.9814,5.896,-0.0263,1,1,1,1
SEG047,2024-04-25 07:00:00,East,1.0,3.485,-0.0485,1,1,1,1
SEG047,2024-04-27 17:00:00,East,1.0,5.421,-0.0092,1,1,1,1
SEG047,2024-04-29 15:00:00,East,1.0,4.321,-0.0379,1,1,1,1
SEG047,2024-05-01 18:00:00,East,1.0,4.297,-0.0037,1,1,1,1
SEG047,2024-05-02 07:00:00,East,1.0,3.485,-0.0518,1,1,1,1
SEG047,2024-05-02 17:00:00,East,1.0,4.88,-0.0035,1,1,1,1
SEG047,2024-05-02 18:00:00,East,1.0,2.892,-0.0137,1,0,0,0
SEG047,2024-05-03 06:00:00,East,0.979,5.31,-0.0168,1,1,1,1
SEG047,2024-05-03 21:00:00,East,1.0,6.11,-0.0089,1,1,1,1
SEG047,2024-05-10 15:00:00,East,1.0,5.998,-0.0155,1,1,1,1
SEG047,2024-05-10 16:00:00,East,1.0,5.443,-0.081,1,1,1,0
SEG047,2024-05-15 11:00:00,East,1.0,4.179,-0.0193,1,1,1,1
SEG047,2024-05-29 08:00:00,East,1.0,3.619,-0.0454,1,1,1,1
SEG047,2024-05-29 09:00:00,East,1.0,4.414,-0.0228,1,1,1,0
SEG047,2024-05-30 12:00:00,East,1.0,4.222,-0.0561,1,1,1,1
SEG047,2024-06-19 08:00:00,East,1.0,3.619,-0.0221,1,1,1,1
SEG047,2024-07-02 07:00:00,East,1.0,5.176,-0.0421,1,1,1,1
SEG047,2024-07-04 18:00:00,East,1.0,2.892,-0.0373,1,0,0,1
SEG047,2024-07-17 06:00:00,East,1.0,6.099,-0.0129,1,1,1,1
SEG047,2024-07-31 18:00:00,East,1.0,4.297,-0.0272,1,1,1,1
SEG047,2024-08-06 16:00:00,East,1.0,4.241,-0.0257,1,1,1,1
SEG047,2024-08-06 17:00:00,East,1.0,3.031,-0.0368,1,1,1,0
SEG047,2024-08-12 21:00:00,East,1.0,6.126,-0.0201,1,1,1,1
SEG047,2024-08-21 11:00:00,East,1.0,4.179,-0.0184,1,1,1,1
SEG047,2024-08-26 11:00:00,East,1.0,4.864,-0.0387,1,1,1,1
SEG047,2024-09-16 12:00:00,East,1.0,2.916,-0.0458,1,0,0,1
SEG047,2024-09-21 19:00:00,East,1.0,5.479,-0.0313,1,1,1,1
SEG047,2024-10-10 10:00:00,East,1.0,5.325,-0.0339,1,1,1,1
SEG047,2024-10-14 10:00:00,East,1.0,3.737,-0.0109,1,1,1,1
SEG047,2024-10-15 20:00:00,East,1.0,5.815,-0.0292,1,1,1,1
SEG047,2024-10-27 16:00:00,East,1.0,6.02,-0.0508,1,1,1,1
SEG047,2024-10-29 21:00:00,East,1.0,6.281,-0.0281,1,1,1,1
SEG047,2024-10-31 07:00:00,East,1.0,3.485,-0.041,1,1,1,1
SEG047,2024-10-31 08:00:00,East,1.0,3.394,-0.0638,1,1,1,0
SEG047,2024-11-01 10:00:00,East,1.0,5.289,-0.0317,1,1,1,1
SEG047,2024-11-02 18:00:00,East,1.0,3.966,-0.0136,1,1,1,1
SEG047,2024-11-05 15:00:00,East,1.0,5.887,-0.0099,1,1,1,1
SEG047,2024-11-05 16:00:00,East,1.0,4.241,-0.0521,1,1,1,0
SEG047,2024-11-11 10:00:00,East,1.0,3.737,-0.0468,1,1,1,1
SEG047,2024-11-13 09:00:00,East,1.0,4.414,-0.0366,1,1,1,1
SEG047,2024-11-13 17:00:00,East,0.9489,4.132,-0.0006,1,1,1,0
SEG047,2024-11-18 12:00:00,East,0.9677,2.749,-0.0047,1,0,0,1
SEG047,2024-11-26 17:00:00,East,1.0,3.031,-0.0057,1,1,1,1
SEG047,2024-11-30 14:00:00,East,1.0,5.462,-0.0262,1,1,1,1
SEG047,2024-12-09 16:00:00,East,1.0,4.39,-0.0259,1,1,1,1
SEG047,2024-12-09 22:00:00,East,1.0,6.217,-0.0266,1,1,1,1
SEG047,2024-12-16 07:00:00,East,1.0,5.029,-0.0451,1,1,1,1
SEG047,2024-12-30 09:00:00,East,1.0,4.377,-0.0225,1,1,1,1
SEG047,2024-12-30 19:00:00,East,1.0,5.593,-0.0129,1,1,1,1
SEG049,2024-01-15 14:00:00,Central,1.0,6.123,-0.0028,1,1,1,1
SEG049,2024-09-15 16:00:00,Central,1.0,6.397,-0.0039,1,1,1,1
SEG050,2024-02-15 18:00:00,North,1.0,2.885,-0.0129,1,0,0,0
SEG050,2024-02-28 08:00:00,North,1.0,2.84,-0.0068,1,0,0,1
SEG050,2024-03-19 18:00:00,North,1.0,2.37,-0.0064,1,0,0,1
SEG050,2024-04-24 17:00:00,North,1.0,2.638,-0.0134,1,0,0,0
SEG050,2024-05-03 18:00:00,North,0.9701,2.224,-0.0062,1,0,0,1
SEG050,2024-05-07 17:00:00,North,0.9335,1.926,-0.0175,1,0,0,0
SEG050,2024-07-19 17:00:00,North,1.0,2.299,-0.0142,1,0,0,1
SEG050,2024-08-30 08:00:00,North,0.8571,1.602,-0.0021,1,0,0,0
SEG050,2024-09-24 17:00:00,North,0.9667,2.177,-0.0145,1,0,0,1
SEG050,2024-10-02 06:00:00,North,1.0,5.3,-0.0013,1,1,1,1
SEG050,2024-10-04 17:00:00,North,0.8761,1.344,-0.0002,1,0,0,0
SEG050,2024-11-22 17:00:00,North,0.8619,1.234,-0.0136,1,0,0,0
SEG050,2024-12-06 17:00:00,North,0.8999,1.527,-0.0096,1,0,0,0
SEG050,2024-12-20 08:00:00,North,0.9635,2.58,-0.0071,1,0,0,1
SEG052,2024-01-23 16:00:00,South,1.0,4.54,-0.0072,1,1,1,1
SEG052,2024-03-07 16:00:00,South,1.0,3.318,-0.0003,1,1,1,1
SEG052,2024-10-15 17:00:00,South,1.0,4.736,-0.0063,1,1,1,1
SEG052,2024-12-04 08:00:00,South,1.0,3.164,-0.0106,1,1,1,1
SEG052,2024-12-06 17:00:00,South,0.8264,2.692,-0.0046,1,0,0,0
SEG053,2024-01-05 10:00:00,South,1.0,3.442,-0.0077,1,1,1,1
SEG053,2024-01-15 14:00:00,South,1.0,5.29,-0.0094,1,1,1,1
SEG053,2024-02-24 22:00:00,South,1.0,5.836,-0.0006,1,1,1,1
SEG053,2024-03-07 10:00:00,South,1.0,3.288,-0.0001,1,1,1,1
SEG053,2024-04-12 08:00:00,South,1.0,2.007,-0.0086,1,0,0,0
SEG053,2024-04-25 07:00:00,South,1.0,2.969,-0.0326,1,0,0,1
SEG053,2024-04-25 08:00:00,South,1.0,2.322,-0.0069,1,0,0,0
SEG053,2024-05-02 08:00:00,South,1.0,2.322,-0.0613,1,0,0,1
SEG053,2024-05-24 17:00:00,South,0.9895,1.437,-0.006,1,0,0,0
SEG053,2024-06-21 18:00:00,South,1.0,1.81,-0.002,1,0,0,1
SEG053,2024-06-21 19:00:00,South,1.0,3.808,-0.0012,1,1,1,0
SEG053,2024-07-22 17:00:00,South,1.0,2.171,-0.0036,1,0,0,1
SEG053,2024-07-25 15:00:00,South,1.0,3.937,-0.0192,1,1,1,0
SEG053,2024-07-25 16:00:00,South,1.0,3.118,-0.003,1,1,1,0
SEG053,2024-08-10 15:00:00,South,1.0,4.383,-0.0061,1,1,1,1
SEG053,2024-08-14 17:00:00,South,0.9883,1.876,-0.0001,1,0,0,0
SEG053,2024-08-17 11:00:00,South,1.0,4.12,-0.0025,1,1,1,1
SEG053,2024-08-20 15:00:00,South,1.0,3.289,-0.0016,1,1,1,1
SEG053,2024-08-23 16:00:00,South,1.0,2.346,-0.0001,1,0,0,1
SEG053,2024-08-27 09:00:00,South,1.0,2.889,-0.0022,1,0,0,1
SEG053,2024-08-30 12:00:00,South,1.0,2.902,-0.0454,1,0,0,1
SEG053,2024-09-21 06:00:00,South,1.0,4.405,-0.0025,1,1,1,1
SEG053,2024-10-08 17:00:00,South,1.0,1.76,-0.0059,1,0,0,1
SEG053,2024-10-08 18:00:00,South,1.0,2.527,-0.0012,1,0,0,0
SEG053,2024-10-11 16:00:00,South,1.0,2.346,-0.0111,1,0,0,1
SEG053,2024-10-12 19:00:00,South,1.0,3.215,-0.0071,1,1,1,1
SEG053,2024-10-23 17:00:00,South,0.9944,1.951,-0.0032,1,0,0,0
SEG053,2024-10-25 10:00:00,South,1.0,3.442,-0.0028,1,1,1,1
SEG053,2024-10-31 05:00:00,South,1.0,3.808,-0.0234,1,1,1,1
SEG053,2024-11-05 14:00:00,South,1.0,4.047,-0.003,1,1,1,1
SEG053,2024-11-15 17:00:00,South,1.0,1.542,-0.0035,1,0,0,0
SEG053,2024-11-29 18:00:00,South,1.0,1.81,-0.0374,1,0,0,0
SEG053,2024-12-10 07:00:00,South,1.0,2.863,-0.0314,1,0,0,1
SEG053,2024-12-18 11:00:00,South,1.0,4.07,-0.0002,1,1,1,1
SEG053,2024-12-20 18:00:00,South,1.0,1.81,-0.0152,1,0,0,1
SEG053,2024-12-22 07:00:00,South,1.0,4.991,-0.0103,1,1,1,0
SEG053,2024-12-23 18:00:00,South,1.0,2.375,-0.0197,1,0,0,1
SEG053,2024-12-30 15:00:00,South,1.0,4.198,-0.004,1,1,1,1
SEG054,2024-04-09 17:00:00,North,1.0,3.498,-0.0009,1,1,1,1
SEG054,2024-04-13 08:00:00,North,1.0,4.306,-0.0039,1,1,1,1
SEG054,2024-07-05 12:00:00,North,1.0,4.574,-0.0076,1,1,1,1
SEG054,2024-12-02 08:00:00,North,1.0,3.134,-0.0006,1,1,1,0
SEG055,2024-01-09 13:00:00,North,1.0,3.968,-0.0381,1,1,1,1
SEG055,2024-01-17 18:00:00,North,1.0,4.065,-0.0495,1,1,1,1
SEG055,2024-01-17 19:00:00,North,1.0,4.097,-0.05,1,1,1,1
SEG055,2024-02-01 08:00:00,North,1.0,3.76,-0.0375,1,1,1,1
SEG055,2024-02-09 12:00:00,North,1.0,5.449,-0.0368,1,1,1,1
SEG055,2024-03-07 09:00:00,North,1.0,4.233,-0.06,1,1,1,1
SEG055,2024-03-08 18:00:00,North,1.0,3.741,-0.0297,1,1,1,1
SEG055,2024-03-21 09:00:00,North,1.0,4.233,-0.0568,1,1,1,1
SEG055,2024-03-21 12:00:00,North,1.0,4.337,-0.0629,1,1,1,1
SEG055,2024-03-22 15:00:00,North,1.0,5.735,-0.058,1,1,1,1
SEG055,2024-03-22 16:00:00,North,1.0,4.14,-0.0559,1,1,1,1
SEG055,2024-03-26 16:00:00,North,1.0,3.709,-0.0503,1,1,1,1
SEG055,2024-04-05 13:00:00,North,1.0,4.667,-0.0563,1,1,1,1
SEG055,2024-04-09 19:00:00,North,1.0,5.743,-0.0418,1,1,1,1
SEG055,2024-04-15 08:00:00,North,1.0,4.075,-0.0449,1,1,1,1
SEG055,2024-04-24 15:00:00,North,1.0,5.572,-0.0857,1,1,1,1
SEG055,2024-04-24 16:00:00,North,1.0,5.458,-0.0365,1,1,1,0
SEG055,2024-05-09 08:00:00,North,1.0,3.76,-0.038,1,1,1,1
SEG055,2024-05-29 06:00:00,North,1.0,5.856,-0.0615,1,1,1,1
SEG055,2024-05-29 07:00:00,North,0.9299,3.733,-0.0122,1,1,1,0
SEG055,2024-05-29 08:00:00,North,0.9298,3.564,-0.0188,1,1,1,0
SEG055,2024-05-29 18:00:00,North,1.0,4.065,-0.0525,1,1,1,1
SEG055,2024-05-31 06:00:00,North,1.0,4.936,-0.0609,1,1,1,1
SEG055,2024-06-03 15:00:00,North,1.0,4.872,-0.0315,1,1,1,1
SEG055,2024-06-05 07:00:00,North,1.0,4.367,-0.0617,1,1,1,1
SEG055,2024-06-05 08:00:00,North,1.0,4.252,-0.0592,1,1,1,0
SEG055,2024-06-11 07:00:00,North,1.0,4.907,-0.0121,1,1,1,1
SEG055,2024-06-11 08:00:00,North,0.9338,4.092,-0.0017,1,1,1,0
SEG055,2024-06-29 06:00:00,North,1.0,4.257,-0.0378,1,1,1,1
SEG055,2024-06-29 14:00:00,North,1.0,5.429,-0.0487,1,1,1,1
SEG055,2024-06-30 13:00:00,North,1.0,5.808,-0.0361,1,1,1,1
SEG055,2024-07-12 18:00:00,North,1.0,3.741,-0.0471,1,1,1,1
SEG055,2024-07-27 17:00:00,North,1.0,5.213,-0.0695,1,1,1,1
SEG055,2024-08-12 08:00:00,North,1.0,4.075,-0.0539,1,1,1,1
SEG055,2024-08-24 08:00:00,North,1.0,3.787,-0.0463,1,1,1,1
SEG055,2024-08-27 16:00:00,North,0.9272,3.125,-0.0121,1,1,1,1
SEG055,2024-09-10 16:00:00,North,0.9732,3.494,-0.0578,1,1,1,1
SEG055,2024-09-17 13:00:00,North,1.0,3.968,-0.0417,1,1,1,1
SEG055,2024-09-18 21:00:00,North,1.0,6.161,-0.0569,1,1,1,1
SEG055,2024-09-20 16:00:00,North,0.9482,3.668,-0.0144,1,1,1,1
SEG055,2024-09-22 14:00:00,North,1.0,6.008,-0.0711,1,1,1,1
SEG055,2024-10-09 11:00:00,North,1.0,6.034,-0.0639,1,1,1,1
SEG055,2024-10-09 17:00:00,North,1.0,4.146,-0.0546,1,1,1,1
SEG055,2024-10-11 21:00:00,North,1.0,6.104,-0.0684,1,1,1,1
SEG055,2024-10-24 12:00:00,North,1.0,4.337,-0.0568,1,1,1,1
SEG055,2024-11-01 05:00:00,North,1.0,6.444,-0.0852,1,1,1,1
SEG055,2024-11-01 07:00:00,North,1.0,4.069,-0.0492,1,1,1,0
SEG055,2024-11-04 10:00:00,North,1.0,5.303,-0.0349,1,1,1,1
SEG055,2024-11-09 19:00:00,North,1.0,5.559,-0.052,1,1,1,1
SEG055,2024-11-10 06:00:00,North,1.0,6.399,-0.0391,1,1,1,1
SEG055,2024-11-10 21:00:00,North,0.8123,5.948,-0.0097,1,1,1,1
SEG055,2024-11-12 05:00:00,North,1.0,6.361,-0.0551,1,1,1,1
SEG055,2024-11-13 19:00:00,North,1.0,4.097,-0.0563,1,1,1,1
SEG055,2024-11-25 18:00:00,North,1.0,4.918,-0.0687,1,1,1,1
SEG055,2024-11-25 19:00:00,North,1.0,5.151,-0.0347,1,1,1,0
SEG055,2024-11-30 06:00:00,North,1.0,4.257,-0.0263,1,1,1,1
SEG055,2024-11-30 08:00:00,North,1.0,3.787,-0.0434,1,1,1,1
SEG055,2024-12-01 17:00:00,North,1.0,5.676,-0.043,1,1,1,1
SEG055,2024-12-06 19:00:00,North,1.0,5.643,-0.0496,1,1,1,1
SEG055,2024-12-10 15:00:00,North,1.0,5.375,-0.0677,1,1,1,1
SEG055,2024-12-21 18:00:00,North,1.0,4.515,-0.0393,1,1,1,1
SEG055,2024-12-23 09:00:00,North,1.0,4.295,-0.0627,1,1,1,1
SEG056,2024-01-26 17:00:00,West,1.0,2.948,-0.0187,1,0,0,1
SEG056,2024-06-27 07:00:00,West,1.0,3.765,-0.0212,1,1,1,1
SEG056,2024-11-12 07:00:00,West,1.0,3.304,-0.0021,1,1,1,1
SEG056,2024-12-29 16:00:00,West,1.0,6.106,-0.0036,1,1,1,1
SEG057,2024-02-22 13:00:00,Central,1.0,3.51,-0.0119,1,1,1,1
SEG057,2024-09-19 17:00:00,Central,1.0,2.939,-0.001,1,0,0,0
SEG057,2024-11-21 07:00:00,Central,1.0,3.216,-0.0078,1,1,1,0
SEG058,2024-03-05 18:00:00,North,1.0,4.648,-0.0032,1,1,1,0
SEG058,2024-03-12 16:00:00,North,1.0,4.052,-0.0096,1,1,1,1
SEG059,2024-01-16 18:00:00,South,0.8372,1.232,-0.0041,1,0,0,0
SEG059,2024-01-17 18:00:00,South,0.8598,1.303,-0.0053,1,0,0,0
SEG059,2024-01-18 08:00:00,South,0.8327,1.135,-0.0001,1,0,0,0
SEG059,2024-01-25 18:00:00,South,0.7928,0.888,-0.0022,1,0,0,0
SEG059,2024-02-02 18:00:00,South,0.76,0.722,-0.0019,1,0,0,0
SEG059,2024-02-07 08:00:00,South,0.7904,0.713,-0.0026,1,0,0,0
SEG059,2024-02-08 17:00:00,South,0.8998,1.418,-0.0075,1,0,0,0
SEG059,2024-02-16 09:00:00,South,1.0,2.094,-0.0112,1,0,0,0
SEG059,2024-02-23 18:00:00,South,0.8251,1.417,-0.0006,1,0,0,0
SEG059,2024-03-18 08:00:00,South,1.0,3.087,-0.0176,1,1,1,1
SEG059,2024-05-03 17:00:00,South,0.8526,1.178,-0.0073,1,0,0,0
SEG059,2024-05-06 18:00:00,South,0.8256,1.627,-0.0041,1,0,0,0
SEG059,2024-05-14 08:00:00,South,1.0,2.335,-0.0111,1,0,0,0
SEG059,2024-05-24 08:00:00,South,1.0,2.298,-0.0104,1,0,0,0
SEG059,2024-06-11 08:00:00,South,1.0,2.335,-0.0127,1,0,0,1
SEG059,2024-06-14 17:00:00,South,0.8144,0.75,-0.0066,1,0,0,0
SEG059,2024-06-21 18:00:00,South,0.8586,1.774,-0.0034,1,0,0,0
SEG059,2024-07-01 18:00:00,South,1.0,3.304,-0.0258,1,1,1,0
SEG059,2024-07-11 09:00:00,South,1.0,1.999,-0.0161,1,0,0,1
SEG059,2024-07-12 08:00:00,South,0.8062,0.651,-0.0075,1,0,0,0
SEG059,2024-07-23 08:00:00,South,0.8428,1.127,-0.0126,1,0,0,0
SEG059,2024-07-26 08:00:00,South,0.8592,1.101,-0.0055,1,0,0,0
SEG059,2024-07-31 08:00:00,South,0.8131,0.91,-0.0012,1,0,0,0
SEG059,2024-08-05 18:00:00,South,1.0,3.304,-0.0161,1,1,1,1
SEG059,2024-08-15 17:00:00,South,1.0,2.242,-0.0127,1,0,0,1
SEG059,2024-08-22 08:00:00,South,1.0,2.714,-0.0004,1,0,0,1
SEG059,2024-08-22 16:00:00,South,1.0,2.448,-0.0001,1,0,0,1
SEG059,2024-09-12 08:00:00,South,0.8055,0.879,-0.0077,1,0,0,0
SEG059,2024-09-23 17:00:00,South,0.8075,1.412,-0.0008,1,0,0,0
SEG059,2024-09-25 17:00:00,South,0.8842,1.148,-0.0084,1,0,0,0
SEG059,2024-10-02 17:00:00,South,1.0,2.109,-0.0137,1,0,0,0
SEG059,2024-10-09 17:00:00,South,0.8564,0.917,-0.016,1,0,0,0
SEG059,2024-10-17 08:00:00,South,0.8445,1.247,-0.0062,1,0,0,0
SEG059,2024-10-23 17:00:00,South,0.9128,1.385,-0.0077,1,0,0,0
SEG059,2024-10-25 17:00:00,South,0.8524,1.176,-0.0013,1,0,0,0
SEG059,2024-11-01 08:00:00,South,0.8094,0.678,-0.0044,1,0,0,0
SEG059,2024-11-06 17:00:00,South,0.7776,0.263,-0.0059,1,0,0,0
SEG059,2024-11-08 17:00:00,South,0.8319,0.947,-0.0023,1,0,0,0
SEG059,2024-11-14 17:00:00,South,1.0,2.242,-0.0192,1,0,0,0
SEG059,2024-11-20 08:00:00,South,0.8106,0.889,-0.0011,1,0,0,0
SEG059,2024-11-21 17:00:00,South,0.8513,1.018,-0.0018,1,0,0,0
SEG059,2024-11-26 17:00:00,South,0.9086,1.898,-0.0108,1,0,0,0
SEG059,2024-11-29 08:00:00,South,0.8646,1.147,-0.0212,1,0,0,0
SEG059,2024-11-29 17:00:00,South,0.9457,2.221,-0.0254,1,0,0,0
SEG059,2024-12-12 17:00:00,South,0.8608,1.097,-0.0135,1,0,0,0
SEG059,2024-12-17 08:00:00,South,0.918,1.705,-0.012,1,0,0,0
SEG059,2024-12-23 17:00:00,South,0.9021,2.382,-0.0017,1,0,0,1
SEG060,2024-07-05 08:00:00,East,0.934,2.415,-0.0097,1,0,0,1
SEG060,2024-10-01 18:00:00,East,0.9385,2.557,-0.0076,1,0,0,1
SEG060,2024-11-21 17:00:00,East,0.8364,2.311,-0.0076,1,0,0,0
